[2025-09-13 06:33:21] 开始执行 convert.sh
[2025-09-13 06:33:21] 工作目录：/home/runner/work/Rule-for-OCD/Rule-for-OCD
[2025-09-13 06:33:21] 规则目录：./rule/Clash
[2025-09-13 06:33:21] 阶段：.list -> .yaml/.txt（下载并规范化）
[2025-09-13 06:33:21] 处理 list 文件：./DingTalk/DingTalk.list
[2025-09-13 06:33:21] 下载并规范化 payload -> ./DingTalk/DingTalk_OCD_Domain.yaml (md5 68477e8c054267a720c123a27fa26175)
[2025-09-13 06:33:21] 下载并规范化 payload -> ./DingTalk/DingTalk_OCD_IP.yaml (md5 a3f0fcb0f3a069ccf0bd8c58ad840a8b)
[2025-09-13 06:33:21] 处理 list 文件：./WoLai/WoLai.list
[2025-09-13 06:33:21] 下载并规范化 payload -> ./WoLai/WoLai_OCD_Domain.yaml (md5 305dabbeac5c0b1ab045a92b99594967)
[2025-09-13 06:33:21] 下载并规范化 payload -> ./WoLai/WoLai_OCD_IP.yaml (md5 a3f0fcb0f3a069ccf0bd8c58ad840a8b)
[2025-09-13 06:33:21] 处理 list 文件：./Sina/Sina.list
[2025-09-13 06:33:21] 下载并规范化 payload -> ./Sina/Sina_OCD_Domain.yaml (md5 47f49365d4492337e9bfc295896a0372)
[2025-09-13 06:33:21] 下载并规范化 payload -> ./Sina/Sina_OCD_IP.yaml (md5 a3f0fcb0f3a069ccf0bd8c58ad840a8b)
[2025-09-13 06:33:21] 处理 list 文件：./LinkedIn/LinkedIn.list
[2025-09-13 06:33:21] 下载并规范化 payload -> ./LinkedIn/LinkedIn_OCD_Domain.yaml (md5 c91535f6432fd08511cc18ca20e379ba)
[2025-09-13 06:33:21] 下载并规范化 payload -> ./LinkedIn/LinkedIn_OCD_IP.yaml (md5 a3f0fcb0f3a069ccf0bd8c58ad840a8b)
[2025-09-13 06:33:21] 处理 list 文件：./PotatoChat/PotatoChat.list
[2025-09-13 06:33:21] 下载并规范化 payload -> ./PotatoChat/PotatoChat_OCD_Domain.yaml (md5 bf283cdb142326ac594529204aea1969)
[2025-09-13 06:33:21] 下载并规范化 payload -> ./PotatoChat/PotatoChat_OCD_IP.yaml (md5 d2ec6f8378af068503cf6f9d76067061)
[2025-09-13 06:33:21] 处理 list 文件：./HBOUSA/HBOUSA.list
[2025-09-13 06:33:21] 下载并规范化 payload -> ./HBOUSA/HBOUSA_OCD_Domain.yaml (md5 23f2bcef0f8bab91e48fb90986845ac9)
[2025-09-13 06:33:21] 下载并规范化 payload -> ./HBOUSA/HBOUSA_OCD_IP.yaml (md5 a3f0fcb0f3a069ccf0bd8c58ad840a8b)
[2025-09-13 06:33:21] 处理 list 文件：./Rakuten/Rakuten.list
[2025-09-13 06:33:22] 下载并规范化 payload -> ./Rakuten/Rakuten_OCD_Domain.yaml (md5 15bf9d8c8fbc13a098845384b4b1fa8a)
[2025-09-13 06:33:22] 下载并规范化 payload -> ./Rakuten/Rakuten_OCD_IP.yaml (md5 a3f0fcb0f3a069ccf0bd8c58ad840a8b)
[2025-09-13 06:33:22] 处理 list 文件：./6JianFang/6JianFang.list
[2025-09-13 06:33:22] 下载并规范化 payload -> ./6JianFang/6JianFang_OCD_Domain.yaml (md5 eb4813e7a91fca3fc7267817530ade7e)
[2025-09-13 06:33:22] 下载并规范化 payload -> ./6JianFang/6JianFang_OCD_IP.yaml (md5 a3f0fcb0f3a069ccf0bd8c58ad840a8b)
[2025-09-13 06:33:22] 处理 list 文件：./Bestbuy/Bestbuy.list
[2025-09-13 06:33:22] 下载并规范化 payload -> ./Bestbuy/Bestbuy_OCD_Domain.yaml (md5 1d8a79d3a30566c893e033157492c992)
[2025-09-13 06:33:22] 下载并规范化 payload -> ./Bestbuy/Bestbuy_OCD_IP.yaml (md5 a3f0fcb0f3a069ccf0bd8c58ad840a8b)
[2025-09-13 06:33:22] 处理 list 文件：./PChomeTW/PChomeTW.list
[2025-09-13 06:33:22] 下载并规范化 payload -> ./PChomeTW/PChomeTW_OCD_Domain.yaml (md5 7de5e89371e7ad1850c3e15a35ff4dc1)
[2025-09-13 06:33:22] 下载并规范化 payload -> ./PChomeTW/PChomeTW_OCD_IP.yaml (md5 a3f0fcb0f3a069ccf0bd8c58ad840a8b)
[2025-09-13 06:33:22] 处理 list 文件：./Facebook/Facebook.list
[2025-09-13 06:33:22] 下载并规范化 payload -> ./Facebook/Facebook_OCD_Domain.yaml (md5 b49b9e8ec43720e41ba3c1b1f1385ace)
[2025-09-13 06:33:22] 下载并规范化 payload -> ./Facebook/Facebook_OCD_IP.yaml (md5 bfbe42d5ccdad93ebc2066f8f3cebefe)
[2025-09-13 06:33:22] 处理 list 文件：./LanZouYun/LanZouYun.list
[2025-09-13 06:33:22] 下载并规范化 payload -> ./LanZouYun/LanZouYun_OCD_Domain.yaml (md5 d3e96f642fdeb94735f11413a04c1a9f)
[2025-09-13 06:33:22] 下载并规范化 payload -> ./LanZouYun/LanZouYun_OCD_IP.yaml (md5 a3f0fcb0f3a069ccf0bd8c58ad840a8b)
[2025-09-13 06:33:22] 处理 list 文件：./Tmdb/Tmdb.list
[2025-09-13 06:33:22] 下载并规范化 payload -> ./Tmdb/Tmdb_OCD_Domain.yaml (md5 461640aa0f17f99290fc6f6ffb135c78)
[2025-09-13 06:33:22] 下载并规范化 payload -> ./Tmdb/Tmdb_OCD_IP.yaml (md5 a3f0fcb0f3a069ccf0bd8c58ad840a8b)
[2025-09-13 06:33:22] 处理 list 文件：./DouBan/DouBan.list
[2025-09-13 06:33:22] 下载并规范化 payload -> ./DouBan/DouBan_OCD_Domain.yaml (md5 2d8475c50d2e320f83e4d57a79ca3945)
[2025-09-13 06:33:22] 下载并规范化 payload -> ./DouBan/DouBan_OCD_IP.yaml (md5 a3f0fcb0f3a069ccf0bd8c58ad840a8b)
[2025-09-13 06:33:22] 处理 list 文件：./Civitai/Civitai.list
[2025-09-13 06:33:22] 下载并规范化 payload -> ./Civitai/Civitai_OCD_Domain.yaml (md5 6dfc9df814467f14ea4f02e72de15425)
[2025-09-13 06:33:22] 下载并规范化 payload -> ./Civitai/Civitai_OCD_IP.yaml (md5 a3f0fcb0f3a069ccf0bd8c58ad840a8b)
[2025-09-13 06:33:22] 处理 list 文件：./GovCN/GovCN.list
[2025-09-13 06:33:22] 下载并规范化 payload -> ./GovCN/GovCN_OCD_Domain.yaml (md5 0cf3994e342f1d015949fec4d0557459)
[2025-09-13 06:33:22] 下载并规范化 payload -> ./GovCN/GovCN_OCD_IP.yaml (md5 a3f0fcb0f3a069ccf0bd8c58ad840a8b)
[2025-09-13 06:33:22] 处理 list 文件：./Overwatch/Overwatch.list
[2025-09-13 06:33:22] 下载并规范化 payload -> ./Overwatch/Overwatch_OCD_Domain.yaml (md5 bf283cdb142326ac594529204aea1969)
[2025-09-13 06:33:22] 下载并规范化 payload -> ./Overwatch/Overwatch_OCD_IP.yaml (md5 fed51f5e4bc9e028253278212bf29f25)
[2025-09-13 06:33:22] 处理 list 文件：./Qobuz/Qobuz.list
[2025-09-13 06:33:22] 下载并规范化 payload -> ./Qobuz/Qobuz_OCD_Domain.yaml (md5 bf20a215a2a183c8708e5d655ef9b8e3)
[2025-09-13 06:33:22] 下载并规范化 payload -> ./Qobuz/Qobuz_OCD_IP.yaml (md5 d98531f06652c4a4e40b25b71567fdb4)
[2025-09-13 06:33:22] 处理 list 文件：./FuboTV/FuboTV.list
[2025-09-13 06:33:22] 下载并规范化 payload -> ./FuboTV/FuboTV_OCD_Domain.yaml (md5 e3209b114905512d1452f2757e0fa46b)
[2025-09-13 06:33:22] 下载并规范化 payload -> ./FuboTV/FuboTV_OCD_IP.yaml (md5 a3f0fcb0f3a069ccf0bd8c58ad840a8b)
[2025-09-13 06:33:22] 处理 list 文件：./Shopify/Shopify.list
[2025-09-13 06:33:22] 下载并规范化 payload -> ./Shopify/Shopify_OCD_Domain.yaml (md5 8afb640799f7e5380ac840928e831103)
[2025-09-13 06:33:22] 下载并规范化 payload -> ./Shopify/Shopify_OCD_IP.yaml (md5 a3f0fcb0f3a069ccf0bd8c58ad840a8b)
[2025-09-13 06:33:22] 处理 list 文件：./Cloudflarecn/Cloudflarecn.list
[2025-09-13 06:33:22] 下载并规范化 payload -> ./Cloudflarecn/Cloudflarecn_OCD_Domain.yaml (md5 7259e926a2ef47983adf99ce666b4f60)
[2025-09-13 06:33:22] 下载并规范化 payload -> ./Cloudflarecn/Cloudflarecn_OCD_IP.yaml (md5 a3f0fcb0f3a069ccf0bd8c58ad840a8b)
[2025-09-13 06:33:22] 处理 list 文件：./Douyu/Douyu.list
[2025-09-13 06:33:22] 下载并规范化 payload -> ./Douyu/Douyu_OCD_Domain.yaml (md5 d70417f0973536391ed82a11ede99944)
[2025-09-13 06:33:22] 下载并规范化 payload -> ./Douyu/Douyu_OCD_IP.yaml (md5 a3f0fcb0f3a069ccf0bd8c58ad840a8b)
[2025-09-13 06:33:22] 处理 list 文件：./HuaShuTV/HuaShuTV.list
[2025-09-13 06:33:22] 下载并规范化 payload -> ./HuaShuTV/HuaShuTV_OCD_Domain.yaml (md5 c2b73f779d3999b7ee3038a834dafe3f)
[2025-09-13 06:33:22] 下载并规范化 payload -> ./HuaShuTV/HuaShuTV_OCD_IP.yaml (md5 a3f0fcb0f3a069ccf0bd8c58ad840a8b)
[2025-09-13 06:33:22] 处理 list 文件：./Battle/Battle.list
[2025-09-13 06:33:22] 下载并规范化 payload -> ./Battle/Battle_OCD_Domain.yaml (md5 3e8f14d593396d4b55c5145743ec8189)
[2025-09-13 06:33:22] 下载并规范化 payload -> ./Battle/Battle_OCD_IP.yaml (md5 a3f0fcb0f3a069ccf0bd8c58ad840a8b)
[2025-09-13 06:33:22] 处理 list 文件：./Akamai/Akamai.list
[2025-09-13 06:33:22] 下载并规范化 payload -> ./Akamai/Akamai_OCD_Domain.yaml (md5 0f14c281d3d3e8864e5b9dc7838e0b6a)
[2025-09-13 06:33:22] 下载并规范化 payload -> ./Akamai/Akamai_OCD_IP.yaml (md5 a3f0fcb0f3a069ccf0bd8c58ad840a8b)
[2025-09-13 06:33:22] 处理 list 文件：./Nvidia/Nvidia.list
[2025-09-13 06:33:22] 下载并规范化 payload -> ./Nvidia/Nvidia_OCD_Domain.yaml (md5 10b596557266394290044a0a176caf68)
[2025-09-13 06:33:22] 下载并规范化 payload -> ./Nvidia/Nvidia_OCD_IP.yaml (md5 a3f0fcb0f3a069ccf0bd8c58ad840a8b)
[2025-09-13 06:33:22] 处理 list 文件：./Zalo/Zalo.list
[2025-09-13 06:33:22] 下载并规范化 payload -> ./Zalo/Zalo_OCD_Domain.yaml (md5 b3d31a43bf1c1af5aa386f32d1f81746)
[2025-09-13 06:33:22] 下载并规范化 payload -> ./Zalo/Zalo_OCD_IP.yaml (md5 a3f0fcb0f3a069ccf0bd8c58ad840a8b)
[2025-09-13 06:33:22] 处理 list 文件：./SuNing/SuNing.list
[2025-09-13 06:33:22] 下载并规范化 payload -> ./SuNing/SuNing_OCD_Domain.yaml (md5 a231d5077503f44074c40909d6d2be12)
[2025-09-13 06:33:22] 下载并规范化 payload -> ./SuNing/SuNing_OCD_IP.yaml (md5 a3f0fcb0f3a069ccf0bd8c58ad840a8b)
[2025-09-13 06:33:22] 处理 list 文件：./ZhangYue/ZhangYue.list
[2025-09-13 06:33:23] 下载并规范化 payload -> ./ZhangYue/ZhangYue_OCD_Domain.yaml (md5 a18ff928011d5b2b8b8b43295aaf76f1)
[2025-09-13 06:33:23] 下载并规范化 payload -> ./ZhangYue/ZhangYue_OCD_IP.yaml (md5 a3f0fcb0f3a069ccf0bd8c58ad840a8b)
[2025-09-13 06:33:23] 处理 list 文件：./Dandanplay/Dandanplay.list
[2025-09-13 06:33:23] 下载并规范化 payload -> ./Dandanplay/Dandanplay_OCD_Domain.yaml (md5 c625cd38aedf23798286f8f0520087ae)
[2025-09-13 06:33:23] 下载并规范化 payload -> ./Dandanplay/Dandanplay_OCD_IP.yaml (md5 a3f0fcb0f3a069ccf0bd8c58ad840a8b)
[2025-09-13 06:33:23] 处理 list 文件：./AmazonTrust/AmazonTrust.list
[2025-09-13 06:33:23] 下载并规范化 payload -> ./AmazonTrust/AmazonTrust_OCD_Domain.yaml (md5 141f40bf3f5b1ada305d348819596de5)
[2025-09-13 06:33:23] 下载并规范化 payload -> ./AmazonTrust/AmazonTrust_OCD_IP.yaml (md5 a3f0fcb0f3a069ccf0bd8c58ad840a8b)
[2025-09-13 06:33:23] 处理 list 文件：./PChome/PChome.list
[2025-09-13 06:33:23] 下载并规范化 payload -> ./PChome/PChome_OCD_Domain.yaml (md5 7de5e89371e7ad1850c3e15a35ff4dc1)
[2025-09-13 06:33:23] 下载并规范化 payload -> ./PChome/PChome_OCD_IP.yaml (md5 a3f0fcb0f3a069ccf0bd8c58ad840a8b)
[2025-09-13 06:33:23] 处理 list 文件：./KuaiDi100/KuaiDi100.list
[2025-09-13 06:33:23] 下载并规范化 payload -> ./KuaiDi100/KuaiDi100_OCD_Domain.yaml (md5 4cef3f8b7c3b38dc8d5d058a8affa07c)
[2025-09-13 06:33:23] 下载并规范化 payload -> ./KuaiDi100/KuaiDi100_OCD_IP.yaml (md5 a3f0fcb0f3a069ccf0bd8c58ad840a8b)
[2025-09-13 06:33:23] 处理 list 文件：./Limelight/Limelight.list
[2025-09-13 06:33:23] 下载并规范化 payload -> ./Limelight/Limelight_OCD_Domain.yaml (md5 645b6afd740ac92d68dc08dc9b9f7339)
[2025-09-13 06:33:23] 下载并规范化 payload -> ./Limelight/Limelight_OCD_IP.yaml (md5 a3f0fcb0f3a069ccf0bd8c58ad840a8b)
[2025-09-13 06:33:23] 处理 list 文件：./CIBN/CIBN.list
[2025-09-13 06:33:23] 下载并规范化 payload -> ./CIBN/CIBN_OCD_Domain.yaml (md5 ca1cc6cf83923ad1ed4db47a85e3b46b)
[2025-09-13 06:33:23] 下载并规范化 payload -> ./CIBN/CIBN_OCD_IP.yaml (md5 a3f0fcb0f3a069ccf0bd8c58ad840a8b)
[2025-09-13 06:33:23] 处理 list 文件：./NGAA/NGAA.list
[2025-09-13 06:33:23] 下载并规范化 payload -> ./NGAA/NGAA_OCD_Domain.yaml (md5 6b713534987935ad7d98a94f999d3bef)
[2025-09-13 06:33:23] 下载并规范化 payload -> ./NGAA/NGAA_OCD_IP.yaml (md5 a3f0fcb0f3a069ccf0bd8c58ad840a8b)
[2025-09-13 06:33:23] 处理 list 文件：./XiamiMusic/XiamiMusic.list
[2025-09-13 06:33:23] 下载并规范化 payload -> ./XiamiMusic/XiamiMusic_OCD_Domain.yaml (md5 186482aad531a8a16cca65bc94ad1383)
[2025-09-13 06:33:23] 下载并规范化 payload -> ./XiamiMusic/XiamiMusic_OCD_IP.yaml (md5 a3f0fcb0f3a069ccf0bd8c58ad840a8b)
[2025-09-13 06:33:23] 处理 list 文件：./9News/9News.list
[2025-09-13 06:33:23] 下载并规范化 payload -> ./9News/9News_OCD_Domain.yaml (md5 a8040d30cd6b32bb3f24d07cda39f2b8)
[2025-09-13 06:33:23] 下载并规范化 payload -> ./9News/9News_OCD_IP.yaml (md5 a3f0fcb0f3a069ccf0bd8c58ad840a8b)
[2025-09-13 06:33:23] 处理 list 文件：./AddToAny/AddToAny.list
[2025-09-13 06:33:23] 下载并规范化 payload -> ./AddToAny/AddToAny_OCD_Domain.yaml (md5 a1c44d59b0a6bfdf8adf377e5d366452)
[2025-09-13 06:33:23] 下载并规范化 payload -> ./AddToAny/AddToAny_OCD_IP.yaml (md5 a3f0fcb0f3a069ccf0bd8c58ad840a8b)
[2025-09-13 06:33:23] 处理 list 文件：./360/360.list
[2025-09-13 06:33:23] 下载并规范化 payload -> ./360/360_OCD_Domain.yaml (md5 c7524e7ceef457f8b3d909c83835ce69)
[2025-09-13 06:33:23] 下载并规范化 payload -> ./360/360_OCD_IP.yaml (md5 a3f0fcb0f3a069ccf0bd8c58ad840a8b)
[2025-09-13 06:33:23] 处理 list 文件：./HuluUSA/HuluUSA.list
[2025-09-13 06:33:23] 下载并规范化 payload -> ./HuluUSA/HuluUSA_OCD_Domain.yaml (md5 70ec31a40faf3899343085c1f369420e)
[2025-09-13 06:33:23] 下载并规范化 payload -> ./HuluUSA/HuluUSA_OCD_IP.yaml (md5 a3f0fcb0f3a069ccf0bd8c58ad840a8b)
[2025-09-13 06:33:23] 处理 list 文件：./Classic/Classic.list
[2025-09-13 06:33:23] 下载并规范化 payload -> ./Classic/Classic_OCD_Domain.yaml (md5 dded18ef00891145ba7db0e14e307c08)
[2025-09-13 06:33:23] 下载并规范化 payload -> ./Classic/Classic_OCD_IP.yaml (md5 a3f0fcb0f3a069ccf0bd8c58ad840a8b)
[2025-09-13 06:33:23] 处理 list 文件：./Westerndigital/Westerndigital.list
[2025-09-13 06:33:23] 下载并规范化 payload -> ./Westerndigital/Westerndigital_OCD_Domain.yaml (md5 f98b3d191d5500bbed479f06b3f00fee)
[2025-09-13 06:33:23] 下载并规范化 payload -> ./Westerndigital/Westerndigital_OCD_IP.yaml (md5 a3f0fcb0f3a069ccf0bd8c58ad840a8b)
[2025-09-13 06:33:23] 处理 list 文件：./Shanling/Shanling.list
[2025-09-13 06:33:23] 下载并规范化 payload -> ./Shanling/Shanling_OCD_Domain.yaml (md5 0e36da7a7c1f4ed5d9126d23dfce2b2b)
[2025-09-13 06:33:23] 下载并规范化 payload -> ./Shanling/Shanling_OCD_IP.yaml (md5 a3f0fcb0f3a069ccf0bd8c58ad840a8b)
[2025-09-13 06:33:23] 处理 list 文件：./GitLab/GitLab.list
[2025-09-13 06:33:23] 下载并规范化 payload -> ./GitLab/GitLab_OCD_Domain.yaml (md5 c1ff92137843ccb4df6f2140ff8cfe3a)
[2025-09-13 06:33:23] 下载并规范化 payload -> ./GitLab/GitLab_OCD_IP.yaml (md5 a3f0fcb0f3a069ccf0bd8c58ad840a8b)
[2025-09-13 06:33:23] 处理 list 文件：./Overcast/Overcast.list
[2025-09-13 06:33:23] 下载并规范化 payload -> ./Overcast/Overcast_OCD_Domain.yaml (md5 63469ffd52293a8376043e47f00e3268)
[2025-09-13 06:33:23] 下载并规范化 payload -> ./Overcast/Overcast_OCD_IP.yaml (md5 a3f0fcb0f3a069ccf0bd8c58ad840a8b)
[2025-09-13 06:33:23] 处理 list 文件：./17173/17173.list
[2025-09-13 06:33:23] 下载并规范化 payload -> ./17173/17173_OCD_Domain.yaml (md5 011a8a2b241671d4fa90457e8217c48d)
[2025-09-13 06:33:23] 下载并规范化 payload -> ./17173/17173_OCD_IP.yaml (md5 a3f0fcb0f3a069ccf0bd8c58ad840a8b)
[2025-09-13 06:33:23] 处理 list 文件：./UnionPay/UnionPay.list
[2025-09-13 06:33:23] 下载并规范化 payload -> ./UnionPay/UnionPay_OCD_Domain.yaml (md5 261d9dc91e270112b2ebc0b52a7c5061)
[2025-09-13 06:33:23] 下载并规范化 payload -> ./UnionPay/UnionPay_OCD_IP.yaml (md5 a3f0fcb0f3a069ccf0bd8c58ad840a8b)
[2025-09-13 06:33:23] 处理 list 文件：./KakaoTalk/KakaoTalk.list
[2025-09-13 06:33:23] 下载并规范化 payload -> ./KakaoTalk/KakaoTalk_OCD_Domain.yaml (md5 d7ad0596a8c722a648b776d5b2571675)
[2025-09-13 06:33:23] 下载并规范化 payload -> ./KakaoTalk/KakaoTalk_OCD_IP.yaml (md5 eb3fce64888db6bf44e6c8b14dccad80)
[2025-09-13 06:33:23] 处理 list 文件：./Line/Line.list
[2025-09-13 06:33:23] 下载并规范化 payload -> ./Line/Line_OCD_Domain.yaml (md5 db4476ffbf8af6e0f06c73870b39028d)
[2025-09-13 06:33:23] 下载并规范化 payload -> ./Line/Line_OCD_IP.yaml (md5 7629cfe43037c48926a0fb49251b660d)
[2025-09-13 06:33:23] 处理 list 文件：./Nikkei/Nikkei.list
[2025-09-13 06:33:24] 下载并规范化 payload -> ./Nikkei/Nikkei_OCD_Domain.yaml (md5 0f8f79e0f21b7b2a1a7088def3754fa9)
[2025-09-13 06:33:24] 下载并规范化 payload -> ./Nikkei/Nikkei_OCD_IP.yaml (md5 a3f0fcb0f3a069ccf0bd8c58ad840a8b)
[2025-09-13 06:33:24] 处理 list 文件：./Blizzard/Blizzard.list
[2025-09-13 06:33:24] 下载并规范化 payload -> ./Blizzard/Blizzard_OCD_Domain.yaml (md5 7274e4c9671ecb59e2da7baa94d8cf4e)
[2025-09-13 06:33:24] 下载并规范化 payload -> ./Blizzard/Blizzard_OCD_IP.yaml (md5 7e1f5c943620b31de05d5acbab7aeeba)
[2025-09-13 06:33:24] 处理 list 文件：./Ali213/Ali213.list
[2025-09-13 06:33:24] 下载并规范化 payload -> ./Ali213/Ali213_OCD_Domain.yaml (md5 11e70a418eb01b8dca7ff67c6b47bae2)
[2025-09-13 06:33:24] 下载并规范化 payload -> ./Ali213/Ali213_OCD_IP.yaml (md5 a3f0fcb0f3a069ccf0bd8c58ad840a8b)
[2025-09-13 06:33:24] 处理 list 文件：./Nintendo/Nintendo.list
[2025-09-13 06:33:24] 下载并规范化 payload -> ./Nintendo/Nintendo_OCD_Domain.yaml (md5 23e0e455d8c8c48d546e4a725a8e627b)
[2025-09-13 06:33:24] 下载并规范化 payload -> ./Nintendo/Nintendo_OCD_IP.yaml (md5 a7ce79305a10abcfa140f4fe2ec440bd)
[2025-09-13 06:33:24] 处理 list 文件：./Binance/Binance.list
[2025-09-13 06:33:24] 下载并规范化 payload -> ./Binance/Binance_OCD_Domain.yaml (md5 540c4b8d5719debf68efcc1b22db17c2)
[2025-09-13 06:33:24] 下载并规范化 payload -> ./Binance/Binance_OCD_IP.yaml (md5 a3f0fcb0f3a069ccf0bd8c58ad840a8b)
[2025-09-13 06:33:24] 处理 list 文件：./MicrosoftEdge/MicrosoftEdge.list
[2025-09-13 06:33:24] 下载并规范化 payload -> ./MicrosoftEdge/MicrosoftEdge_OCD_Domain.yaml (md5 de71b64984cce10ca8cdf94d4986c312)
[2025-09-13 06:33:24] 下载并规范化 payload -> ./MicrosoftEdge/MicrosoftEdge_OCD_IP.yaml (md5 a3f0fcb0f3a069ccf0bd8c58ad840a8b)
[2025-09-13 06:33:24] 处理 list 文件：./Patreon/Patreon.list
[2025-09-13 06:33:24] 下载并规范化 payload -> ./Patreon/Patreon_OCD_Domain.yaml (md5 db080931a948a45cf057c7cb18431b4b)
[2025-09-13 06:33:24] 下载并规范化 payload -> ./Patreon/Patreon_OCD_IP.yaml (md5 a3f0fcb0f3a069ccf0bd8c58ad840a8b)
[2025-09-13 06:33:24] 处理 list 文件：./Dropbox/Dropbox.list
[2025-09-13 06:33:24] 下载并规范化 payload -> ./Dropbox/Dropbox_OCD_Domain.yaml (md5 7edb01a936343291cd831b90577db229)
[2025-09-13 06:33:24] 下载并规范化 payload -> ./Dropbox/Dropbox_OCD_IP.yaml (md5 a3f0fcb0f3a069ccf0bd8c58ad840a8b)
[2025-09-13 06:33:24] 处理 list 文件：./GuiGuDongLi/GuiGuDongLi.list
[2025-09-13 06:33:24] 下载并规范化 payload -> ./GuiGuDongLi/GuiGuDongLi_OCD_Domain.yaml (md5 09b65f729c60789e0441629ab34baaa9)
[2025-09-13 06:33:24] 下载并规范化 payload -> ./GuiGuDongLi/GuiGuDongLi_OCD_IP.yaml (md5 a3f0fcb0f3a069ccf0bd8c58ad840a8b)
[2025-09-13 06:33:24] 处理 list 文件：./TikTok/TikTok.list
[2025-09-13 06:33:24] 下载并规范化 payload -> ./TikTok/TikTok_OCD_Domain.yaml (md5 fd89eb89ff189897102d55bcceb0408b)
[2025-09-13 06:33:24] 下载并规范化 payload -> ./TikTok/TikTok_OCD_IP.yaml (md5 a3f0fcb0f3a069ccf0bd8c58ad840a8b)
[2025-09-13 06:33:24] 处理 list 文件：./1337x/1337x.list
[2025-09-13 06:33:24] 下载并规范化 payload -> ./1337x/1337x_OCD_Domain.yaml (md5 b13a93084415a9f3e47695d0177301eb)
[2025-09-13 06:33:24] 下载并规范化 payload -> ./1337x/1337x_OCD_IP.yaml (md5 a3f0fcb0f3a069ccf0bd8c58ad840a8b)
[2025-09-13 06:33:24] 处理 list 文件：./BOCOM/BOCOM.list
[2025-09-13 06:33:24] 下载并规范化 payload -> ./BOCOM/BOCOM_OCD_Domain.yaml (md5 f0acff0624c7a259ed66cf26d45d12a8)
[2025-09-13 06:33:24] 下载并规范化 payload -> ./BOCOM/BOCOM_OCD_IP.yaml (md5 a3f0fcb0f3a069ccf0bd8c58ad840a8b)
[2025-09-13 06:33:24] 处理 list 文件：./WangSuKeJi/WangSuKeJi.list
[2025-09-13 06:33:24] 下载并规范化 payload -> ./WangSuKeJi/WangSuKeJi_OCD_Domain.yaml (md5 c3c0caf36a6dfa1712f44b3180b142bb)
[2025-09-13 06:33:24] 下载并规范化 payload -> ./WangSuKeJi/WangSuKeJi_OCD_IP.yaml (md5 a3f0fcb0f3a069ccf0bd8c58ad840a8b)
[2025-09-13 06:33:24] 处理 list 文件：./IPTVMainland/IPTVMainland.list
[2025-09-13 06:33:24] 下载并规范化 payload -> ./IPTVMainland/IPTVMainland_OCD_Domain.yaml (md5 2d502a64867187e53f2aa7e794d396dc)
[2025-09-13 06:33:24] 下载并规范化 payload -> ./IPTVMainland/IPTVMainland_OCD_IP.yaml (md5 7c876ca7e34fba8721fff2758123ef04)
[2025-09-13 06:33:24] 处理 list 文件：./Hkgolden/Hkgolden.list
[2025-09-13 06:33:24] 下载并规范化 payload -> ./Hkgolden/Hkgolden_OCD_Domain.yaml (md5 f27628a33dc205b1a30181d9804bada1)
[2025-09-13 06:33:24] 下载并规范化 payload -> ./Hkgolden/Hkgolden_OCD_IP.yaml (md5 a3f0fcb0f3a069ccf0bd8c58ad840a8b)
[2025-09-13 06:33:24] 处理 list 文件：./AppleID/AppleID.list
[2025-09-13 06:33:24] 下载并规范化 payload -> ./AppleID/AppleID_OCD_Domain.yaml (md5 04ad3e76fd8937cd612ffbda9bc31cb1)
[2025-09-13 06:33:24] 下载并规范化 payload -> ./AppleID/AppleID_OCD_IP.yaml (md5 a3f0fcb0f3a069ccf0bd8c58ad840a8b)
[2025-09-13 06:33:24] 处理 list 文件：./Purikonejp/Purikonejp.list
[2025-09-13 06:33:24] 下载并规范化 payload -> ./Purikonejp/Purikonejp_OCD_Domain.yaml (md5 ab676d99e9edf81da6d7ef5d31877337)
[2025-09-13 06:33:24] 下载并规范化 payload -> ./Purikonejp/Purikonejp_OCD_IP.yaml (md5 a3f0fcb0f3a069ccf0bd8c58ad840a8b)
[2025-09-13 06:33:24] 处理 list 文件：./Cryptocurrency/Cryptocurrency.list
[2025-09-13 06:33:24] 下载并规范化 payload -> ./Cryptocurrency/Cryptocurrency_OCD_Domain.yaml (md5 9f976db10fbde91dab45c6e5fd1b6b4c)
[2025-09-13 06:33:24] 下载并规范化 payload -> ./Cryptocurrency/Cryptocurrency_OCD_IP.yaml (md5 a3f0fcb0f3a069ccf0bd8c58ad840a8b)
[2025-09-13 06:33:24] 处理 list 文件：./Direct/Direct.list
[2025-09-13 06:33:24] 下载并规范化 payload -> ./Direct/Direct_OCD_Domain.yaml (md5 0e1c7823d21644ce90d95a9c4745690e)
[2025-09-13 06:33:24] 下载并规范化 payload -> ./Direct/Direct_OCD_IP.yaml (md5 a3f0fcb0f3a069ccf0bd8c58ad840a8b)
[2025-09-13 06:33:24] 处理 list 文件：./ChinaMaxNoMedia/ChinaMaxNoMedia.list
[2025-09-13 06:33:25] 下载并规范化 payload -> ./ChinaMaxNoMedia/ChinaMaxNoMedia_OCD_Domain.yaml (md5 ae2ee0997e2a849605adbffb859781e5)
[2025-09-13 06:33:25] 下载并规范化 payload -> ./ChinaMaxNoMedia/ChinaMaxNoMedia_OCD_IP.yaml (md5 878a37239590e9c4faa466a840f22cd2)
[2025-09-13 06:33:25] 处理 list 文件：./ChunYou/ChunYou.list
[2025-09-13 06:33:25] 下载并规范化 payload -> ./ChunYou/ChunYou_OCD_Domain.yaml (md5 2c5ba936a8804e7afdd13119090b8885)
[2025-09-13 06:33:25] 下载并规范化 payload -> ./ChunYou/ChunYou_OCD_IP.yaml (md5 a3f0fcb0f3a069ccf0bd8c58ad840a8b)
[2025-09-13 06:33:25] 处理 list 文件：./APKCombo/APKCombo.list
[2025-09-13 06:33:25] 下载并规范化 payload -> ./APKCombo/APKCombo_OCD_Domain.yaml (md5 dd6efd86151897f29d9bf66cc22adea9)
[2025-09-13 06:33:25] 下载并规范化 payload -> ./APKCombo/APKCombo_OCD_IP.yaml (md5 a3f0fcb0f3a069ccf0bd8c58ad840a8b)
[2025-09-13 06:33:25] 处理 list 文件：./Vercel/Vercel.list
[2025-09-13 06:33:25] 下载并规范化 payload -> ./Vercel/Vercel_OCD_Domain.yaml (md5 8ffe1ee8a27d91327bbb8ddf7fa8047d)
[2025-09-13 06:33:25] 下载并规范化 payload -> ./Vercel/Vercel_OCD_IP.yaml (md5 a3f0fcb0f3a069ccf0bd8c58ad840a8b)
[2025-09-13 06:33:25] 处理 list 文件：./TianTianKanKan/TianTianKanKan.list
[2025-09-13 06:33:25] 下载并规范化 payload -> ./TianTianKanKan/TianTianKanKan_OCD_Domain.yaml (md5 785f7c357720142e92683cd3aeadff76)
[2025-09-13 06:33:25] 下载并规范化 payload -> ./TianTianKanKan/TianTianKanKan_OCD_IP.yaml (md5 a3f0fcb0f3a069ccf0bd8c58ad840a8b)
[2025-09-13 06:33:25] 处理 list 文件：./HashiCorp/HashiCorp.list
[2025-09-13 06:33:25] 下载并规范化 payload -> ./HashiCorp/HashiCorp_OCD_Domain.yaml (md5 dfbc4cafbffdff04b0631755a3b3ef21)
[2025-09-13 06:33:25] 下载并规范化 payload -> ./HashiCorp/HashiCorp_OCD_IP.yaml (md5 a3f0fcb0f3a069ccf0bd8c58ad840a8b)
[2025-09-13 06:33:25] 处理 list 文件：./Vimeo/Vimeo.list
[2025-09-13 06:33:25] 下载并规范化 payload -> ./Vimeo/Vimeo_OCD_Domain.yaml (md5 34063fe49be0034c1089defb46f1ad70)
[2025-09-13 06:33:25] 下载并规范化 payload -> ./Vimeo/Vimeo_OCD_IP.yaml (md5 a3f0fcb0f3a069ccf0bd8c58ad840a8b)
[2025-09-13 06:33:25] 处理 list 文件：./ZhiYunZhong/ZhiYunZhong.list
[2025-09-13 06:33:25] 下载并规范化 payload -> ./ZhiYunZhong/ZhiYunZhong_OCD_Domain.yaml (md5 377772373e8a4dd5364d3e8503ad9c4d)
[2025-09-13 06:33:25] 下载并规范化 payload -> ./ZhiYunZhong/ZhiYunZhong_OCD_IP.yaml (md5 a3f0fcb0f3a069ccf0bd8c58ad840a8b)
[2025-09-13 06:33:25] 处理 list 文件：./Qyyjt/Qyyjt.list
[2025-09-13 06:33:25] 下载并规范化 payload -> ./Qyyjt/Qyyjt_OCD_Domain.yaml (md5 8337ef1f4c8412e57a75444008f9e04e)
[2025-09-13 06:33:25] 下载并规范化 payload -> ./Qyyjt/Qyyjt_OCD_IP.yaml (md5 a3f0fcb0f3a069ccf0bd8c58ad840a8b)
[2025-09-13 06:33:25] 处理 list 文件：./Funshion/Funshion.list
[2025-09-13 06:33:25] 下载并规范化 payload -> ./Funshion/Funshion_OCD_Domain.yaml (md5 ea62d9f353dff6ab6c86b412712a9490)
[2025-09-13 06:33:25] 下载并规范化 payload -> ./Funshion/Funshion_OCD_IP.yaml (md5 a3f0fcb0f3a069ccf0bd8c58ad840a8b)
[2025-09-13 06:33:25] 处理 list 文件：./YouZan/YouZan.list
[2025-09-13 06:33:25] 下载并规范化 payload -> ./YouZan/YouZan_OCD_Domain.yaml (md5 f88aad7ad4cd004a5cd2db78598aca36)
[2025-09-13 06:33:25] 下载并规范化 payload -> ./YouZan/YouZan_OCD_IP.yaml (md5 a3f0fcb0f3a069ccf0bd8c58ad840a8b)
[2025-09-13 06:33:25] 处理 list 文件：./Youku/Youku.list
[2025-09-13 06:33:25] 下载并规范化 payload -> ./Youku/Youku_OCD_Domain.yaml (md5 a6fd31e6db3ee5a5194051b324bb1713)
[2025-09-13 06:33:25] 下载并规范化 payload -> ./Youku/Youku_OCD_IP.yaml (md5 e3440ae0325c0d1228dfaa68db5e88ed)
[2025-09-13 06:33:25] 处理 list 文件：./WangXinKeJi/WangXinKeJi.list
[2025-09-13 06:33:25] 下载并规范化 payload -> ./WangXinKeJi/WangXinKeJi_OCD_Domain.yaml (md5 78a910b9254ba4496ee2f3b397df4d65)
[2025-09-13 06:33:25] 下载并规范化 payload -> ./WangXinKeJi/WangXinKeJi_OCD_IP.yaml (md5 a3f0fcb0f3a069ccf0bd8c58ad840a8b)
[2025-09-13 06:33:25] 处理 list 文件：./AliPay/AliPay.list
[2025-09-13 06:33:25] 下载并规范化 payload -> ./AliPay/AliPay_OCD_Domain.yaml (md5 403be60c898fe81c0017e0bf256b193b)
[2025-09-13 06:33:25] 下载并规范化 payload -> ./AliPay/AliPay_OCD_IP.yaml (md5 a3f0fcb0f3a069ccf0bd8c58ad840a8b)
[2025-09-13 06:33:25] 处理 list 文件：./Acer/Acer.list
[2025-09-13 06:33:25] 下载并规范化 payload -> ./Acer/Acer_OCD_Domain.yaml (md5 6991a628fa694cc20d9eca47b44613e2)
[2025-09-13 06:33:25] 下载并规范化 payload -> ./Acer/Acer_OCD_IP.yaml (md5 a3f0fcb0f3a069ccf0bd8c58ad840a8b)
[2025-09-13 06:33:25] 处理 list 文件：./CAS/CAS.list
[2025-09-13 06:33:25] 下载并规范化 payload -> ./CAS/CAS_OCD_Domain.yaml (md5 1e624b57a44d7704a83c00d6c3e8265f)
[2025-09-13 06:33:25] 下载并规范化 payload -> ./CAS/CAS_OCD_IP.yaml (md5 a3f0fcb0f3a069ccf0bd8c58ad840a8b)
[2025-09-13 06:33:25] 处理 list 文件：./ChinaIPsBGP/ChinaIPsBGP.list
[2025-09-13 06:33:26] 下载并规范化 payload -> ./ChinaIPsBGP/ChinaIPsBGP_OCD_Domain.yaml (md5 bf283cdb142326ac594529204aea1969)
[2025-09-13 06:33:26] 下载并规范化 payload -> ./ChinaIPsBGP/ChinaIPsBGP_OCD_IP.yaml (md5 ad9fec4b29981b34ce0119d60eb9e6e5)
[2025-09-13 06:33:26] 处理 list 文件：./WorldofWarcraft/WorldofWarcraft.list
[2025-09-13 06:33:26] 下载并规范化 payload -> ./WorldofWarcraft/WorldofWarcraft_OCD_Domain.yaml (md5 bf283cdb142326ac594529204aea1969)
[2025-09-13 06:33:26] 下载并规范化 payload -> ./WorldofWarcraft/WorldofWarcraft_OCD_IP.yaml (md5 07d1e15b81b9db9ed894f2b8b880b3ad)
[2025-09-13 06:33:26] 处理 list 文件：./YouMengChuangXiang/YouMengChuangXiang.list
[2025-09-13 06:33:26] 下载并规范化 payload -> ./YouMengChuangXiang/YouMengChuangXiang_OCD_Domain.yaml (md5 13d34baeaac16aeaf4172c56243d36ae)
[2025-09-13 06:33:26] 下载并规范化 payload -> ./YouMengChuangXiang/YouMengChuangXiang_OCD_IP.yaml (md5 a3f0fcb0f3a069ccf0bd8c58ad840a8b)
[2025-09-13 06:33:26] 处理 list 文件：./MiWu/MiWu.list
[2025-09-13 06:33:26] 下载并规范化 payload -> ./MiWu/MiWu_OCD_Domain.yaml (md5 1205c5efe17bcfbffa10021bbecb52ea)
[2025-09-13 06:33:26] 下载并规范化 payload -> ./MiWu/MiWu_OCD_IP.yaml (md5 a3f0fcb0f3a069ccf0bd8c58ad840a8b)
[2025-09-13 06:33:26] 处理 list 文件：./TVB/TVB.list
[2025-09-13 06:33:26] 下载并规范化 payload -> ./TVB/TVB_OCD_Domain.yaml (md5 1114915115e5ed6dc9057fe6e1a9cde1)
[2025-09-13 06:33:26] 下载并规范化 payload -> ./TVB/TVB_OCD_IP.yaml (md5 a3f0fcb0f3a069ccf0bd8c58ad840a8b)
[2025-09-13 06:33:26] 处理 list 文件：./TruthSocial/TruthSocial.list
[2025-09-13 06:33:26] 下载并规范化 payload -> ./TruthSocial/TruthSocial_OCD_Domain.yaml (md5 90e50db1764a0cf93f706a90d578220d)
[2025-09-13 06:33:26] 下载并规范化 payload -> ./TruthSocial/TruthSocial_OCD_IP.yaml (md5 a3f0fcb0f3a069ccf0bd8c58ad840a8b)
[2025-09-13 06:33:26] 处理 list 文件：./58TongCheng/58TongCheng.list
[2025-09-13 06:33:26] 下载并规范化 payload -> ./58TongCheng/58TongCheng_OCD_Domain.yaml (md5 4c080ee4f618bb1106843c2f656db9eb)
[2025-09-13 06:33:26] 下载并规范化 payload -> ./58TongCheng/58TongCheng_OCD_IP.yaml (md5 a3f0fcb0f3a069ccf0bd8c58ad840a8b)
[2025-09-13 06:33:26] 处理 list 文件：./KuKeMusic/KuKeMusic.list
[2025-09-13 06:33:26] 下载并规范化 payload -> ./KuKeMusic/KuKeMusic_OCD_Domain.yaml (md5 10532310e5bdec6e023c0a48c383337f)
[2025-09-13 06:33:26] 下载并规范化 payload -> ./KuKeMusic/KuKeMusic_OCD_IP.yaml (md5 a3f0fcb0f3a069ccf0bd8c58ad840a8b)
[2025-09-13 06:33:26] 处理 list 文件：./BlockHttpDNS/BlockHttpDNS.list
[2025-09-13 06:33:26] 下载并规范化 payload -> ./BlockHttpDNS/BlockHttpDNS_OCD_Domain.yaml (md5 3e66fb4e0540d2841986a252d089a05c)
[2025-09-13 06:33:26] 下载并规范化 payload -> ./BlockHttpDNS/BlockHttpDNS_OCD_IP.yaml (md5 c6a8843237462e509804488dbf3103b4)
[2025-09-13 06:33:26] 处理 list 文件：./Dubox/Dubox.list
[2025-09-13 06:33:26] 下载并规范化 payload -> ./Dubox/Dubox_OCD_Domain.yaml (md5 6b0170b3d427853c5fe63fc538ade63e)
[2025-09-13 06:33:26] 下载并规范化 payload -> ./Dubox/Dubox_OCD_IP.yaml (md5 a3f0fcb0f3a069ccf0bd8c58ad840a8b)
[2025-09-13 06:33:26] 处理 list 文件：./Samsung/Samsung.list
[2025-09-13 06:33:26] 下载并规范化 payload -> ./Samsung/Samsung_OCD_Domain.yaml (md5 2139eb5584040c2d64ce0395cf8dece9)
[2025-09-13 06:33:26] 下载并规范化 payload -> ./Samsung/Samsung_OCD_IP.yaml (md5 a3f0fcb0f3a069ccf0bd8c58ad840a8b)
[2025-09-13 06:33:26] 处理 list 文件：./HBOHK/HBOHK.list
[2025-09-13 06:33:26] 下载并规范化 payload -> ./HBOHK/HBOHK_OCD_Domain.yaml (md5 e57b384bd4452523b802ec04470caef8)
[2025-09-13 06:33:26] 下载并规范化 payload -> ./HBOHK/HBOHK_OCD_IP.yaml (md5 a3f0fcb0f3a069ccf0bd8c58ad840a8b)
[2025-09-13 06:33:26] 处理 list 文件：./GoogleVoice/GoogleVoice.list
[2025-09-13 06:33:26] 下载并规范化 payload -> ./GoogleVoice/GoogleVoice_OCD_Domain.yaml (md5 6c04c2956af1a80e00d4e69fd4694fae)
[2025-09-13 06:33:26] 下载并规范化 payload -> ./GoogleVoice/GoogleVoice_OCD_IP.yaml (md5 a3f0fcb0f3a069ccf0bd8c58ad840a8b)
[2025-09-13 06:33:26] 处理 list 文件：./YuanFuDao/YuanFuDao.list
[2025-09-13 06:33:26] 下载并规范化 payload -> ./YuanFuDao/YuanFuDao_OCD_Domain.yaml (md5 052e622df6eae54053903caa56adbec1)
[2025-09-13 06:33:26] 下载并规范化 payload -> ./YuanFuDao/YuanFuDao_OCD_IP.yaml (md5 a3f0fcb0f3a069ccf0bd8c58ad840a8b)
[2025-09-13 06:33:26] 处理 list 文件：./4chan/4chan.list
[2025-09-13 06:33:26] 下载并规范化 payload -> ./4chan/4chan_OCD_Domain.yaml (md5 deb47e49762a1c6e3807f589ca2ac1a6)
[2025-09-13 06:33:26] 下载并规范化 payload -> ./4chan/4chan_OCD_IP.yaml (md5 a3f0fcb0f3a069ccf0bd8c58ad840a8b)
[2025-09-13 06:33:26] 处理 list 文件：./AppleFirmware/AppleFirmware.list
[2025-09-13 06:33:26] 下载并规范化 payload -> ./AppleFirmware/AppleFirmware_OCD_Domain.yaml (md5 130a297ee4acc50adc62622cdbd095cd)
[2025-09-13 06:33:26] 下载并规范化 payload -> ./AppleFirmware/AppleFirmware_OCD_IP.yaml (md5 a3f0fcb0f3a069ccf0bd8c58ad840a8b)
[2025-09-13 06:33:26] 处理 list 文件：./Olevod/Olevod.list
[2025-09-13 06:33:26] 下载并规范化 payload -> ./Olevod/Olevod_OCD_Domain.yaml (md5 71dd79bacfe289a8f5dd2d0b191d933e)
[2025-09-13 06:33:26] 下载并规范化 payload -> ./Olevod/Olevod_OCD_IP.yaml (md5 a3f0fcb0f3a069ccf0bd8c58ad840a8b)
[2025-09-13 06:33:26] 处理 list 文件：./Fox/Fox.list
[2025-09-13 06:33:26] 下载并规范化 payload -> ./Fox/Fox_OCD_Domain.yaml (md5 d7caabb31ce4bc2b8a1970a026eb0b1f)
[2025-09-13 06:33:26] 下载并规范化 payload -> ./Fox/Fox_OCD_IP.yaml (md5 a3f0fcb0f3a069ccf0bd8c58ad840a8b)
[2025-09-13 06:33:26] 处理 list 文件：./Stripe/Stripe.list
[2025-09-13 06:33:26] 下载并规范化 payload -> ./Stripe/Stripe_OCD_Domain.yaml (md5 bf283cdb142326ac594529204aea1969)
[2025-09-13 06:33:26] 下载并规范化 payload -> ./Stripe/Stripe_OCD_IP.yaml (md5 a3f0fcb0f3a069ccf0bd8c58ad840a8b)
[2025-09-13 06:33:26] 处理 list 文件：./HuanJu/HuanJu.list
[2025-09-13 06:33:26] 下载并规范化 payload -> ./HuanJu/HuanJu_OCD_Domain.yaml (md5 c8035a35b18eaeec9b9d3d2533fa8ff2)
[2025-09-13 06:33:26] 下载并规范化 payload -> ./HuanJu/HuanJu_OCD_IP.yaml (md5 a3f0fcb0f3a069ccf0bd8c58ad840a8b)
[2025-09-13 06:33:26] 处理 list 文件：./GoogleFCM/GoogleFCM.list
[2025-09-13 06:33:26] 下载并规范化 payload -> ./GoogleFCM/GoogleFCM_OCD_Domain.yaml (md5 df4d57d0b15935aa474f739b3a4ab08d)
[2025-09-13 06:33:26] 下载并规范化 payload -> ./GoogleFCM/GoogleFCM_OCD_IP.yaml (md5 762a3ef62bb0a9c4dbcc29eba7299e4f)
[2025-09-13 06:33:26] 处理 list 文件：./Snap/Snap.list
[2025-09-13 06:33:26] 下载并规范化 payload -> ./Snap/Snap_OCD_Domain.yaml (md5 46648c4e7565d7be338f372cb12c5dee)
[2025-09-13 06:33:26] 下载并规范化 payload -> ./Snap/Snap_OCD_IP.yaml (md5 a3f0fcb0f3a069ccf0bd8c58ad840a8b)
[2025-09-13 06:33:26] 处理 list 文件：./Hijacking/Hijacking.list
[2025-09-13 06:33:27] 下载并规范化 payload -> ./Hijacking/Hijacking_OCD_Domain.yaml (md5 a4d1aa8afe017043eb6897e9e9e38990)
[2025-09-13 06:33:27] 下载并规范化 payload -> ./Hijacking/Hijacking_OCD_IP.yaml (md5 5b0003addab4dd91c08dd8aeab325b51)
[2025-09-13 06:33:27] 处理 list 文件：./Zendesk/Zendesk.list
[2025-09-13 06:33:27] 下载并规范化 payload -> ./Zendesk/Zendesk_OCD_Domain.yaml (md5 bc4dd08f1c1eda3e74da09f79c67b2eb)
[2025-09-13 06:33:27] 下载并规范化 payload -> ./Zendesk/Zendesk_OCD_IP.yaml (md5 a3f0fcb0f3a069ccf0bd8c58ad840a8b)
[2025-09-13 06:33:27] 处理 list 文件：./Actalis/Actalis.list
[2025-09-13 06:33:27] 下载并规范化 payload -> ./Actalis/Actalis_OCD_Domain.yaml (md5 1a4cec5bf33b8aa3041abdfec950432a)
[2025-09-13 06:33:27] 下载并规范化 payload -> ./Actalis/Actalis_OCD_IP.yaml (md5 a3f0fcb0f3a069ccf0bd8c58ad840a8b)
[2025-09-13 06:33:27] 处理 list 文件：./Jquery/Jquery.list
[2025-09-13 06:33:27] 下载并规范化 payload -> ./Jquery/Jquery_OCD_Domain.yaml (md5 bd258774db6d61496fbb9b3573d3764e)
[2025-09-13 06:33:27] 下载并规范化 payload -> ./Jquery/Jquery_OCD_IP.yaml (md5 a3f0fcb0f3a069ccf0bd8c58ad840a8b)
[2025-09-13 06:33:27] 处理 list 文件：./IMDB/IMDB.list
[2025-09-13 06:33:27] 下载并规范化 payload -> ./IMDB/IMDB_OCD_Domain.yaml (md5 67d83fba3ef2b9d8c3146319ad766f02)
[2025-09-13 06:33:27] 下载并规范化 payload -> ./IMDB/IMDB_OCD_IP.yaml (md5 a3f0fcb0f3a069ccf0bd8c58ad840a8b)
[2025-09-13 06:33:27] 处理 list 文件：./GoogleDrive/GoogleDrive.list
[2025-09-13 06:33:27] 下载并规范化 payload -> ./GoogleDrive/GoogleDrive_OCD_Domain.yaml (md5 0fac0aa14f4e11c4e474d44b55025310)
[2025-09-13 06:33:27] 下载并规范化 payload -> ./GoogleDrive/GoogleDrive_OCD_IP.yaml (md5 a3f0fcb0f3a069ccf0bd8c58ad840a8b)
[2025-09-13 06:33:27] 处理 list 文件：./PandoraTV/PandoraTV.list
[2025-09-13 06:33:27] 下载并规范化 payload -> ./PandoraTV/PandoraTV_OCD_Domain.yaml (md5 702b5f19da2473ef62220585291e5bcd)
[2025-09-13 06:33:27] 下载并规范化 payload -> ./PandoraTV/PandoraTV_OCD_IP.yaml (md5 a3f0fcb0f3a069ccf0bd8c58ad840a8b)
[2025-09-13 06:33:27] 处理 list 文件：./NTPService/NTPService.list
[2025-09-13 06:33:27] 下载并规范化 payload -> ./NTPService/NTPService_OCD_Domain.yaml (md5 0f889a51ff0db92b7ad83677672a5335)
[2025-09-13 06:33:27] 下载并规范化 payload -> ./NTPService/NTPService_OCD_IP.yaml (md5 a3f0fcb0f3a069ccf0bd8c58ad840a8b)
[2025-09-13 06:33:27] 处理 list 文件：./Jetbrains/Jetbrains.list
[2025-09-13 06:33:27] 下载并规范化 payload -> ./Jetbrains/Jetbrains_OCD_Domain.yaml (md5 b933dfc5d0fbda985a0458473370df90)
[2025-09-13 06:33:27] 下载并规范化 payload -> ./Jetbrains/Jetbrains_OCD_IP.yaml (md5 a3f0fcb0f3a069ccf0bd8c58ad840a8b)
[2025-09-13 06:33:27] 处理 list 文件：./Cnet/Cnet.list
[2025-09-13 06:33:27] 下载并规范化 payload -> ./Cnet/Cnet_OCD_Domain.yaml (md5 d43498161ad5314c4507ff7cf8497419)
[2025-09-13 06:33:27] 下载并规范化 payload -> ./Cnet/Cnet_OCD_IP.yaml (md5 a3f0fcb0f3a069ccf0bd8c58ad840a8b)
[2025-09-13 06:33:27] 处理 list 文件：./DAZN/DAZN.list
[2025-09-13 06:33:27] 下载并规范化 payload -> ./DAZN/DAZN_OCD_Domain.yaml (md5 f519dd8897baf9556336e493036fc214)
[2025-09-13 06:33:27] 下载并规范化 payload -> ./DAZN/DAZN_OCD_IP.yaml (md5 a3f0fcb0f3a069ccf0bd8c58ad840a8b)
[2025-09-13 06:33:27] 处理 list 文件：./Sling/Sling.list
[2025-09-13 06:33:27] 下载并规范化 payload -> ./Sling/Sling_OCD_Domain.yaml (md5 a7fe2b78d726bc931ac14f23b6b44f49)
[2025-09-13 06:33:27] 下载并规范化 payload -> ./Sling/Sling_OCD_IP.yaml (md5 a3f0fcb0f3a069ccf0bd8c58ad840a8b)
[2025-09-13 06:33:27] 处理 list 文件：./QiNiuYun/QiNiuYun.list
[2025-09-13 06:33:27] 下载并规范化 payload -> ./QiNiuYun/QiNiuYun_OCD_Domain.yaml (md5 cf83b1d2d7ba1268f3c44f408b41c5cf)
[2025-09-13 06:33:27] 下载并规范化 payload -> ./QiNiuYun/QiNiuYun_OCD_IP.yaml (md5 a3f0fcb0f3a069ccf0bd8c58ad840a8b)
[2025-09-13 06:33:27] 处理 list 文件：./Intercom/Intercom.list
[2025-09-13 06:33:27] 下载并规范化 payload -> ./Intercom/Intercom_OCD_Domain.yaml (md5 d4594fb9afe0f956bbc509aba37fb301)
[2025-09-13 06:33:27] 下载并规范化 payload -> ./Intercom/Intercom_OCD_IP.yaml (md5 a3f0fcb0f3a069ccf0bd8c58ad840a8b)
[2025-09-13 06:33:27] 处理 list 文件：./TaiKang/TaiKang.list
[2025-09-13 06:33:27] 下载并规范化 payload -> ./TaiKang/TaiKang_OCD_Domain.yaml (md5 237476226c5ad7791deecfe3b2dc6131)
[2025-09-13 06:33:27] 下载并规范化 payload -> ./TaiKang/TaiKang_OCD_IP.yaml (md5 a3f0fcb0f3a069ccf0bd8c58ad840a8b)
[2025-09-13 06:33:27] 处理 list 文件：./ChuangKeTie/ChuangKeTie.list
[2025-09-13 06:33:27] 下载并规范化 payload -> ./ChuangKeTie/ChuangKeTie_OCD_Domain.yaml (md5 b768bd8688d51c7d8760ab9a0a9112d9)
[2025-09-13 06:33:27] 下载并规范化 payload -> ./ChuangKeTie/ChuangKeTie_OCD_IP.yaml (md5 a3f0fcb0f3a069ccf0bd8c58ad840a8b)
[2025-09-13 06:33:27] 处理 list 文件：./Copilot/Copilot.list
[2025-09-13 06:33:27] 下载并规范化 payload -> ./Copilot/Copilot_OCD_Domain.yaml (md5 d6165d9e0603c3cfa1816d27d14a8ac7)
[2025-09-13 06:33:27] 下载并规范化 payload -> ./Copilot/Copilot_OCD_IP.yaml (md5 90f4fc362f7cadea534ca10ae213395c)
[2025-09-13 06:33:27] 处理 list 文件：./PayPal/PayPal.list
[2025-09-13 06:33:27] 下载并规范化 payload -> ./PayPal/PayPal_OCD_Domain.yaml (md5 905089e459e933e13b735108db748b79)
[2025-09-13 06:33:27] 下载并规范化 payload -> ./PayPal/PayPal_OCD_IP.yaml (md5 a3f0fcb0f3a069ccf0bd8c58ad840a8b)
[2025-09-13 06:33:27] 处理 list 文件：./Docker/Docker.list
[2025-09-13 06:33:27] 下载并规范化 payload -> ./Docker/Docker_OCD_Domain.yaml (md5 06dc0590edc239039de96ef0c4be3656)
[2025-09-13 06:33:27] 下载并规范化 payload -> ./Docker/Docker_OCD_IP.yaml (md5 a3f0fcb0f3a069ccf0bd8c58ad840a8b)
[2025-09-13 06:33:27] 处理 list 文件：./TaiheMusic/TaiheMusic.list
[2025-09-13 06:33:27] 下载并规范化 payload -> ./TaiheMusic/TaiheMusic_OCD_Domain.yaml (md5 4e48efe13378325994e3a826f97b7c04)
[2025-09-13 06:33:27] 下载并规范化 payload -> ./TaiheMusic/TaiheMusic_OCD_IP.yaml (md5 a3f0fcb0f3a069ccf0bd8c58ad840a8b)
[2025-09-13 06:33:27] 处理 list 文件：./U17/U17.list
[2025-09-13 06:33:27] 下载并规范化 payload -> ./U17/U17_OCD_Domain.yaml (md5 022a741ff4d6fafce1dbf430dad45188)
[2025-09-13 06:33:27] 下载并规范化 payload -> ./U17/U17_OCD_IP.yaml (md5 a3f0fcb0f3a069ccf0bd8c58ad840a8b)
[2025-09-13 06:33:27] 处理 list 文件：./TrustWave/TrustWave.list
[2025-09-13 06:33:27] 下载并规范化 payload -> ./TrustWave/TrustWave_OCD_Domain.yaml (md5 dfe940a856a2d4a68bff9a287b3498e4)
[2025-09-13 06:33:27] 下载并规范化 payload -> ./TrustWave/TrustWave_OCD_IP.yaml (md5 a3f0fcb0f3a069ccf0bd8c58ad840a8b)
[2025-09-13 06:33:27] 处理 list 文件：./Apkpure/Apkpure.list
[2025-09-13 06:33:28] 下载并规范化 payload -> ./Apkpure/Apkpure_OCD_Domain.yaml (md5 0b66276aefb9e2ed623c6a316104818f)
[2025-09-13 06:33:28] 下载并规范化 payload -> ./Apkpure/Apkpure_OCD_IP.yaml (md5 a3f0fcb0f3a069ccf0bd8c58ad840a8b)
[2025-09-13 06:33:28] 处理 list 文件：./SFExpress/SFExpress.list
[2025-09-13 06:33:28] 下载并规范化 payload -> ./SFExpress/SFExpress_OCD_Domain.yaml (md5 83f244539d29bd0d0b81475407a0b02c)
[2025-09-13 06:33:28] 下载并规范化 payload -> ./SFExpress/SFExpress_OCD_IP.yaml (md5 a3f0fcb0f3a069ccf0bd8c58ad840a8b)
[2025-09-13 06:33:28] 处理 list 文件：./RTHK/RTHK.list
[2025-09-13 06:33:28] 下载并规范化 payload -> ./RTHK/RTHK_OCD_Domain.yaml (md5 b453652d2fef5c0e62cae9fa946baa7d)
[2025-09-13 06:33:28] 下载并规范化 payload -> ./RTHK/RTHK_OCD_IP.yaml (md5 a3f0fcb0f3a069ccf0bd8c58ad840a8b)
[2025-09-13 06:33:28] 处理 list 文件：./FitnessPlus/FitnessPlus.list
[2025-09-13 06:33:28] 下载并规范化 payload -> ./FitnessPlus/FitnessPlus_OCD_Domain.yaml (md5 e3e056937c4abb5096f9809708153872)
[2025-09-13 06:33:28] 下载并规范化 payload -> ./FitnessPlus/FitnessPlus_OCD_IP.yaml (md5 a3f0fcb0f3a069ccf0bd8c58ad840a8b)
[2025-09-13 06:33:28] 处理 list 文件：./AppleNews/AppleNews.list
[2025-09-13 06:33:28] 下载并规范化 payload -> ./AppleNews/AppleNews_OCD_Domain.yaml (md5 4c327b712da88646b080a6abefc7a14c)
[2025-09-13 06:33:28] 下载并规范化 payload -> ./AppleNews/AppleNews_OCD_IP.yaml (md5 a3f0fcb0f3a069ccf0bd8c58ad840a8b)
[2025-09-13 06:33:28] 处理 list 文件：./MeiTu/MeiTu.list
[2025-09-13 06:33:28] 下载并规范化 payload -> ./MeiTu/MeiTu_OCD_Domain.yaml (md5 891919ee6a3b103e351bf6d5a5651118)
[2025-09-13 06:33:28] 下载并规范化 payload -> ./MeiTu/MeiTu_OCD_IP.yaml (md5 a3f0fcb0f3a069ccf0bd8c58ad840a8b)
[2025-09-13 06:33:28] 处理 list 文件：./Netflix/Netflix.list
[2025-09-13 06:33:28] 下载并规范化 payload -> ./Netflix/Netflix_OCD_Domain.yaml (md5 fb42e257a788ec8b8bba82032fde683d)
[2025-09-13 06:33:28] 下载并规范化 payload -> ./Netflix/Netflix_OCD_IP.yaml (md5 44b25a2cf6e9de214df7bc7efa44ae09)
[2025-09-13 06:33:28] 处理 list 文件：./Udacity/Udacity.list
[2025-09-13 06:33:28] 下载并规范化 payload -> ./Udacity/Udacity_OCD_Domain.yaml (md5 2dc8280b0305f153ea642e11b7899fb5)
[2025-09-13 06:33:28] 下载并规范化 payload -> ./Udacity/Udacity_OCD_IP.yaml (md5 a3f0fcb0f3a069ccf0bd8c58ad840a8b)
[2025-09-13 06:33:28] 处理 list 文件：./TeamViewer/TeamViewer.list
[2025-09-13 06:33:28] 下载并规范化 payload -> ./TeamViewer/TeamViewer_OCD_Domain.yaml (md5 32e0b32c533624cfeda4093788e1e008)
[2025-09-13 06:33:28] 下载并规范化 payload -> ./TeamViewer/TeamViewer_OCD_IP.yaml (md5 91d33aa3edabc0983eb03a449371cd58)
[2025-09-13 06:33:28] 处理 list 文件：./CaiXinChuanMei/CaiXinChuanMei.list
[2025-09-13 06:33:28] 下载并规范化 payload -> ./CaiXinChuanMei/CaiXinChuanMei_OCD_Domain.yaml (md5 39c52fc61907ca369c87327bd37e2344)
[2025-09-13 06:33:28] 下载并规范化 payload -> ./CaiXinChuanMei/CaiXinChuanMei_OCD_IP.yaml (md5 a3f0fcb0f3a069ccf0bd8c58ad840a8b)
[2025-09-13 06:33:28] 处理 list 文件：./AdGuardSDNSFilter/Direct/Direct.list
[2025-09-13 06:33:28] 下载并规范化 payload -> ./AdGuardSDNSFilter/Direct/Direct_OCD_Domain.yaml (md5 5213b89d7e42fd6ca2c274c9a13e25d2)
[2025-09-13 06:33:28] 下载并规范化 payload -> ./AdGuardSDNSFilter/Direct/Direct_OCD_IP.yaml (md5 a3f0fcb0f3a069ccf0bd8c58ad840a8b)
[2025-09-13 06:33:28] 处理 list 文件：./AdGuardSDNSFilter/AdGuardSDNSFilter.list
[2025-09-13 06:33:28] 下载并规范化 payload -> ./AdGuardSDNSFilter/AdGuardSDNSFilter_OCD_Domain.yaml (md5 d0c39af8b596f4628fbd51797bcff98e)
[2025-09-13 06:33:28] 下载并规范化 payload -> ./AdGuardSDNSFilter/AdGuardSDNSFilter_OCD_IP.yaml (md5 a3f0fcb0f3a069ccf0bd8c58ad840a8b)
[2025-09-13 06:33:28] 处理 list 文件：./Arphic/Arphic.list
[2025-09-13 06:33:28] 下载并规范化 payload -> ./Arphic/Arphic_OCD_Domain.yaml (md5 e919f3fcbe17ca228495d8df5b8feedb)
[2025-09-13 06:33:28] 下载并规范化 payload -> ./Arphic/Arphic_OCD_IP.yaml (md5 a3f0fcb0f3a069ccf0bd8c58ad840a8b)
[2025-09-13 06:33:28] 处理 list 文件：./Sony/Sony.list
[2025-09-13 06:33:28] 下载并规范化 payload -> ./Sony/Sony_OCD_Domain.yaml (md5 3ee30c092f100489f0036190ad2536ab)
[2025-09-13 06:33:28] 下载并规范化 payload -> ./Sony/Sony_OCD_IP.yaml (md5 a3f0fcb0f3a069ccf0bd8c58ad840a8b)
[2025-09-13 06:33:28] 处理 list 文件：./Tesla/Tesla.list
[2025-09-13 06:33:28] 下载并规范化 payload -> ./Tesla/Tesla_OCD_Domain.yaml (md5 2d5f60c10bae72e8a86e8482b4bb82a6)
[2025-09-13 06:33:29] 下载并规范化 payload -> ./Tesla/Tesla_OCD_IP.yaml (md5 a3f0fcb0f3a069ccf0bd8c58ad840a8b)
[2025-09-13 06:33:29] 处理 list 文件：./BaoFengYingYin/BaoFengYingYin.list
[2025-09-13 06:33:29] 下载并规范化 payload -> ./BaoFengYingYin/BaoFengYingYin_OCD_Domain.yaml (md5 c185431344cb3e9aec73151f089b6b29)
[2025-09-13 06:33:29] 下载并规范化 payload -> ./BaoFengYingYin/BaoFengYingYin_OCD_IP.yaml (md5 a3f0fcb0f3a069ccf0bd8c58ad840a8b)
[2025-09-13 06:33:29] 处理 list 文件：./Disney/Disney.list
[2025-09-13 06:33:29] 下载并规范化 payload -> ./Disney/Disney_OCD_Domain.yaml (md5 3f13d8b73e1a80b9f3a841c09496ccec)
[2025-09-13 06:33:29] 下载并规范化 payload -> ./Disney/Disney_OCD_IP.yaml (md5 a3f0fcb0f3a069ccf0bd8c58ad840a8b)
[2025-09-13 06:33:29] 处理 list 文件：./Sectigo/Sectigo.list
[2025-09-13 06:33:29] 下载并规范化 payload -> ./Sectigo/Sectigo_OCD_Domain.yaml (md5 cf5f3b6a5a5975d1820eacbd184943c3)
[2025-09-13 06:33:29] 下载并规范化 payload -> ./Sectigo/Sectigo_OCD_IP.yaml (md5 a3f0fcb0f3a069ccf0bd8c58ad840a8b)
[2025-09-13 06:33:29] 处理 list 文件：./XiaoGouKeJi/XiaoGouKeJi.list
[2025-09-13 06:33:29] 下载并规范化 payload -> ./XiaoGouKeJi/XiaoGouKeJi_OCD_Domain.yaml (md5 0b24131ba10d7e7c0bb4e2cfa1f49f7c)
[2025-09-13 06:33:29] 下载并规范化 payload -> ./XiaoGouKeJi/XiaoGouKeJi_OCD_IP.yaml (md5 a3f0fcb0f3a069ccf0bd8c58ad840a8b)
[2025-09-13 06:33:29] 处理 list 文件：./Domob/Domob.list
[2025-09-13 06:33:29] 下载并规范化 payload -> ./Domob/Domob_OCD_Domain.yaml (md5 d3a67b8dc75b8dc03be852431f11e909)
[2025-09-13 06:33:29] 下载并规范化 payload -> ./Domob/Domob_OCD_IP.yaml (md5 a3f0fcb0f3a069ccf0bd8c58ad840a8b)
[2025-09-13 06:33:29] 处理 list 文件：./Wanfang/Wanfang.list
[2025-09-13 06:33:29] 下载并规范化 payload -> ./Wanfang/Wanfang_OCD_Domain.yaml (md5 7ceab788a39c0a1c96f1eddfb74a3e09)
[2025-09-13 06:33:29] 下载并规范化 payload -> ./Wanfang/Wanfang_OCD_IP.yaml (md5 a3f0fcb0f3a069ccf0bd8c58ad840a8b)
[2025-09-13 06:33:29] 处理 list 文件：./ShangHaiJuXiao/ShangHaiJuXiao.list
[2025-09-13 06:33:29] 下载并规范化 payload -> ./ShangHaiJuXiao/ShangHaiJuXiao_OCD_Domain.yaml (md5 0a7e6d1b68e9523d2c601e48bf599c06)
[2025-09-13 06:33:29] 下载并规范化 payload -> ./ShangHaiJuXiao/ShangHaiJuXiao_OCD_IP.yaml (md5 a3f0fcb0f3a069ccf0bd8c58ad840a8b)
[2025-09-13 06:33:29] 处理 list 文件：./AnandTech/AnandTech.list
[2025-09-13 06:33:29] 下载并规范化 payload -> ./AnandTech/AnandTech_OCD_Domain.yaml (md5 ad74f04255303de38fd5f87407c59470)
[2025-09-13 06:33:29] 下载并规范化 payload -> ./AnandTech/AnandTech_OCD_IP.yaml (md5 a3f0fcb0f3a069ccf0bd8c58ad840a8b)
[2025-09-13 06:33:29] 处理 list 文件：./KKTV/KKTV.list
[2025-09-13 06:33:29] 下载并规范化 payload -> ./KKTV/KKTV_OCD_Domain.yaml (md5 84204fcf7cf3742c4fdd9ddad13e0f07)
[2025-09-13 06:33:29] 下载并规范化 payload -> ./KKTV/KKTV_OCD_IP.yaml (md5 a3f0fcb0f3a069ccf0bd8c58ad840a8b)
[2025-09-13 06:33:29] 处理 list 文件：./Scholar/Scholar.list
[2025-09-13 06:33:29] 下载并规范化 payload -> ./Scholar/Scholar_OCD_Domain.yaml (md5 2605bc0f8dd5774b9d8875f86c6c3f15)
[2025-09-13 06:33:29] 下载并规范化 payload -> ./Scholar/Scholar_OCD_IP.yaml (md5 a3f0fcb0f3a069ccf0bd8c58ad840a8b)
[2025-09-13 06:33:29] 处理 list 文件：./GaoDe/GaoDe.list
[2025-09-13 06:33:29] 下载并规范化 payload -> ./GaoDe/GaoDe_OCD_Domain.yaml (md5 e0825a1b1fc50e43e6981045553f74d5)
[2025-09-13 06:33:29] 下载并规范化 payload -> ./GaoDe/GaoDe_OCD_IP.yaml (md5 a3f0fcb0f3a069ccf0bd8c58ad840a8b)
[2025-09-13 06:33:29] 处理 list 文件：./Beats/Beats.list
[2025-09-13 06:33:29] 下载并规范化 payload -> ./Beats/Beats_OCD_Domain.yaml (md5 082b5c4810393931c95150ed993b7caf)
[2025-09-13 06:33:29] 下载并规范化 payload -> ./Beats/Beats_OCD_IP.yaml (md5 a3f0fcb0f3a069ccf0bd8c58ad840a8b)
[2025-09-13 06:33:29] 处理 list 文件：./SmarTone/SmarTone.list
[2025-09-13 06:33:29] 下载并规范化 payload -> ./SmarTone/SmarTone_OCD_Domain.yaml (md5 4820143bbe51cbd13b6b9d7c1eeb34b4)
[2025-09-13 06:33:29] 下载并规范化 payload -> ./SmarTone/SmarTone_OCD_IP.yaml (md5 a3f0fcb0f3a069ccf0bd8c58ad840a8b)
[2025-09-13 06:33:29] 处理 list 文件：./WIX/WIX.list
[2025-09-13 06:33:29] 下载并规范化 payload -> ./WIX/WIX_OCD_Domain.yaml (md5 d072a629318c723bb9f22b021a5567f0)
[2025-09-13 06:33:29] 下载并规范化 payload -> ./WIX/WIX_OCD_IP.yaml (md5 a3f0fcb0f3a069ccf0bd8c58ad840a8b)
[2025-09-13 06:33:29] 处理 list 文件：./ProxyLite/ProxyLite.list
[2025-09-13 06:33:29] 下载并规范化 payload -> ./ProxyLite/ProxyLite_OCD_Domain.yaml (md5 82d6b787f8e28e1eb0dc916410e6ad4d)
[2025-09-13 06:33:29] 下载并规范化 payload -> ./ProxyLite/ProxyLite_OCD_IP.yaml (md5 e3cf73067d4557f579dabca74c883dbe)
[2025-09-13 06:33:29] 处理 list 文件：./Bootcss/Bootcss.list
[2025-09-13 06:33:29] 下载并规范化 payload -> ./Bootcss/Bootcss_OCD_Domain.yaml (md5 dd0f63eab3005f659b5b90b2dec99c10)
[2025-09-13 06:33:29] 下载并规范化 payload -> ./Bootcss/Bootcss_OCD_IP.yaml (md5 a3f0fcb0f3a069ccf0bd8c58ad840a8b)
[2025-09-13 06:33:29] 处理 list 文件：./Majsoul/Majsoul.list
[2025-09-13 06:33:29] 下载并规范化 payload -> ./Majsoul/Majsoul_OCD_Domain.yaml (md5 a1031afdfee3dac723b619af86d3f579)
[2025-09-13 06:33:29] 下载并规范化 payload -> ./Majsoul/Majsoul_OCD_IP.yaml (md5 a3f0fcb0f3a069ccf0bd8c58ad840a8b)
[2025-09-13 06:33:29] 处理 list 文件：./Mailru/Mailru.list
[2025-09-13 06:33:29] 下载并规范化 payload -> ./Mailru/Mailru_OCD_Domain.yaml (md5 4fe947ce0fd13c6ee69c7bea457bb6b8)
[2025-09-13 06:33:29] 下载并规范化 payload -> ./Mailru/Mailru_OCD_IP.yaml (md5 a3f0fcb0f3a069ccf0bd8c58ad840a8b)
[2025-09-13 06:33:29] 处理 list 文件：./WeChat/WeChat.list
[2025-09-13 06:33:29] 下载并规范化 payload -> ./WeChat/WeChat_OCD_Domain.yaml (md5 8e60190d7e80efad191c92e0068cca62)
[2025-09-13 06:33:29] 下载并规范化 payload -> ./WeChat/WeChat_OCD_IP.yaml (md5 a3f0fcb0f3a069ccf0bd8c58ad840a8b)
[2025-09-13 06:33:29] 处理 list 文件：./Adobe/Adobe.list
[2025-09-13 06:33:29] 下载并规范化 payload -> ./Adobe/Adobe_OCD_Domain.yaml (md5 94a8da3a059aa2f9f6a9510a26dfe5e9)
[2025-09-13 06:33:29] 下载并规范化 payload -> ./Adobe/Adobe_OCD_IP.yaml (md5 a3f0fcb0f3a069ccf0bd8c58ad840a8b)
[2025-09-13 06:33:29] 处理 list 文件：./FreeCodeCamp/FreeCodeCamp.list
[2025-09-13 06:33:29] 下载并规范化 payload -> ./FreeCodeCamp/FreeCodeCamp_OCD_Domain.yaml (md5 a565429a44c481b48bd5c3ea693efba3)
[2025-09-13 06:33:29] 下载并规范化 payload -> ./FreeCodeCamp/FreeCodeCamp_OCD_IP.yaml (md5 a3f0fcb0f3a069ccf0bd8c58ad840a8b)
[2025-09-13 06:33:29] 处理 list 文件：./Dedao/Dedao.list
[2025-09-13 06:33:29] 下载并规范化 payload -> ./Dedao/Dedao_OCD_Domain.yaml (md5 7785dab2522d6550f41c21e19eeebe4e)
[2025-09-13 06:33:30] 下载并规范化 payload -> ./Dedao/Dedao_OCD_IP.yaml (md5 a3f0fcb0f3a069ccf0bd8c58ad840a8b)
[2025-09-13 06:33:30] 处理 list 文件：./LondonReal/LondonReal.list
[2025-09-13 06:33:30] 下载并规范化 payload -> ./LondonReal/LondonReal_OCD_Domain.yaml (md5 13be784b4231ce1a62043f6350f395b0)
[2025-09-13 06:33:30] 下载并规范化 payload -> ./LondonReal/LondonReal_OCD_IP.yaml (md5 a3f0fcb0f3a069ccf0bd8c58ad840a8b)
[2025-09-13 06:33:30] 处理 list 文件：./Cisco/Cisco.list
[2025-09-13 06:33:30] 下载并规范化 payload -> ./Cisco/Cisco_OCD_Domain.yaml (md5 2e8e5556bf562a85693ce69023ffedb0)
[2025-09-13 06:33:30] 下载并规范化 payload -> ./Cisco/Cisco_OCD_IP.yaml (md5 a3f0fcb0f3a069ccf0bd8c58ad840a8b)
[2025-09-13 06:33:30] 处理 list 文件：./CKJR/CKJR.list
[2025-09-13 06:33:30] 下载并规范化 payload -> ./CKJR/CKJR_OCD_Domain.yaml (md5 38100528b1b81cb80fc2ca9256d91b58)
[2025-09-13 06:33:30] 下载并规范化 payload -> ./CKJR/CKJR_OCD_IP.yaml (md5 a3f0fcb0f3a069ccf0bd8c58ad840a8b)
[2025-09-13 06:33:30] 处理 list 文件：./GitHub/GitHub.list
[2025-09-13 06:33:30] 下载并规范化 payload -> ./GitHub/GitHub_OCD_Domain.yaml (md5 54b256ea18819b6d98f35549c1c6914d)
[2025-09-13 06:33:30] 下载并规范化 payload -> ./GitHub/GitHub_OCD_IP.yaml (md5 a3f0fcb0f3a069ccf0bd8c58ad840a8b)
[2025-09-13 06:33:30] 处理 list 文件：./Bing/Bing.list
[2025-09-13 06:33:30] 下载并规范化 payload -> ./Bing/Bing_OCD_Domain.yaml (md5 5864be8009905e8459361e4866f06c1e)
[2025-09-13 06:33:30] 下载并规范化 payload -> ./Bing/Bing_OCD_IP.yaml (md5 a3f0fcb0f3a069ccf0bd8c58ad840a8b)
[2025-09-13 06:33:30] 处理 list 文件：./SlideShare/SlideShare.list
[2025-09-13 06:33:30] 下载并规范化 payload -> ./SlideShare/SlideShare_OCD_Domain.yaml (md5 43b26909ec24fc37c5767ea6ce6a081b)
[2025-09-13 06:33:30] 下载并规范化 payload -> ./SlideShare/SlideShare_OCD_IP.yaml (md5 a3f0fcb0f3a069ccf0bd8c58ad840a8b)
[2025-09-13 06:33:30] 处理 list 文件：./Cloud/KingsoftCloud/KingsoftCloud.list
[2025-09-13 06:33:30] 下载并规范化 payload -> ./Cloud/KingsoftCloud/KingsoftCloud_OCD_Domain.yaml (md5 bf283cdb142326ac594529204aea1969)
[2025-09-13 06:33:30] 下载并规范化 payload -> ./Cloud/KingsoftCloud/KingsoftCloud_OCD_IP.yaml (md5 c8bcebdf724fcd8f6575474ddb8247ac)
[2025-09-13 06:33:30] 处理 list 文件：./Cloud/HuaweiCloud/HuaweiCloud.list
[2025-09-13 06:33:30] 下载并规范化 payload -> ./Cloud/HuaweiCloud/HuaweiCloud_OCD_Domain.yaml (md5 bf283cdb142326ac594529204aea1969)
[2025-09-13 06:33:30] 下载并规范化 payload -> ./Cloud/HuaweiCloud/HuaweiCloud_OCD_IP.yaml (md5 8af42cb36a32a04568ea841d06728987)
[2025-09-13 06:33:30] 处理 list 文件：./Cloud/AkamaiCloud/AkamaiCloud.list
[2025-09-13 06:33:30] 下载并规范化 payload -> ./Cloud/AkamaiCloud/AkamaiCloud_OCD_Domain.yaml (md5 bf283cdb142326ac594529204aea1969)
[2025-09-13 06:33:30] 下载并规范化 payload -> ./Cloud/AkamaiCloud/AkamaiCloud_OCD_IP.yaml (md5 8e03655de6f7459005b06a5fb3abf0cf)
[2025-09-13 06:33:30] 处理 list 文件：./Cloud/BaiduCloud/BaiduCloud.list
[2025-09-13 06:33:30] 下载并规范化 payload -> ./Cloud/BaiduCloud/BaiduCloud_OCD_Domain.yaml (md5 bf283cdb142326ac594529204aea1969)
[2025-09-13 06:33:30] 下载并规范化 payload -> ./Cloud/BaiduCloud/BaiduCloud_OCD_IP.yaml (md5 fe3e54aefbae8e70275d8188a3363001)
[2025-09-13 06:33:30] 处理 list 文件：./Cloud/360Cloud/360Cloud.list
[2025-09-13 06:33:30] 下载并规范化 payload -> ./Cloud/360Cloud/360Cloud_OCD_Domain.yaml (md5 bf283cdb142326ac594529204aea1969)
[2025-09-13 06:33:30] 下载并规范化 payload -> ./Cloud/360Cloud/360Cloud_OCD_IP.yaml (md5 ee989ea5450b5531696cfa018551a23e)
[2025-09-13 06:33:30] 处理 list 文件：./Cloud/AmazonCloud/AmazonCloud.list
[2025-09-13 06:33:30] 下载并规范化 payload -> ./Cloud/AmazonCloud/AmazonCloud_OCD_Domain.yaml (md5 bf283cdb142326ac594529204aea1969)
[2025-09-13 06:33:30] 下载并规范化 payload -> ./Cloud/AmazonCloud/AmazonCloud_OCD_IP.yaml (md5 0425d1c59bc07b377384d23859ccac01)
[2025-09-13 06:33:30] 处理 list 文件：./Cloud/HiNet/HiNet.list
[2025-09-13 06:33:30] 下载并规范化 payload -> ./Cloud/HiNet/HiNet_OCD_Domain.yaml (md5 bf283cdb142326ac594529204aea1969)
[2025-09-13 06:33:30] 下载并规范化 payload -> ./Cloud/HiNet/HiNet_OCD_IP.yaml (md5 69f7b88bd43d404849c7d69de5222133)
[2025-09-13 06:33:30] 处理 list 文件：./Cloud/CloudCN/CloudCN.list
[2025-09-13 06:33:30] 下载并规范化 payload -> ./Cloud/CloudCN/CloudCN_OCD_Domain.yaml (md5 bf283cdb142326ac594529204aea1969)
[2025-09-13 06:33:30] 下载并规范化 payload -> ./Cloud/CloudCN/CloudCN_OCD_IP.yaml (md5 17901750875b047e7b4c9ed1321fe273)
[2025-09-13 06:33:30] 处理 list 文件：./Cloud/NeteaseCloud/NeteaseCloud.list
[2025-09-13 06:33:30] 下载并规范化 payload -> ./Cloud/NeteaseCloud/NeteaseCloud_OCD_Domain.yaml (md5 bf283cdb142326ac594529204aea1969)
[2025-09-13 06:33:30] 下载并规范化 payload -> ./Cloud/NeteaseCloud/NeteaseCloud_OCD_IP.yaml (md5 500f55940ad2b84c63fb52e20cdff010)
[2025-09-13 06:33:30] 处理 list 文件：./Cloud/CloudGlobal/CloudGlobal.list
[2025-09-13 06:33:30] 下载并规范化 payload -> ./Cloud/CloudGlobal/CloudGlobal_OCD_Domain.yaml (md5 4e1b2d635532f26ed366c67f8bfdd86f)
[2025-09-13 06:33:30] 下载并规范化 payload -> ./Cloud/CloudGlobal/CloudGlobal_OCD_IP.yaml (md5 ec22223cfbd656b57655e98214acd6f1)
[2025-09-13 06:33:30] 处理 list 文件：./Cloud/JingDongCloud/JingDongCloud.list
[2025-09-13 06:33:30] 下载并规范化 payload -> ./Cloud/JingDongCloud/JingDongCloud_OCD_Domain.yaml (md5 bf283cdb142326ac594529204aea1969)
[2025-09-13 06:33:30] 下载并规范化 payload -> ./Cloud/JingDongCloud/JingDongCloud_OCD_IP.yaml (md5 77e93862e95f4f9450edce2833660251)
[2025-09-13 06:33:30] 处理 list 文件：./Cloud/TencentCloud/TencentCloud.list
[2025-09-13 06:33:30] 下载并规范化 payload -> ./Cloud/TencentCloud/TencentCloud_OCD_Domain.yaml (md5 bf283cdb142326ac594529204aea1969)
[2025-09-13 06:33:30] 下载并规范化 payload -> ./Cloud/TencentCloud/TencentCloud_OCD_IP.yaml (md5 f2fb45c290799d39a765f9e26a2ac449)
[2025-09-13 06:33:30] 处理 list 文件：./Microsoft/Microsoft.list
[2025-09-13 06:33:30] 下载并规范化 payload -> ./Microsoft/Microsoft_OCD_Domain.yaml (md5 77870339b2e113d52bc39d5ea9951d19)
[2025-09-13 06:33:30] 下载并规范化 payload -> ./Microsoft/Microsoft_OCD_IP.yaml (md5 a3f0fcb0f3a069ccf0bd8c58ad840a8b)
[2025-09-13 06:33:30] 处理 list 文件：./QuickConnect/QuickConnect.list
[2025-09-13 06:33:30] 下载并规范化 payload -> ./QuickConnect/QuickConnect_OCD_Domain.yaml (md5 aab0d5a65c7bed89180249c3930bf9f3)
[2025-09-13 06:33:30] 下载并规范化 payload -> ./QuickConnect/QuickConnect_OCD_IP.yaml (md5 a3f0fcb0f3a069ccf0bd8c58ad840a8b)
[2025-09-13 06:33:30] 处理 list 文件：./DiDi/DiDi.list
[2025-09-13 06:33:30] 下载并规范化 payload -> ./DiDi/DiDi_OCD_Domain.yaml (md5 4bdfdc9881e6f9f4a6498c2f98efcdbd)
[2025-09-13 06:33:30] 下载并规范化 payload -> ./DiDi/DiDi_OCD_IP.yaml (md5 a3f0fcb0f3a069ccf0bd8c58ad840a8b)
[2025-09-13 06:33:30] 处理 list 文件：./JiGuangTuiSong/JiGuangTuiSong.list
[2025-09-13 06:33:31] 下载并规范化 payload -> ./JiGuangTuiSong/JiGuangTuiSong_OCD_Domain.yaml (md5 45604b47bf893e3cfdf1d8f28a7045f8)
[2025-09-13 06:33:31] 下载并规范化 payload -> ./JiGuangTuiSong/JiGuangTuiSong_OCD_IP.yaml (md5 a3f0fcb0f3a069ccf0bd8c58ad840a8b)
[2025-09-13 06:33:31] 处理 list 文件：./ALJazeera/ALJazeera.list
[2025-09-13 06:33:31] 下载并规范化 payload -> ./ALJazeera/ALJazeera_OCD_Domain.yaml (md5 6541c23698ebb0f3fd5ca870a55ffc88)
[2025-09-13 06:33:31] 下载并规范化 payload -> ./ALJazeera/ALJazeera_OCD_IP.yaml (md5 a3f0fcb0f3a069ccf0bd8c58ad840a8b)
[2025-09-13 06:33:31] 处理 list 文件：./China/China.list
[2025-09-13 06:33:31] 下载并规范化 payload -> ./China/China_OCD_Domain.yaml (md5 b485c620253ac3d4520d211a17e2d7fc)
[2025-09-13 06:33:31] 下载并规范化 payload -> ./China/China_OCD_IP.yaml (md5 612773a06ff5f48243fb86536ae0fc3b)
[2025-09-13 06:33:31] 处理 list 文件：./AppleTV/AppleTV.list
[2025-09-13 06:33:31] 下载并规范化 payload -> ./AppleTV/AppleTV_OCD_Domain.yaml (md5 8612704bfb99f70e5326dcdc7bae9a12)
[2025-09-13 06:33:31] 下载并规范化 payload -> ./AppleTV/AppleTV_OCD_IP.yaml (md5 a3f0fcb0f3a069ccf0bd8c58ad840a8b)
[2025-09-13 06:33:31] 处理 list 文件：./SteamCN/SteamCN.list
[2025-09-13 06:33:31] 下载并规范化 payload -> ./SteamCN/SteamCN_OCD_Domain.yaml (md5 18c3907208d600faf213b7d662c41cc0)
[2025-09-13 06:33:31] 下载并规范化 payload -> ./SteamCN/SteamCN_OCD_IP.yaml (md5 a3f0fcb0f3a069ccf0bd8c58ad840a8b)
[2025-09-13 06:33:31] 处理 list 文件：./XieCheng/XieCheng.list
[2025-09-13 06:33:31] 下载并规范化 payload -> ./XieCheng/XieCheng_OCD_Domain.yaml (md5 3abac299feaf6b71b4654f9f8170af31)
[2025-09-13 06:33:31] 下载并规范化 payload -> ./XieCheng/XieCheng_OCD_IP.yaml (md5 a3f0fcb0f3a069ccf0bd8c58ad840a8b)
[2025-09-13 06:33:31] 处理 list 文件：./YiXiaKeJi/YiXiaKeJi.list
[2025-09-13 06:33:31] 下载并规范化 payload -> ./YiXiaKeJi/YiXiaKeJi_OCD_Domain.yaml (md5 b7cd2e9c0eccdd30cc5fa9c303d92b4c)
[2025-09-13 06:33:31] 下载并规范化 payload -> ./YiXiaKeJi/YiXiaKeJi_OCD_IP.yaml (md5 a3f0fcb0f3a069ccf0bd8c58ad840a8b)
[2025-09-13 06:33:31] 处理 list 文件：./iCloudPrivateRelay/iCloudPrivateRelay.list
[2025-09-13 06:33:31] 下载并规范化 payload -> ./iCloudPrivateRelay/iCloudPrivateRelay_OCD_Domain.yaml (md5 dacffb54033f63ec65a611ec097db25f)
[2025-09-13 06:33:31] 下载并规范化 payload -> ./iCloudPrivateRelay/iCloudPrivateRelay_OCD_IP.yaml (md5 a3f0fcb0f3a069ccf0bd8c58ad840a8b)
[2025-09-13 06:33:31] 处理 list 文件：./Xunlei/Xunlei.list
[2025-09-13 06:33:31] 下载并规范化 payload -> ./Xunlei/Xunlei_OCD_Domain.yaml (md5 f382586d5e06d005a8f534e92f205552)
[2025-09-13 06:33:31] 下载并规范化 payload -> ./Xunlei/Xunlei_OCD_IP.yaml (md5 a3f0fcb0f3a069ccf0bd8c58ad840a8b)
[2025-09-13 06:33:31] 处理 list 文件：./FengXiaWangLuo/FengXiaWangLuo.list
[2025-09-13 06:33:31] 下载并规范化 payload -> ./FengXiaWangLuo/FengXiaWangLuo_OCD_Domain.yaml (md5 c0c7410eb57da8dc451a8b3756c2c49c)
[2025-09-13 06:33:31] 下载并规范化 payload -> ./FengXiaWangLuo/FengXiaWangLuo_OCD_IP.yaml (md5 a3f0fcb0f3a069ccf0bd8c58ad840a8b)
[2025-09-13 06:33:31] 处理 list 文件：./Vancl/Vancl.list
[2025-09-13 06:33:31] 下载并规范化 payload -> ./Vancl/Vancl_OCD_Domain.yaml (md5 07379d43a39f02c87aca974a30823fea)
[2025-09-13 06:33:31] 下载并规范化 payload -> ./Vancl/Vancl_OCD_IP.yaml (md5 a3f0fcb0f3a069ccf0bd8c58ad840a8b)
[2025-09-13 06:33:31] 处理 list 文件：./Imgur/Imgur.list
[2025-09-13 06:33:31] 下载并规范化 payload -> ./Imgur/Imgur_OCD_Domain.yaml (md5 3884b38242a68eb1805f7dc6da569ee2)
[2025-09-13 06:33:31] 下载并规范化 payload -> ./Imgur/Imgur_OCD_IP.yaml (md5 a3f0fcb0f3a069ccf0bd8c58ad840a8b)
[2025-09-13 06:33:31] 处理 list 文件：./BeStore/BeStore.list
[2025-09-13 06:33:31] 下载并规范化 payload -> ./BeStore/BeStore_OCD_Domain.yaml (md5 842583052f53f285aebaa2d204ca1cee)
[2025-09-13 06:33:31] 下载并规范化 payload -> ./BeStore/BeStore_OCD_IP.yaml (md5 a3f0fcb0f3a069ccf0bd8c58ad840a8b)
[2025-09-13 06:33:31] 处理 list 文件：./ShiNongZhiKe/ShiNongZhiKe.list
[2025-09-13 06:33:31] 下载并规范化 payload -> ./ShiNongZhiKe/ShiNongZhiKe_OCD_Domain.yaml (md5 779f825979c199b1624f2d6ad64ae4d1)
[2025-09-13 06:33:31] 下载并规范化 payload -> ./ShiNongZhiKe/ShiNongZhiKe_OCD_IP.yaml (md5 a3f0fcb0f3a069ccf0bd8c58ad840a8b)
[2025-09-13 06:33:31] 处理 list 文件：./OnePlus/OnePlus.list
[2025-09-13 06:33:31] 下载并规范化 payload -> ./OnePlus/OnePlus_OCD_Domain.yaml (md5 026c4bce124f7db3008a30320c7021d6)
[2025-09-13 06:33:31] 下载并规范化 payload -> ./OnePlus/OnePlus_OCD_IP.yaml (md5 a3f0fcb0f3a069ccf0bd8c58ad840a8b)
[2025-09-13 06:33:31] 处理 list 文件：./ShiJiChaoXing/ShiJiChaoXing.list
[2025-09-13 06:33:31] 下载并规范化 payload -> ./ShiJiChaoXing/ShiJiChaoXing_OCD_Domain.yaml (md5 87bdabb86b057c68a0b5e1718b019809)
[2025-09-13 06:33:31] 下载并规范化 payload -> ./ShiJiChaoXing/ShiJiChaoXing_OCD_IP.yaml (md5 a3f0fcb0f3a069ccf0bd8c58ad840a8b)
[2025-09-13 06:33:31] 处理 list 文件：./Spark/Spark.list
[2025-09-13 06:33:31] 下载并规范化 payload -> ./Spark/Spark_OCD_Domain.yaml (md5 656caa391d282ba1b4f997357c6aad95)
[2025-09-13 06:33:31] 下载并规范化 payload -> ./Spark/Spark_OCD_IP.yaml (md5 a3f0fcb0f3a069ccf0bd8c58ad840a8b)
[2025-09-13 06:33:31] 处理 list 文件：./MEGA/MEGA.list
[2025-09-13 06:33:31] 下载并规范化 payload -> ./MEGA/MEGA_OCD_Domain.yaml (md5 538e0e5320477abee725c0b6ec92fad1)
[2025-09-13 06:33:31] 下载并规范化 payload -> ./MEGA/MEGA_OCD_IP.yaml (md5 37e7bc6a280e7e3f4eea193e17aa26f9)
[2025-09-13 06:33:31] 处理 list 文件：./Twitch/Twitch.list
[2025-09-13 06:33:31] 下载并规范化 payload -> ./Twitch/Twitch_OCD_Domain.yaml (md5 355456975600b91c2c20087ccbae7a88)
[2025-09-13 06:33:31] 下载并规范化 payload -> ./Twitch/Twitch_OCD_IP.yaml (md5 6065814b8ee129873c918e363c4bb438)
[2025-09-13 06:33:31] 处理 list 文件：./SublimeText/SublimeText.list
[2025-09-13 06:33:31] 下载并规范化 payload -> ./SublimeText/SublimeText_OCD_Domain.yaml (md5 bf48289bc68bb45b19df418a2f2bfeba)
[2025-09-13 06:33:31] 下载并规范化 payload -> ./SublimeText/SublimeText_OCD_IP.yaml (md5 a3f0fcb0f3a069ccf0bd8c58ad840a8b)
[2025-09-13 06:33:31] 处理 list 文件：./HibyMusic/HibyMusic.list
[2025-09-13 06:33:31] 下载并规范化 payload -> ./HibyMusic/HibyMusic_OCD_Domain.yaml (md5 581f2422554e135df61fa9f11e674dbd)
[2025-09-13 06:33:31] 下载并规范化 payload -> ./HibyMusic/HibyMusic_OCD_IP.yaml (md5 a3f0fcb0f3a069ccf0bd8c58ad840a8b)
[2025-09-13 06:33:31] 处理 list 文件：./Geely/Geely.list
[2025-09-13 06:33:31] 下载并规范化 payload -> ./Geely/Geely_OCD_Domain.yaml (md5 1239892586d8edc908bcaaaaf99c8647)
[2025-09-13 06:33:32] 下载并规范化 payload -> ./Geely/Geely_OCD_IP.yaml (md5 a3f0fcb0f3a069ccf0bd8c58ad840a8b)
[2025-09-13 06:33:32] 处理 list 文件：./Wikipedia/Wikipedia.list
[2025-09-13 06:33:32] 下载并规范化 payload -> ./Wikipedia/Wikipedia_OCD_Domain.yaml (md5 bf8f3ff3ef8c8ebcf84fc69108f2add3)
[2025-09-13 06:33:32] 下载并规范化 payload -> ./Wikipedia/Wikipedia_OCD_IP.yaml (md5 a3f0fcb0f3a069ccf0bd8c58ad840a8b)
[2025-09-13 06:33:32] 处理 list 文件：./YiChe/YiChe.list
[2025-09-13 06:33:32] 下载并规范化 payload -> ./YiChe/YiChe_OCD_Domain.yaml (md5 fa7d5dc0ff5447e85bd7c0724351e9db)
[2025-09-13 06:33:32] 下载并规范化 payload -> ./YiChe/YiChe_OCD_IP.yaml (md5 a3f0fcb0f3a069ccf0bd8c58ad840a8b)
[2025-09-13 06:33:32] 处理 list 文件：./DMM/DMM.list
[2025-09-13 06:33:32] 下载并规范化 payload -> ./DMM/DMM_OCD_Domain.yaml (md5 299341f5b36a335cf4ac9a98894b4f08)
[2025-09-13 06:33:32] 下载并规范化 payload -> ./DMM/DMM_OCD_IP.yaml (md5 47db78bc05c41d4915358a495fcb6537)
[2025-09-13 06:33:32] 处理 list 文件：./DtDNS/DtDNS.list
[2025-09-13 06:33:32] 下载并规范化 payload -> ./DtDNS/DtDNS_OCD_Domain.yaml (md5 1c680f1b8f00c833faef4f55e642e12d)
[2025-09-13 06:33:32] 下载并规范化 payload -> ./DtDNS/DtDNS_OCD_IP.yaml (md5 a3f0fcb0f3a069ccf0bd8c58ad840a8b)
[2025-09-13 06:33:32] 处理 list 文件：./Gettyimages/Gettyimages.list
[2025-09-13 06:33:32] 下载并规范化 payload -> ./Gettyimages/Gettyimages_OCD_Domain.yaml (md5 e779fc5cd44320ec7c7ad5e5628a7da2)
[2025-09-13 06:33:32] 下载并规范化 payload -> ./Gettyimages/Gettyimages_OCD_IP.yaml (md5 a3f0fcb0f3a069ccf0bd8c58ad840a8b)
[2025-09-13 06:33:32] 处理 list 文件：./BardAI/BardAI.list
[2025-09-13 06:33:32] 下载并规范化 payload -> ./BardAI/BardAI_OCD_Domain.yaml (md5 b8b5306b86710c86366b088b6da149bc)
[2025-09-13 06:33:32] 下载并规范化 payload -> ./BardAI/BardAI_OCD_IP.yaml (md5 a3f0fcb0f3a069ccf0bd8c58ad840a8b)
[2025-09-13 06:33:32] 处理 list 文件：./Verisign/Verisign.list
[2025-09-13 06:33:32] 下载并规范化 payload -> ./Verisign/Verisign_OCD_Domain.yaml (md5 c733c27c5ced1b52fa47191cb27efe6c)
[2025-09-13 06:33:32] 下载并规范化 payload -> ./Verisign/Verisign_OCD_IP.yaml (md5 a3f0fcb0f3a069ccf0bd8c58ad840a8b)
[2025-09-13 06:33:32] 处理 list 文件：./AmazonIP/AmazonIP.list
[2025-09-13 06:33:32] 下载并规范化 payload -> ./AmazonIP/AmazonIP_OCD_Domain.yaml (md5 bf283cdb142326ac594529204aea1969)
[2025-09-13 06:33:32] 下载并规范化 payload -> ./AmazonIP/AmazonIP_OCD_IP.yaml (md5 776dd0c27020d1c7f5ce503568dcb046)
[2025-09-13 06:33:32] 处理 list 文件：./Emojipedia/Emojipedia.list
[2025-09-13 06:33:32] 下载并规范化 payload -> ./Emojipedia/Emojipedia_OCD_Domain.yaml (md5 6fb0faf92227fc23a12c49a9ed058b58)
[2025-09-13 06:33:32] 下载并规范化 payload -> ./Emojipedia/Emojipedia_OCD_IP.yaml (md5 a3f0fcb0f3a069ccf0bd8c58ad840a8b)
[2025-09-13 06:33:32] 处理 list 文件：./178/178.list
[2025-09-13 06:33:32] 下载并规范化 payload -> ./178/178_OCD_Domain.yaml (md5 a64412a696aa85cacf3a1b65782c32d0)
[2025-09-13 06:33:32] 下载并规范化 payload -> ./178/178_OCD_IP.yaml (md5 a3f0fcb0f3a069ccf0bd8c58ad840a8b)
[2025-09-13 06:33:32] 处理 list 文件：./GoogleSearch/GoogleSearch.list
[2025-09-13 06:33:32] 下载并规范化 payload -> ./GoogleSearch/GoogleSearch_OCD_Domain.yaml (md5 bf283cdb142326ac594529204aea1969)
[2025-09-13 06:33:32] 下载并规范化 payload -> ./GoogleSearch/GoogleSearch_OCD_IP.yaml (md5 a3f0fcb0f3a069ccf0bd8c58ad840a8b)
[2025-09-13 06:33:32] 处理 list 文件：./ABC/ABC.list
[2025-09-13 06:33:32] 下载并规范化 payload -> ./ABC/ABC_OCD_Domain.yaml (md5 d12993ff915d2aec691e4fd845c918f3)
[2025-09-13 06:33:32] 下载并规范化 payload -> ./ABC/ABC_OCD_IP.yaml (md5 a3f0fcb0f3a069ccf0bd8c58ad840a8b)
[2025-09-13 06:33:32] 处理 list 文件：./Gucci/Gucci.list
[2025-09-13 06:33:32] 下载并规范化 payload -> ./Gucci/Gucci_OCD_Domain.yaml (md5 76ebc1ba976f7308db2a36aff51e758e)
[2025-09-13 06:33:32] 下载并规范化 payload -> ./Gucci/Gucci_OCD_IP.yaml (md5 a3f0fcb0f3a069ccf0bd8c58ad840a8b)
[2025-09-13 06:33:32] 处理 list 文件：./Supercell/Supercell.list
[2025-09-13 06:33:32] 下载并规范化 payload -> ./Supercell/Supercell_OCD_Domain.yaml (md5 ab792c89d2ed8f9d36f928daeae34cb0)
[2025-09-13 06:33:32] 下载并规范化 payload -> ./Supercell/Supercell_OCD_IP.yaml (md5 e7994119645edec742253b478f734f70)
[2025-09-13 06:33:32] 处理 list 文件：./Duckduckgo/Duckduckgo.list
[2025-09-13 06:33:32] 下载并规范化 payload -> ./Duckduckgo/Duckduckgo_OCD_Domain.yaml (md5 956d1d457fb66f71ca035c1ef31ad480)
[2025-09-13 06:33:32] 下载并规范化 payload -> ./Duckduckgo/Duckduckgo_OCD_IP.yaml (md5 a3f0fcb0f3a069ccf0bd8c58ad840a8b)
[2025-09-13 06:33:32] 处理 list 文件：./Disqus/Disqus.list
[2025-09-13 06:33:32] 下载并规范化 payload -> ./Disqus/Disqus_OCD_Domain.yaml (md5 053a9e047cf54ba9468f89553c5dd027)
[2025-09-13 06:33:32] 下载并规范化 payload -> ./Disqus/Disqus_OCD_IP.yaml (md5 a3f0fcb0f3a069ccf0bd8c58ad840a8b)
[2025-09-13 06:33:32] 处理 list 文件：./WiFiMaster/WiFiMaster.list
[2025-09-13 06:33:32] 下载并规范化 payload -> ./WiFiMaster/WiFiMaster_OCD_Domain.yaml (md5 e1830ec51b2a8e4787711f8ece5fb6f6)
[2025-09-13 06:33:32] 下载并规范化 payload -> ./WiFiMaster/WiFiMaster_OCD_IP.yaml (md5 a3f0fcb0f3a069ccf0bd8c58ad840a8b)
[2025-09-13 06:33:32] 处理 list 文件：./FengHuangWang/FengHuangWang.list
[2025-09-13 06:33:32] 下载并规范化 payload -> ./FengHuangWang/FengHuangWang_OCD_Domain.yaml (md5 7f1ae60edf472811f0eae21169edc915)
[2025-09-13 06:33:32] 下载并规范化 payload -> ./FengHuangWang/FengHuangWang_OCD_IP.yaml (md5 a3f0fcb0f3a069ccf0bd8c58ad840a8b)
[2025-09-13 06:33:32] 处理 list 文件：./ClubhouseIP/ClubhouseIP.list
[2025-09-13 06:33:32] 下载并规范化 payload -> ./ClubhouseIP/ClubhouseIP_OCD_Domain.yaml (md5 e7ceed4a8f73d28d33cb4a36220c3b74)
[2025-09-13 06:33:32] 下载并规范化 payload -> ./ClubhouseIP/ClubhouseIP_OCD_IP.yaml (md5 58ea1caa937d9eb4cd6271262e2caba2)
[2025-09-13 06:33:32] 处理 list 文件：./Tencent/Tencent.list
[2025-09-13 06:33:32] 下载并规范化 payload -> ./Tencent/Tencent_OCD_Domain.yaml (md5 23f76081fea57cbf5ef64daf23023efc)
[2025-09-13 06:33:32] 下载并规范化 payload -> ./Tencent/Tencent_OCD_IP.yaml (md5 76b814654832ef2fd5cb31a76a0e5cfc)
[2025-09-13 06:33:32] 处理 list 文件：./BOC/BOC.list
[2025-09-13 06:33:32] 下载并规范化 payload -> ./BOC/BOC_OCD_Domain.yaml (md5 80988775d67f09ed3b3c5f7763f5e064)
[2025-09-13 06:33:32] 下载并规范化 payload -> ./BOC/BOC_OCD_IP.yaml (md5 a3f0fcb0f3a069ccf0bd8c58ad840a8b)
[2025-09-13 06:33:32] 处理 list 文件：./MIUIPrivacy/MIUIPrivacy.list
[2025-09-13 06:33:32] 下载并规范化 payload -> ./MIUIPrivacy/MIUIPrivacy_OCD_Domain.yaml (md5 1e18fdb7e5fcf899b77de23764da5d6c)
[2025-09-13 06:33:33] 下载并规范化 payload -> ./MIUIPrivacy/MIUIPrivacy_OCD_IP.yaml (md5 a3f0fcb0f3a069ccf0bd8c58ad840a8b)
[2025-09-13 06:33:33] 处理 list 文件：./Dailymail/Dailymail.list
[2025-09-13 06:33:33] 下载并规范化 payload -> ./Dailymail/Dailymail_OCD_Domain.yaml (md5 f5a67e7b98f938825dc0cf4d4b44bef0)
[2025-09-13 06:33:33] 下载并规范化 payload -> ./Dailymail/Dailymail_OCD_IP.yaml (md5 a3f0fcb0f3a069ccf0bd8c58ad840a8b)
[2025-09-13 06:33:33] 处理 list 文件：./RemoteDesktop/RemoteDesktop.list
[2025-09-13 06:33:33] 下载并规范化 payload -> ./RemoteDesktop/RemoteDesktop_OCD_Domain.yaml (md5 bf283cdb142326ac594529204aea1969)
[2025-09-13 06:33:33] 下载并规范化 payload -> ./RemoteDesktop/RemoteDesktop_OCD_IP.yaml (md5 a3f0fcb0f3a069ccf0bd8c58ad840a8b)
[2025-09-13 06:33:33] 处理 list 文件：./Picsee/Picsee.list
[2025-09-13 06:33:33] 下载并规范化 payload -> ./Picsee/Picsee_OCD_Domain.yaml (md5 c18c4681e87806fe23c5d673980fc798)
[2025-09-13 06:33:33] 下载并规范化 payload -> ./Picsee/Picsee_OCD_IP.yaml (md5 a3f0fcb0f3a069ccf0bd8c58ad840a8b)
[2025-09-13 06:33:33] 处理 list 文件：./KKBOX/KKBOX.list
[2025-09-13 06:33:33] 下载并规范化 payload -> ./KKBOX/KKBOX_OCD_Domain.yaml (md5 7851f8e664bdae17487642e675af0c8c)
[2025-09-13 06:33:33] 下载并规范化 payload -> ./KKBOX/KKBOX_OCD_IP.yaml (md5 a3f0fcb0f3a069ccf0bd8c58ad840a8b)
[2025-09-13 06:33:33] 处理 list 文件：./SourceForge/SourceForge.list
[2025-09-13 06:33:33] 下载并规范化 payload -> ./SourceForge/SourceForge_OCD_Domain.yaml (md5 3fa476f23dc7ff8f197a6ad9cec5ab63)
[2025-09-13 06:33:33] 下载并规范化 payload -> ./SourceForge/SourceForge_OCD_IP.yaml (md5 a3f0fcb0f3a069ccf0bd8c58ad840a8b)
[2025-09-13 06:33:33] 处理 list 文件：./8btc/8btc.list
[2025-09-13 06:33:33] 下载并规范化 payload -> ./8btc/8btc_OCD_Domain.yaml (md5 ab7a5a69bf4cf785bffb51e1638c4352)
[2025-09-13 06:33:33] 下载并规范化 payload -> ./8btc/8btc_OCD_IP.yaml (md5 a3f0fcb0f3a069ccf0bd8c58ad840a8b)
[2025-09-13 06:33:33] 处理 list 文件：./EHGallery/EHGallery.list
[2025-09-13 06:33:33] 下载并规范化 payload -> ./EHGallery/EHGallery_OCD_Domain.yaml (md5 88fe8532a1d7ab731ad7c6d0f361ec11)
[2025-09-13 06:33:33] 下载并规范化 payload -> ./EHGallery/EHGallery_OCD_IP.yaml (md5 f2169a720070091a1e4a6c0e5ddf221f)
[2025-09-13 06:33:33] 处理 list 文件：./TeraBox/TeraBox.list
[2025-09-13 06:33:33] 下载并规范化 payload -> ./TeraBox/TeraBox_OCD_Domain.yaml (md5 8f5b5195eb368c9cc2daa234ff033891)
[2025-09-13 06:33:33] 下载并规范化 payload -> ./TeraBox/TeraBox_OCD_IP.yaml (md5 a3f0fcb0f3a069ccf0bd8c58ad840a8b)
[2025-09-13 06:33:33] 处理 list 文件：./Niconico/Niconico.list
[2025-09-13 06:33:33] 下载并规范化 payload -> ./Niconico/Niconico_OCD_Domain.yaml (md5 af598c247db56c885d68a3a89d5b9547)
[2025-09-13 06:33:33] 下载并规范化 payload -> ./Niconico/Niconico_OCD_IP.yaml (md5 a3f0fcb0f3a069ccf0bd8c58ad840a8b)
[2025-09-13 06:33:33] 处理 list 文件：./UKMedia/UKMedia.list
[2025-09-13 06:33:33] 下载并规范化 payload -> ./UKMedia/UKMedia_OCD_Domain.yaml (md5 75f9d2347766ac6349fcbe0a52652a05)
[2025-09-13 06:33:33] 下载并规范化 payload -> ./UKMedia/UKMedia_OCD_IP.yaml (md5 a3f0fcb0f3a069ccf0bd8c58ad840a8b)
[2025-09-13 06:33:33] 处理 list 文件：./ZhuanZhuan/ZhuanZhuan.list
[2025-09-13 06:33:33] 下载并规范化 payload -> ./ZhuanZhuan/ZhuanZhuan_OCD_Domain.yaml (md5 b6887a727683d46c9d326d42db2f9280)
[2025-09-13 06:33:33] 下载并规范化 payload -> ./ZhuanZhuan/ZhuanZhuan_OCD_IP.yaml (md5 a3f0fcb0f3a069ccf0bd8c58ad840a8b)
[2025-09-13 06:33:33] 处理 list 文件：./Baidu/Baidu.list
[2025-09-13 06:33:33] 下载并规范化 payload -> ./Baidu/Baidu_OCD_Domain.yaml (md5 2ffaa013877a3690d5504675724f2bed)
[2025-09-13 06:33:33] 下载并规范化 payload -> ./Baidu/Baidu_OCD_IP.yaml (md5 a3f0fcb0f3a069ccf0bd8c58ad840a8b)
[2025-09-13 06:33:33] 处理 list 文件：./CableTV/CableTV.list
[2025-09-13 06:33:33] 下载并规范化 payload -> ./CableTV/CableTV_OCD_Domain.yaml (md5 8526e88bd49ba7f39e624291e1a844e4)
[2025-09-13 06:33:33] 下载并规范化 payload -> ./CableTV/CableTV_OCD_IP.yaml (md5 a3f0fcb0f3a069ccf0bd8c58ad840a8b)
[2025-09-13 06:33:33] 处理 list 文件：./Gog/Gog.list
[2025-09-13 06:33:33] 下载并规范化 payload -> ./Gog/Gog_OCD_Domain.yaml (md5 0520d971fa47825280e6bca53c88aa14)
[2025-09-13 06:33:33] 下载并规范化 payload -> ./Gog/Gog_OCD_IP.yaml (md5 a3f0fcb0f3a069ccf0bd8c58ad840a8b)
[2025-09-13 06:33:33] 处理 list 文件：./Viki/Viki.list
[2025-09-13 06:33:33] 下载并规范化 payload -> ./Viki/Viki_OCD_Domain.yaml (md5 47b6ee0b3c1a2e76365c57d22be53dcf)
[2025-09-13 06:33:33] 下载并规范化 payload -> ./Viki/Viki_OCD_IP.yaml (md5 a3f0fcb0f3a069ccf0bd8c58ad840a8b)
[2025-09-13 06:33:33] 处理 list 文件：./NaSDDNS/NaSDDNS.list
[2025-09-13 06:33:33] 下载并规范化 payload -> ./NaSDDNS/NaSDDNS_OCD_Domain.yaml (md5 c2227f45bf6e484d4635fd1fac770772)
[2025-09-13 06:33:33] 下载并规范化 payload -> ./NaSDDNS/NaSDDNS_OCD_IP.yaml (md5 e384266e11783839db7ceafaae3b4c76)
[2025-09-13 06:33:33] 处理 list 文件：./Kantv/Kantv.list
[2025-09-13 06:33:33] 下载并规范化 payload -> ./Kantv/Kantv_OCD_Domain.yaml (md5 026da68a255465363bdef86979552fd1)
[2025-09-13 06:33:33] 下载并规范化 payload -> ./Kantv/Kantv_OCD_IP.yaml (md5 a3f0fcb0f3a069ccf0bd8c58ad840a8b)
[2025-09-13 06:33:33] 处理 list 文件：./Crypto/Crypto.list
[2025-09-13 06:33:33] 下载并规范化 payload -> ./Crypto/Crypto_OCD_Domain.yaml (md5 74307d10f2d8dc6bd4a1522670db4e82)
[2025-09-13 06:33:33] 下载并规范化 payload -> ./Crypto/Crypto_OCD_IP.yaml (md5 a3f0fcb0f3a069ccf0bd8c58ad840a8b)
[2025-09-13 06:33:33] 处理 list 文件：./XiaoMi/XiaoMi.list
[2025-09-13 06:33:33] 下载并规范化 payload -> ./XiaoMi/XiaoMi_OCD_Domain.yaml (md5 3ef69487383661100f8cddc677cf5072)
[2025-09-13 06:33:33] 下载并规范化 payload -> ./XiaoMi/XiaoMi_OCD_IP.yaml (md5 f4e5df8efe0cc467b256069c05df4a36)
[2025-09-13 06:33:33] 处理 list 文件：./ChinaDNS/ChinaDNS.list
[2025-09-13 06:33:33] 下载并规范化 payload -> ./ChinaDNS/ChinaDNS_OCD_Domain.yaml (md5 37c444f0bd626ea540b689a682dffaa1)
[2025-09-13 06:33:33] 下载并规范化 payload -> ./ChinaDNS/ChinaDNS_OCD_IP.yaml (md5 353221f04614107457c52903962fefb1)
[2025-09-13 06:33:33] 处理 list 文件：./Picacg/Picacg.list
[2025-09-13 06:33:33] 下载并规范化 payload -> ./Picacg/Picacg_OCD_Domain.yaml (md5 718c6d93a7e829c279f1b8c6fadb5a53)
[2025-09-13 06:33:33] 下载并规范化 payload -> ./Picacg/Picacg_OCD_IP.yaml (md5 a3f0fcb0f3a069ccf0bd8c58ad840a8b)
[2025-09-13 06:33:33] 处理 list 文件：./HamiVideo/HamiVideo.list
[2025-09-13 06:33:33] 下载并规范化 payload -> ./HamiVideo/HamiVideo_OCD_Domain.yaml (md5 ecd4db389871557b32e177f66fec97b6)
[2025-09-13 06:33:34] 下载并规范化 payload -> ./HamiVideo/HamiVideo_OCD_IP.yaml (md5 a3f0fcb0f3a069ccf0bd8c58ad840a8b)
[2025-09-13 06:33:34] 处理 list 文件：./AmazonCN/AmazonCN.list
[2025-09-13 06:33:34] 下载并规范化 payload -> ./AmazonCN/AmazonCN_OCD_Domain.yaml (md5 54b2a45c0b833242335fed55c3cad71c)
[2025-09-13 06:33:34] 下载并规范化 payload -> ./AmazonCN/AmazonCN_OCD_IP.yaml (md5 a3f0fcb0f3a069ccf0bd8c58ad840a8b)
[2025-09-13 06:33:34] 处理 list 文件：./ChinaUnicom/ChinaUnicom.list
[2025-09-13 06:33:34] 下载并规范化 payload -> ./ChinaUnicom/ChinaUnicom_OCD_Domain.yaml (md5 0d806cb6f792e9e0599d7264f5a2cf0a)
[2025-09-13 06:33:34] 下载并规范化 payload -> ./ChinaUnicom/ChinaUnicom_OCD_IP.yaml (md5 1a9d1f7bca4bde243b23a2d9435ddba4)
[2025-09-13 06:33:34] 处理 list 文件：./6park/6park.list
[2025-09-13 06:33:34] 下载并规范化 payload -> ./6park/6park_OCD_Domain.yaml (md5 03b2a97cb1bfc825ce0bfa9348842140)
[2025-09-13 06:33:34] 下载并规范化 payload -> ./6park/6park_OCD_IP.yaml (md5 a3f0fcb0f3a069ccf0bd8c58ad840a8b)
[2025-09-13 06:33:34] 处理 list 文件：./BBC/BBC.list
[2025-09-13 06:33:34] 下载并规范化 payload -> ./BBC/BBC_OCD_Domain.yaml (md5 fd383c980dda849f9cacaf52c578ba34)
[2025-09-13 06:33:34] 下载并规范化 payload -> ./BBC/BBC_OCD_IP.yaml (md5 a3f0fcb0f3a069ccf0bd8c58ad840a8b)
[2025-09-13 06:33:34] 处理 list 文件：./ZhongWeiShiJi/ZhongWeiShiJi.list
[2025-09-13 06:33:34] 下载并规范化 payload -> ./ZhongWeiShiJi/ZhongWeiShiJi_OCD_Domain.yaml (md5 375854409f1069dc1c5c077ff2c059de)
[2025-09-13 06:33:34] 下载并规范化 payload -> ./ZhongWeiShiJi/ZhongWeiShiJi_OCD_IP.yaml (md5 a3f0fcb0f3a069ccf0bd8c58ad840a8b)
[2025-09-13 06:33:34] 处理 list 文件：./Ubisoft/Ubisoft.list
[2025-09-13 06:33:34] 下载并规范化 payload -> ./Ubisoft/Ubisoft_OCD_Domain.yaml (md5 0dcac465fd242bcd251bd700708e25fc)
[2025-09-13 06:33:34] 下载并规范化 payload -> ./Ubisoft/Ubisoft_OCD_IP.yaml (md5 a3f0fcb0f3a069ccf0bd8c58ad840a8b)
[2025-09-13 06:33:34] 处理 list 文件：./TencentVideo/TencentVideo.list
[2025-09-13 06:33:34] 下载并规范化 payload -> ./TencentVideo/TencentVideo_OCD_Domain.yaml (md5 91074ef17362e719d077822edf1fa5d2)
[2025-09-13 06:33:34] 下载并规范化 payload -> ./TencentVideo/TencentVideo_OCD_IP.yaml (md5 d1d779b81eecab52e37422bf37aadf22)
[2025-09-13 06:33:34] 处理 list 文件：./Amazon/Amazon.list
[2025-09-13 06:33:34] 下载并规范化 payload -> ./Amazon/Amazon_OCD_Domain.yaml (md5 6fe9a70b6b94b33cff586ce6af822532)
[2025-09-13 06:33:34] 下载并规范化 payload -> ./Amazon/Amazon_OCD_IP.yaml (md5 7639a9be7817ff23161009e463945a91)
[2025-09-13 06:33:34] 处理 list 文件：./LastPass/LastPass.list
[2025-09-13 06:33:34] 下载并规范化 payload -> ./LastPass/LastPass_OCD_Domain.yaml (md5 2e8c6c1301931ca0e4431fc7e2c0bb93)
[2025-09-13 06:33:34] 下载并规范化 payload -> ./LastPass/LastPass_OCD_IP.yaml (md5 a3f0fcb0f3a069ccf0bd8c58ad840a8b)
[2025-09-13 06:33:34] 处理 list 文件：./TaiWanGood/TaiWanGood.list
[2025-09-13 06:33:34] 下载并规范化 payload -> ./TaiWanGood/TaiWanGood_OCD_Domain.yaml (md5 b2e70fc1f0eb843dfdcd7e12da2f873c)
[2025-09-13 06:33:34] 下载并规范化 payload -> ./TaiWanGood/TaiWanGood_OCD_IP.yaml (md5 a3f0fcb0f3a069ccf0bd8c58ad840a8b)
[2025-09-13 06:33:34] 处理 list 文件：./51nod/51nod.list
[2025-09-13 06:33:34] 下载并规范化 payload -> ./51nod/51nod_OCD_Domain.yaml (md5 e180d1a2633903506ebb52ec51921635)
[2025-09-13 06:33:34] 下载并规范化 payload -> ./51nod/51nod_OCD_IP.yaml (md5 a3f0fcb0f3a069ccf0bd8c58ad840a8b)
[2025-09-13 06:33:34] 处理 list 文件：./Pinterest/Pinterest.list
[2025-09-13 06:33:34] 下载并规范化 payload -> ./Pinterest/Pinterest_OCD_Domain.yaml (md5 02cd452b1c358c056d7c778b718f5874)
[2025-09-13 06:33:34] 下载并规范化 payload -> ./Pinterest/Pinterest_OCD_IP.yaml (md5 a3f0fcb0f3a069ccf0bd8c58ad840a8b)
[2025-09-13 06:33:34] 处理 list 文件：./Anaconda/Anaconda.list
[2025-09-13 06:33:34] 下载并规范化 payload -> ./Anaconda/Anaconda_OCD_Domain.yaml (md5 102177773045afd96dc8cf4e8eae67ec)
[2025-09-13 06:33:34] 下载并规范化 payload -> ./Anaconda/Anaconda_OCD_IP.yaml (md5 a3f0fcb0f3a069ccf0bd8c58ad840a8b)
[2025-09-13 06:33:34] 处理 list 文件：./IKEA/IKEA.list
[2025-09-13 06:33:34] 下载并规范化 payload -> ./IKEA/IKEA_OCD_Domain.yaml (md5 0b17c811cbf757e2932b5990220d4320)
[2025-09-13 06:33:34] 下载并规范化 payload -> ./IKEA/IKEA_OCD_IP.yaml (md5 a3f0fcb0f3a069ccf0bd8c58ad840a8b)
[2025-09-13 06:33:34] 处理 list 文件：./Global/Global.list
[2025-09-13 06:33:34] 下载并规范化 payload -> ./Global/Global_OCD_Domain.yaml (md5 99533d4a8ea91a200610b81e851071dd)
[2025-09-13 06:33:34] 下载并规范化 payload -> ./Global/Global_OCD_IP.yaml (md5 21edf76e0b68f9cf4c8bfdf693f8d62e)
[2025-09-13 06:33:34] 处理 list 文件：./ShenMa/ShenMa.list
[2025-09-13 06:33:34] 下载并规范化 payload -> ./ShenMa/ShenMa_OCD_Domain.yaml (md5 d3883ed69ca316f7bd6410ed0e27cc27)
[2025-09-13 06:33:34] 下载并规范化 payload -> ./ShenMa/ShenMa_OCD_IP.yaml (md5 a3f0fcb0f3a069ccf0bd8c58ad840a8b)
[2025-09-13 06:33:34] 处理 list 文件：./Apple/Apple.list
[2025-09-13 06:33:34] 下载并规范化 payload -> ./Apple/Apple_OCD_Domain.yaml (md5 659019c41dc6fa674e1f5af4c77de7a7)
[2025-09-13 06:33:34] 下载并规范化 payload -> ./Apple/Apple_OCD_IP.yaml (md5 fa44bf5b82240ab85b07b011d732f22a)
[2025-09-13 06:33:34] 处理 list 文件：./STUN/STUN.list
[2025-09-13 06:33:34] 下载并规范化 payload -> ./STUN/STUN_OCD_Domain.yaml (md5 2209a434330447b994fe1240bf2e14ee)
[2025-09-13 06:33:34] 下载并规范化 payload -> ./STUN/STUN_OCD_IP.yaml (md5 24fddb2e910b3f7410c7d1a44bbea4b2)
[2025-09-13 06:33:34] 处理 list 文件：./EastMoney/EastMoney.list
[2025-09-13 06:33:34] 下载并规范化 payload -> ./EastMoney/EastMoney_OCD_Domain.yaml (md5 b1aeaef0e8757931ffa8671bec4c2acf)
[2025-09-13 06:33:34] 下载并规范化 payload -> ./EastMoney/EastMoney_OCD_IP.yaml (md5 a3f0fcb0f3a069ccf0bd8c58ad840a8b)
[2025-09-13 06:33:34] 处理 list 文件：./IPTVOther/IPTVOther.list
[2025-09-13 06:33:35] 下载并规范化 payload -> ./IPTVOther/IPTVOther_OCD_Domain.yaml (md5 e78df4cbfa6d10fe8a41532299903d96)
[2025-09-13 06:33:35] 下载并规范化 payload -> ./IPTVOther/IPTVOther_OCD_IP.yaml (md5 a5d03a9e1c0d194af60cf8bf1cb64da5)
[2025-09-13 06:33:35] 处理 list 文件：./Zoho/Zoho.list
[2025-09-13 06:33:35] 下载并规范化 payload -> ./Zoho/Zoho_OCD_Domain.yaml (md5 d4195e5d65353a84e5fcfedcf430e2cf)
[2025-09-13 06:33:35] 下载并规范化 payload -> ./Zoho/Zoho_OCD_IP.yaml (md5 a3f0fcb0f3a069ccf0bd8c58ad840a8b)
[2025-09-13 06:33:35] 处理 list 文件：./Bahamut/Bahamut.list
[2025-09-13 06:33:35] 下载并规范化 payload -> ./Bahamut/Bahamut_OCD_Domain.yaml (md5 51756493a02a21549d40e4a3c34bb648)
[2025-09-13 06:33:35] 下载并规范化 payload -> ./Bahamut/Bahamut_OCD_IP.yaml (md5 a3f0fcb0f3a069ccf0bd8c58ad840a8b)
[2025-09-13 06:33:35] 处理 list 文件：./AppleDev/AppleDev.list
[2025-09-13 06:33:35] 下载并规范化 payload -> ./AppleDev/AppleDev_OCD_Domain.yaml (md5 700130b7a7d10efafe01faa872f379eb)
[2025-09-13 06:33:35] 下载并规范化 payload -> ./AppleDev/AppleDev_OCD_IP.yaml (md5 a3f0fcb0f3a069ccf0bd8c58ad840a8b)
[2025-09-13 06:33:35] 处理 list 文件：./Maocloud/Maocloud.list
[2025-09-13 06:33:35] 下载并规范化 payload -> ./Maocloud/Maocloud_OCD_Domain.yaml (md5 d5c242b0ed84ce8b07620eff93539276)
[2025-09-13 06:33:35] 下载并规范化 payload -> ./Maocloud/Maocloud_OCD_IP.yaml (md5 a3f0fcb0f3a069ccf0bd8c58ad840a8b)
[2025-09-13 06:33:35] 处理 list 文件：./JianShu/JianShu.list
[2025-09-13 06:33:35] 下载并规范化 payload -> ./JianShu/JianShu_OCD_Domain.yaml (md5 e19effcd368a6e8d71ce5eb36e255fdd)
[2025-09-13 06:33:35] 下载并规范化 payload -> ./JianShu/JianShu_OCD_IP.yaml (md5 a3f0fcb0f3a069ccf0bd8c58ad840a8b)
[2025-09-13 06:33:35] 处理 list 文件：./VidolTV/VidolTV.list
[2025-09-13 06:33:35] 下载并规范化 payload -> ./VidolTV/VidolTV_OCD_Domain.yaml (md5 c623004cbeca2e73e948b4a1f99a3dcc)
[2025-09-13 06:33:35] 下载并规范化 payload -> ./VidolTV/VidolTV_OCD_IP.yaml (md5 a3f0fcb0f3a069ccf0bd8c58ad840a8b)
[2025-09-13 06:33:35] 处理 list 文件：./BaiDuTieBa/BaiDuTieBa.list
[2025-09-13 06:33:35] 下载并规范化 payload -> ./BaiDuTieBa/BaiDuTieBa_OCD_Domain.yaml (md5 92b8b351857b6ec70d341dd44033cc1d)
[2025-09-13 06:33:35] 下载并规范化 payload -> ./BaiDuTieBa/BaiDuTieBa_OCD_IP.yaml (md5 a3f0fcb0f3a069ccf0bd8c58ad840a8b)
[2025-09-13 06:33:35] 处理 list 文件：./WeiZhiYunDong/WeiZhiYunDong.list
[2025-09-13 06:33:35] 下载并规范化 payload -> ./WeiZhiYunDong/WeiZhiYunDong_OCD_Domain.yaml (md5 fc59058467f7a4b3b45aca8f1e132d0f)
[2025-09-13 06:33:35] 下载并规范化 payload -> ./WeiZhiYunDong/WeiZhiYunDong_OCD_IP.yaml (md5 a3f0fcb0f3a069ccf0bd8c58ad840a8b)
[2025-09-13 06:33:35] 处理 list 文件：./LvMiLianChuang/LvMiLianChuang.list
[2025-09-13 06:33:35] 下载并规范化 payload -> ./LvMiLianChuang/LvMiLianChuang_OCD_Domain.yaml (md5 2904c1d256e6eaa103158f6d1d5cd9f6)
[2025-09-13 06:33:35] 下载并规范化 payload -> ./LvMiLianChuang/LvMiLianChuang_OCD_IP.yaml (md5 a3f0fcb0f3a069ccf0bd8c58ad840a8b)
[2025-09-13 06:33:35] 处理 list 文件：./WanKaHuanJu/WanKaHuanJu.list
[2025-09-13 06:33:35] 下载并规范化 payload -> ./WanKaHuanJu/WanKaHuanJu_OCD_Domain.yaml (md5 810f724e93e532ccb6bdd19224dc78e4)
[2025-09-13 06:33:35] 下载并规范化 payload -> ./WanKaHuanJu/WanKaHuanJu_OCD_IP.yaml (md5 a3f0fcb0f3a069ccf0bd8c58ad840a8b)
[2025-09-13 06:33:35] 处理 list 文件：./Xbox/Xbox.list
[2025-09-13 06:33:35] 下载并规范化 payload -> ./Xbox/Xbox_OCD_Domain.yaml (md5 4b06e80aa8c1cf6987a491f5820bbd4a)
[2025-09-13 06:33:35] 下载并规范化 payload -> ./Xbox/Xbox_OCD_IP.yaml (md5 a3f0fcb0f3a069ccf0bd8c58ad840a8b)
[2025-09-13 06:33:35] 处理 list 文件：./CNNIC/CNNIC.list
[2025-09-13 06:33:35] 下载并规范化 payload -> ./CNNIC/CNNIC_OCD_Domain.yaml (md5 83c165aac2fdd0027089c1402b4e3cdc)
[2025-09-13 06:33:35] 下载并规范化 payload -> ./CNNIC/CNNIC_OCD_IP.yaml (md5 a3f0fcb0f3a069ccf0bd8c58ad840a8b)
[2025-09-13 06:33:35] 处理 list 文件：./4Paradigm/4Paradigm.list
[2025-09-13 06:33:35] 下载并规范化 payload -> ./4Paradigm/4Paradigm_OCD_Domain.yaml (md5 2527af372f591047926ffd7c5ca23bcd)
[2025-09-13 06:33:35] 下载并规范化 payload -> ./4Paradigm/4Paradigm_OCD_IP.yaml (md5 a3f0fcb0f3a069ccf0bd8c58ad840a8b)
[2025-09-13 06:33:35] 处理 list 文件：./AirWick/AirWick.list
[2025-09-13 06:33:35] 下载并规范化 payload -> ./AirWick/AirWick_OCD_Domain.yaml (md5 7af3142f456fb3b8a38b9e7c4e8a9b22)
[2025-09-13 06:33:35] 下载并规范化 payload -> ./AirWick/AirWick_OCD_IP.yaml (md5 a3f0fcb0f3a069ccf0bd8c58ad840a8b)
[2025-09-13 06:33:35] 处理 list 文件：./CyberTrust/CyberTrust.list
[2025-09-13 06:33:35] 下载并规范化 payload -> ./CyberTrust/CyberTrust_OCD_Domain.yaml (md5 f096e5c5784775fbee39f6096ad35dc7)
[2025-09-13 06:33:35] 下载并规范化 payload -> ./CyberTrust/CyberTrust_OCD_IP.yaml (md5 a3f0fcb0f3a069ccf0bd8c58ad840a8b)
[2025-09-13 06:33:35] 处理 list 文件：./ChinaNoMedia/ChinaNoMedia.list
[2025-09-13 06:33:35] 下载并规范化 payload -> ./ChinaNoMedia/ChinaNoMedia_OCD_Domain.yaml (md5 fdeb5033c5e010f1ade7fa9dbb024f8d)
[2025-09-13 06:33:35] 下载并规范化 payload -> ./ChinaNoMedia/ChinaNoMedia_OCD_IP.yaml (md5 3eeed1f5745d5772cf82e2edbd95b538)
[2025-09-13 06:33:35] 处理 list 文件：./56/56.list
[2025-09-13 06:33:35] 下载并规范化 payload -> ./56/56_OCD_Domain.yaml (md5 3c916e620b64ec737c01dd9fb23fdfb5)
[2025-09-13 06:33:35] 下载并规范化 payload -> ./56/56_OCD_IP.yaml (md5 a3f0fcb0f3a069ccf0bd8c58ad840a8b)
[2025-09-13 06:33:35] 处理 list 文件：./Rockstar/Rockstar.list
[2025-09-13 06:33:35] 下载并规范化 payload -> ./Rockstar/Rockstar_OCD_Domain.yaml (md5 a1e7bb49e9bafc862a26d4e7f347321f)
[2025-09-13 06:33:35] 下载并规范化 payload -> ./Rockstar/Rockstar_OCD_IP.yaml (md5 a3f0fcb0f3a069ccf0bd8c58ad840a8b)
[2025-09-13 06:33:35] 处理 list 文件：./LeTV/LeTV.list
[2025-09-13 06:33:35] 下载并规范化 payload -> ./LeTV/LeTV_OCD_Domain.yaml (md5 b4a15fb38f23fe09539638cbf9ee5b27)
[2025-09-13 06:33:35] 下载并规范化 payload -> ./LeTV/LeTV_OCD_IP.yaml (md5 a3f0fcb0f3a069ccf0bd8c58ad840a8b)
[2025-09-13 06:33:35] 处理 list 文件：./VipShop/VipShop.list
[2025-09-13 06:33:35] 下载并规范化 payload -> ./VipShop/VipShop_OCD_Domain.yaml (md5 9af02c8847cf5422fd143ea548fc6ff6)
[2025-09-13 06:33:35] 下载并规范化 payload -> ./VipShop/VipShop_OCD_IP.yaml (md5 a3f0fcb0f3a069ccf0bd8c58ad840a8b)
[2025-09-13 06:33:35] 处理 list 文件：./iFlytek/iFlytek.list
[2025-09-13 06:33:35] 下载并规范化 payload -> ./iFlytek/iFlytek_OCD_Domain.yaml (md5 87f7cbe876ba0cbd4e5df60615fb71c7)
[2025-09-13 06:33:35] 下载并规范化 payload -> ./iFlytek/iFlytek_OCD_IP.yaml (md5 a3f0fcb0f3a069ccf0bd8c58ad840a8b)
[2025-09-13 06:33:35] 处理 list 文件：./MeiZu/MeiZu.list
[2025-09-13 06:33:36] 下载并规范化 payload -> ./MeiZu/MeiZu_OCD_Domain.yaml (md5 d4f0187dc9fd3564e39eab2564a478b7)
[2025-09-13 06:33:36] 下载并规范化 payload -> ./MeiZu/MeiZu_OCD_IP.yaml (md5 a3f0fcb0f3a069ccf0bd8c58ad840a8b)
[2025-09-13 06:33:36] 处理 list 文件：./Siri/Siri.list
[2025-09-13 06:33:36] 下载并规范化 payload -> ./Siri/Siri_OCD_Domain.yaml (md5 3afc2382408cc14dfe83406045ecc979)
[2025-09-13 06:33:36] 下载并规范化 payload -> ./Siri/Siri_OCD_IP.yaml (md5 a3f0fcb0f3a069ccf0bd8c58ad840a8b)
[2025-09-13 06:33:36] 处理 list 文件：./KouDaiShiShang/KouDaiShiShang.list
[2025-09-13 06:33:36] 下载并规范化 payload -> ./KouDaiShiShang/KouDaiShiShang_OCD_Domain.yaml (md5 5f5b4425eef669c5000790cee6fe61a3)
[2025-09-13 06:33:36] 下载并规范化 payload -> ./KouDaiShiShang/KouDaiShiShang_OCD_IP.yaml (md5 a3f0fcb0f3a069ccf0bd8c58ad840a8b)
[2025-09-13 06:33:36] 处理 list 文件：./MeWatch/MeWatch.list
[2025-09-13 06:33:36] 下载并规范化 payload -> ./MeWatch/MeWatch_OCD_Domain.yaml (md5 94e2226e7254f6ce00c15b6ea1b4e80e)
[2025-09-13 06:33:36] 下载并规范化 payload -> ./MeWatch/MeWatch_OCD_IP.yaml (md5 a3f0fcb0f3a069ccf0bd8c58ad840a8b)
[2025-09-13 06:33:36] 处理 list 文件：./CaiNiao/CaiNiao.list
[2025-09-13 06:33:36] 下载并规范化 payload -> ./CaiNiao/CaiNiao_OCD_Domain.yaml (md5 01bd59acd9d6764fafe8f056f0fecd80)
[2025-09-13 06:33:36] 下载并规范化 payload -> ./CaiNiao/CaiNiao_OCD_IP.yaml (md5 a3f0fcb0f3a069ccf0bd8c58ad840a8b)
[2025-09-13 06:33:36] 处理 list 文件：./iQIYIIntl/iQIYIIntl.list
[2025-09-13 06:33:36] 下载并规范化 payload -> ./iQIYIIntl/iQIYIIntl_OCD_Domain.yaml (md5 4afb00e3394cbd530c6444610e72cbe3)
[2025-09-13 06:33:36] 下载并规范化 payload -> ./iQIYIIntl/iQIYIIntl_OCD_IP.yaml (md5 fde130676c6c5ae995fa5475afd9bc11)
[2025-09-13 06:33:36] 处理 list 文件：./FlipBoard/FlipBoard.list
[2025-09-13 06:33:36] 下载并规范化 payload -> ./FlipBoard/FlipBoard_OCD_Domain.yaml (md5 613ee3b59354341f1b6c7117b0d2b222)
[2025-09-13 06:33:36] 下载并规范化 payload -> ./FlipBoard/FlipBoard_OCD_IP.yaml (md5 a3f0fcb0f3a069ccf0bd8c58ad840a8b)
[2025-09-13 06:33:36] 处理 list 文件：./12306/12306.list
[2025-09-13 06:33:36] 下载并规范化 payload -> ./12306/12306_OCD_Domain.yaml (md5 697c7491385467c0379d4a9b3c478d1b)
[2025-09-13 06:33:36] 下载并规范化 payload -> ./12306/12306_OCD_IP.yaml (md5 a3f0fcb0f3a069ccf0bd8c58ad840a8b)
[2025-09-13 06:33:36] 处理 list 文件：./Assassin'sCreed/Assassin'sCreed-Origins/Assassin'sCreed-Origins.list
[2025-09-13 06:33:36] 下载并规范化 payload -> ./Assassin'sCreed/Assassin'sCreed-Origins/Assassin'sCreed-Origins_OCD_Domain.yaml (md5 bf283cdb142326ac594529204aea1969)
[2025-09-13 06:33:36] 下载并规范化 payload -> ./Assassin'sCreed/Assassin'sCreed-Origins/Assassin'sCreed-Origins_OCD_IP.yaml (md5 e3d776a044ae42a4339d77033fa7d995)
[2025-09-13 06:33:36] 处理 list 文件：./Assassin'sCreed/Assassin'sCreed-Odyssey/Assassin'sCreed-Odyssey.list
[2025-09-13 06:33:36] 下载并规范化 payload -> ./Assassin'sCreed/Assassin'sCreed-Odyssey/Assassin'sCreed-Odyssey_OCD_Domain.yaml (md5 bf283cdb142326ac594529204aea1969)
[2025-09-13 06:33:36] 下载并规范化 payload -> ./Assassin'sCreed/Assassin'sCreed-Odyssey/Assassin'sCreed-Odyssey_OCD_IP.yaml (md5 f86c1e6c2f9a7c5bccc639eab262253c)
[2025-09-13 06:33:36] 处理 list 文件：./TCL/TCL.list
[2025-09-13 06:33:36] 下载并规范化 payload -> ./TCL/TCL_OCD_Domain.yaml (md5 dedd11d39b66c907cc8a211f5c08f259)
[2025-09-13 06:33:36] 下载并规范化 payload -> ./TCL/TCL_OCD_IP.yaml (md5 a3f0fcb0f3a069ccf0bd8c58ad840a8b)
[2025-09-13 06:33:36] 处理 list 文件：./AppStore/AppStore.list
[2025-09-13 06:33:36] 下载并规范化 payload -> ./AppStore/AppStore_OCD_Domain.yaml (md5 18d80beefcb0483790233db2b2bbc2c6)
[2025-09-13 06:33:36] 下载并规范化 payload -> ./AppStore/AppStore_OCD_IP.yaml (md5 a3f0fcb0f3a069ccf0bd8c58ad840a8b)
[2025-09-13 06:33:36] 处理 list 文件：./Speedtest/Speedtest.list
[2025-09-13 06:33:36] 下载并规范化 payload -> ./Speedtest/Speedtest_OCD_Domain.yaml (md5 0a2a991cbcc941afb6013c2beff81fb3)
[2025-09-13 06:33:36] 下载并规范化 payload -> ./Speedtest/Speedtest_OCD_IP.yaml (md5 a3f0fcb0f3a069ccf0bd8c58ad840a8b)
[2025-09-13 06:33:36] 处理 list 文件：./HBOAsia/HBOAsia.list
[2025-09-13 06:33:36] 下载并规范化 payload -> ./HBOAsia/HBOAsia_OCD_Domain.yaml (md5 7db6e4ee6edc9ab0cd2144cc670ae997)
[2025-09-13 06:33:36] 下载并规范化 payload -> ./HBOAsia/HBOAsia_OCD_IP.yaml (md5 a3f0fcb0f3a069ccf0bd8c58ad840a8b)
[2025-09-13 06:33:36] 处理 list 文件：./Himalaya/Himalaya.list
[2025-09-13 06:33:36] 下载并规范化 payload -> ./Himalaya/Himalaya_OCD_Domain.yaml (md5 6484c6f802727d1ba17583588488f00e)
[2025-09-13 06:33:36] 下载并规范化 payload -> ./Himalaya/Himalaya_OCD_IP.yaml (md5 a3f0fcb0f3a069ccf0bd8c58ad840a8b)
[2025-09-13 06:33:36] 处理 list 文件：./ParamountPlus/ParamountPlus.list
[2025-09-13 06:33:36] 下载并规范化 payload -> ./ParamountPlus/ParamountPlus_OCD_Domain.yaml (md5 6c70436533719005ee12cbee8e1b5b99)
[2025-09-13 06:33:36] 下载并规范化 payload -> ./ParamountPlus/ParamountPlus_OCD_IP.yaml (md5 a3f0fcb0f3a069ccf0bd8c58ad840a8b)
[2025-09-13 06:33:36] 处理 list 文件：./McDonalds/McDonalds.list
[2025-09-13 06:33:36] 下载并规范化 payload -> ./McDonalds/McDonalds_OCD_Domain.yaml (md5 3fe5e2c304ed48645bf2cafdc727552a)
[2025-09-13 06:33:36] 下载并规范化 payload -> ./McDonalds/McDonalds_OCD_IP.yaml (md5 a3f0fcb0f3a069ccf0bd8c58ad840a8b)
[2025-09-13 06:33:36] 处理 list 文件：./HKOpenTV/HKOpenTV.list
[2025-09-13 06:33:36] 下载并规范化 payload -> ./HKOpenTV/HKOpenTV_OCD_Domain.yaml (md5 4a8a459e3b4ef1f897a7730e56de366f)
[2025-09-13 06:33:36] 下载并规范化 payload -> ./HKOpenTV/HKOpenTV_OCD_IP.yaml (md5 a3f0fcb0f3a069ccf0bd8c58ad840a8b)
[2025-09-13 06:33:36] 处理 list 文件：./CETV/CETV.list
[2025-09-13 06:33:36] 下载并规范化 payload -> ./CETV/CETV_OCD_Domain.yaml (md5 1a5fc9a03b5a361d841b56d2b845dff2)
[2025-09-13 06:33:36] 下载并规范化 payload -> ./CETV/CETV_OCD_IP.yaml (md5 a3f0fcb0f3a069ccf0bd8c58ad840a8b)
[2025-09-13 06:33:36] 处理 list 文件：./GlobalMedia/GlobalMedia.list
[2025-09-13 06:33:36] 下载并规范化 payload -> ./GlobalMedia/GlobalMedia_OCD_Domain.yaml (md5 0adefb9f3f4bdd901b525d2ddcf95a1d)
[2025-09-13 06:33:36] 下载并规范化 payload -> ./GlobalMedia/GlobalMedia_OCD_IP.yaml (md5 6dbae5462a4a0b4bc5bf30fb2f336da3)
[2025-09-13 06:33:36] 处理 list 文件：./TelegramUS/TelegramUS.list
[2025-09-13 06:33:36] 下载并规范化 payload -> ./TelegramUS/TelegramUS_OCD_Domain.yaml (md5 bf283cdb142326ac594529204aea1969)
[2025-09-13 06:33:36] 下载并规范化 payload -> ./TelegramUS/TelegramUS_OCD_IP.yaml (md5 655690bbc9b5893ec4107ea930ef54da)
[2025-09-13 06:33:36] 处理 list 文件：./MingLueZhaoHui/MingLueZhaoHui.list
[2025-09-13 06:33:36] 下载并规范化 payload -> ./MingLueZhaoHui/MingLueZhaoHui_OCD_Domain.yaml (md5 1609120755dae696a6538012c867d0cb)
[2025-09-13 06:33:36] 下载并规范化 payload -> ./MingLueZhaoHui/MingLueZhaoHui_OCD_IP.yaml (md5 a3f0fcb0f3a069ccf0bd8c58ad840a8b)
[2025-09-13 06:33:37] 处理 list 文件：./PlayStation/PlayStation.list
[2025-09-13 06:33:37] 下载并规范化 payload -> ./PlayStation/PlayStation_OCD_Domain.yaml (md5 179627c026208aa513538cec4f2ad0a2)
[2025-09-13 06:33:37] 下载并规范化 payload -> ./PlayStation/PlayStation_OCD_IP.yaml (md5 a3f0fcb0f3a069ccf0bd8c58ad840a8b)
[2025-09-13 06:33:37] 处理 list 文件：./CMB/CMB.list
[2025-09-13 06:33:37] 下载并规范化 payload -> ./CMB/CMB_OCD_Domain.yaml (md5 c46c8f137d6a4926e41ba7668348a3a4)
[2025-09-13 06:33:37] 下载并规范化 payload -> ./CMB/CMB_OCD_IP.yaml (md5 a3f0fcb0f3a069ccf0bd8c58ad840a8b)
[2025-09-13 06:33:37] 处理 list 文件：./Emby/Emby.list
[2025-09-13 06:33:37] 下载并规范化 payload -> ./Emby/Emby_OCD_Domain.yaml (md5 8c566aa957cbded017399c03c9667a95)
[2025-09-13 06:33:37] 下载并规范化 payload -> ./Emby/Emby_OCD_IP.yaml (md5 a3f0fcb0f3a069ccf0bd8c58ad840a8b)
[2025-09-13 06:33:37] 处理 list 文件：./Lenovo/Lenovo.list
[2025-09-13 06:33:37] 下载并规范化 payload -> ./Lenovo/Lenovo_OCD_Domain.yaml (md5 0f8dc2a0508b05f3f8171a6883921f83)
[2025-09-13 06:33:37] 下载并规范化 payload -> ./Lenovo/Lenovo_OCD_IP.yaml (md5 a3f0fcb0f3a069ccf0bd8c58ad840a8b)
[2025-09-13 06:33:37] 处理 list 文件：./Origin/Origin.list
[2025-09-13 06:33:37] 下载并规范化 payload -> ./Origin/Origin_OCD_Domain.yaml (md5 efc9b5c57cb31ae7dc3bac8b83d70fb7)
[2025-09-13 06:33:37] 下载并规范化 payload -> ./Origin/Origin_OCD_IP.yaml (md5 a3f0fcb0f3a069ccf0bd8c58ad840a8b)
[2025-09-13 06:33:37] 处理 list 文件：./CNN/CNN.list
[2025-09-13 06:33:37] 下载并规范化 payload -> ./CNN/CNN_OCD_Domain.yaml (md5 fbf9ab655cc77da9d04d4bdec320bfbf)
[2025-09-13 06:33:37] 下载并规范化 payload -> ./CNN/CNN_OCD_IP.yaml (md5 a3f0fcb0f3a069ccf0bd8c58ad840a8b)
[2025-09-13 06:33:37] 处理 list 文件：./DanDanZan/DanDanZan.list
[2025-09-13 06:33:37] 下载并规范化 payload -> ./DanDanZan/DanDanZan_OCD_Domain.yaml (md5 5b98574291f4e4654968de8b8e4d2ad0)
[2025-09-13 06:33:37] 下载并规范化 payload -> ./DanDanZan/DanDanZan_OCD_IP.yaml (md5 a3f0fcb0f3a069ccf0bd8c58ad840a8b)
[2025-09-13 06:33:37] 处理 list 文件：./Dailymotion/Dailymotion.list
[2025-09-13 06:33:37] 下载并规范化 payload -> ./Dailymotion/Dailymotion_OCD_Domain.yaml (md5 61bdaa33d237d00a6ff84b28a4983e3d)
[2025-09-13 06:33:37] 下载并规范化 payload -> ./Dailymotion/Dailymotion_OCD_IP.yaml (md5 a3f0fcb0f3a069ccf0bd8c58ad840a8b)
[2025-09-13 06:33:37] 处理 list 文件：./YYeTs/YYeTs.list
[2025-09-13 06:33:37] 下载并规范化 payload -> ./YYeTs/YYeTs_OCD_Domain.yaml (md5 6a44907b6fe020b3cd96e7fdc133dd5c)
[2025-09-13 06:33:37] 下载并规范化 payload -> ./YYeTs/YYeTs_OCD_IP.yaml (md5 a3f0fcb0f3a069ccf0bd8c58ad840a8b)
[2025-09-13 06:33:37] 处理 list 文件：./Tumblr/Tumblr.list
[2025-09-13 06:33:37] 下载并规范化 payload -> ./Tumblr/Tumblr_OCD_Domain.yaml (md5 20a29d0ba72c97a6f349ccd1d88fefea)
[2025-09-13 06:33:37] 下载并规范化 payload -> ./Tumblr/Tumblr_OCD_IP.yaml (md5 a3f0fcb0f3a069ccf0bd8c58ad840a8b)
[2025-09-13 06:33:37] 处理 list 文件：./Heroku/Heroku.list
[2025-09-13 06:33:37] 下载并规范化 payload -> ./Heroku/Heroku_OCD_Domain.yaml (md5 e05ce13a2c671dfdac5d4db08b6f1d56)
[2025-09-13 06:33:37] 下载并规范化 payload -> ./Heroku/Heroku_OCD_IP.yaml (md5 a3f0fcb0f3a069ccf0bd8c58ad840a8b)
[2025-09-13 06:33:37] 处理 list 文件：./Yandex/Yandex.list
[2025-09-13 06:33:37] 下载并规范化 payload -> ./Yandex/Yandex_OCD_Domain.yaml (md5 aa7ccf590308371580f09a3c5da0ac14)
[2025-09-13 06:33:37] 下载并规范化 payload -> ./Yandex/Yandex_OCD_IP.yaml (md5 b1962083ea2b689cc6121799cd4e1519)
[2025-09-13 06:33:37] 处理 list 文件：./115/115.list
[2025-09-13 06:33:37] 下载并规范化 payload -> ./115/115_OCD_Domain.yaml (md5 2cb48832c6a428f97c72d129521a134f)
[2025-09-13 06:33:37] 下载并规范化 payload -> ./115/115_OCD_IP.yaml (md5 a3f0fcb0f3a069ccf0bd8c58ad840a8b)
[2025-09-13 06:33:37] 处理 list 文件：./KuangShi/KuangShi.list
[2025-09-13 06:33:37] 下载并规范化 payload -> ./KuangShi/KuangShi_OCD_Domain.yaml (md5 f7def1a3a5301bc325a83f09215f6b73)
[2025-09-13 06:33:37] 下载并规范化 payload -> ./KuangShi/KuangShi_OCD_IP.yaml (md5 3ed8527fb0779b215f539f4cb10220d9)
[2025-09-13 06:33:37] 处理 list 文件：./Jfrog/Jfrog.list
[2025-09-13 06:33:37] 下载并规范化 payload -> ./Jfrog/Jfrog_OCD_Domain.yaml (md5 54fcf8186714d54a8eed64ca9d00372b)
[2025-09-13 06:33:37] 下载并规范化 payload -> ./Jfrog/Jfrog_OCD_IP.yaml (md5 a3f0fcb0f3a069ccf0bd8c58ad840a8b)
[2025-09-13 06:33:37] 处理 list 文件：./DiscoveryPlus/DiscoveryPlus.list
[2025-09-13 06:33:37] 下载并规范化 payload -> ./DiscoveryPlus/DiscoveryPlus_OCD_Domain.yaml (md5 0f040b43e8d34edfb16ce70cfefe7866)
[2025-09-13 06:33:37] 下载并规范化 payload -> ./DiscoveryPlus/DiscoveryPlus_OCD_IP.yaml (md5 a3f0fcb0f3a069ccf0bd8c58ad840a8b)
[2025-09-13 06:33:37] 处理 list 文件：./Zee/Zee.list
[2025-09-13 06:33:37] 下载并规范化 payload -> ./Zee/Zee_OCD_Domain.yaml (md5 9ef045a578188be6d6bd1ad0e0693f02)
[2025-09-13 06:33:37] 下载并规范化 payload -> ./Zee/Zee_OCD_IP.yaml (md5 a3f0fcb0f3a069ccf0bd8c58ad840a8b)
[2025-09-13 06:33:37] 处理 list 文件：./Anonv/Anonv.list
[2025-09-13 06:33:37] 下载并规范化 payload -> ./Anonv/Anonv_OCD_Domain.yaml (md5 efc78daebcda5690988c5f9484ce87dd)
[2025-09-13 06:33:37] 下载并规范化 payload -> ./Anonv/Anonv_OCD_IP.yaml (md5 a3f0fcb0f3a069ccf0bd8c58ad840a8b)
[2025-09-13 06:33:37] 处理 list 文件：./TongCheng/TongCheng.list
[2025-09-13 06:33:37] 下载并规范化 payload -> ./TongCheng/TongCheng_OCD_Domain.yaml (md5 a0e28913b7729bfbe6b300e27f413492)
[2025-09-13 06:33:37] 下载并规范化 payload -> ./TongCheng/TongCheng_OCD_IP.yaml (md5 a3f0fcb0f3a069ccf0bd8c58ad840a8b)
[2025-09-13 06:33:37] 处理 list 文件：./HKBN/HKBN.list
[2025-09-13 06:33:37] 下载并规范化 payload -> ./HKBN/HKBN_OCD_Domain.yaml (md5 c24f4d0352770972e3540f328267478e)
[2025-09-13 06:33:37] 下载并规范化 payload -> ./HKBN/HKBN_OCD_IP.yaml (md5 a3f0fcb0f3a069ccf0bd8c58ad840a8b)
[2025-09-13 06:33:37] 处理 list 文件：./CCB/CCB.list
[2025-09-13 06:33:37] 下载并规范化 payload -> ./CCB/CCB_OCD_Domain.yaml (md5 790a86715033475bf8b54b0a972aebaf)
[2025-09-13 06:33:37] 下载并规范化 payload -> ./CCB/CCB_OCD_IP.yaml (md5 a3f0fcb0f3a069ccf0bd8c58ad840a8b)
[2025-09-13 06:33:37] 处理 list 文件：./TianWeiChengXin/TianWeiChengXin.list
[2025-09-13 06:33:37] 下载并规范化 payload -> ./TianWeiChengXin/TianWeiChengXin_OCD_Domain.yaml (md5 8b2eac0ff4ed52c86c86b09ca93e79f1)
[2025-09-13 06:33:37] 下载并规范化 payload -> ./TianWeiChengXin/TianWeiChengXin_OCD_IP.yaml (md5 a3f0fcb0f3a069ccf0bd8c58ad840a8b)
[2025-09-13 06:33:38] 处理 list 文件：./Addthis/Addthis.list
[2025-09-13 06:33:38] 下载并规范化 payload -> ./Addthis/Addthis_OCD_Domain.yaml (md5 8c53bf3cb0f29d9e3f6e323858d23eaa)
[2025-09-13 06:33:38] 下载并规范化 payload -> ./Addthis/Addthis_OCD_IP.yaml (md5 a3f0fcb0f3a069ccf0bd8c58ad840a8b)
[2025-09-13 06:33:38] 处理 list 文件：./UPYun/UPYun.list
[2025-09-13 06:33:38] 下载并规范化 payload -> ./UPYun/UPYun_OCD_Domain.yaml (md5 6c9683e79151a2157d3e81baf95dbe59)
[2025-09-13 06:33:38] 下载并规范化 payload -> ./UPYun/UPYun_OCD_IP.yaml (md5 a3f0fcb0f3a069ccf0bd8c58ad840a8b)
[2025-09-13 06:33:38] 处理 list 文件：./ZeeTV/ZeeTV.list
[2025-09-13 06:33:38] 下载并规范化 payload -> ./ZeeTV/ZeeTV_OCD_Domain.yaml (md5 361290b275bde266eda8dfcd041ab5f2)
[2025-09-13 06:33:38] 下载并规范化 payload -> ./ZeeTV/ZeeTV_OCD_IP.yaml (md5 a3f0fcb0f3a069ccf0bd8c58ad840a8b)
[2025-09-13 06:33:38] 处理 list 文件：./WenJuanXing/WenJuanXing.list
[2025-09-13 06:33:38] 下载并规范化 payload -> ./WenJuanXing/WenJuanXing_OCD_Domain.yaml (md5 85a34a6acf3748a902cf13099be061fd)
[2025-09-13 06:33:38] 下载并规范化 payload -> ./WenJuanXing/WenJuanXing_OCD_IP.yaml (md5 a3f0fcb0f3a069ccf0bd8c58ad840a8b)
[2025-09-13 06:33:38] 处理 list 文件：./Mail/Mail.list
[2025-09-13 06:33:38] 下载并规范化 payload -> ./Mail/Mail_OCD_Domain.yaml (md5 08e024d79dc4beabc5b0c01a7b658444)
[2025-09-13 06:33:38] 下载并规范化 payload -> ./Mail/Mail_OCD_IP.yaml (md5 a3f0fcb0f3a069ccf0bd8c58ad840a8b)
[2025-09-13 06:33:38] 处理 list 文件：./DuoWan/DuoWan.list
[2025-09-13 06:33:38] 下载并规范化 payload -> ./DuoWan/DuoWan_OCD_Domain.yaml (md5 db5f23f8e947e532e8ab8dec5a99a4fb)
[2025-09-13 06:33:38] 下载并规范化 payload -> ./DuoWan/DuoWan_OCD_IP.yaml (md5 a3f0fcb0f3a069ccf0bd8c58ad840a8b)
[2025-09-13 06:33:38] 处理 list 文件：./Clubhouse/Clubhouse.list
[2025-09-13 06:33:38] 下载并规范化 payload -> ./Clubhouse/Clubhouse_OCD_Domain.yaml (md5 a80995fb1c3de6c0a0fe50bca87cbbb6)
[2025-09-13 06:33:38] 下载并规范化 payload -> ./Clubhouse/Clubhouse_OCD_IP.yaml (md5 a3f0fcb0f3a069ccf0bd8c58ad840a8b)
[2025-09-13 06:33:38] 处理 list 文件：./SuiShiChuanMei/SuiShiChuanMei.list
[2025-09-13 06:33:38] 下载并规范化 payload -> ./SuiShiChuanMei/SuiShiChuanMei_OCD_Domain.yaml (md5 8c9ef190608c205d74500859da81880b)
[2025-09-13 06:33:38] 下载并规范化 payload -> ./SuiShiChuanMei/SuiShiChuanMei_OCD_IP.yaml (md5 a3f0fcb0f3a069ccf0bd8c58ad840a8b)
[2025-09-13 06:33:38] 处理 list 文件：./UCloud/UCloud.list
[2025-09-13 06:33:38] 下载并规范化 payload -> ./UCloud/UCloud_OCD_Domain.yaml (md5 a5201854308b88de65363410db655aaa)
[2025-09-13 06:33:38] 下载并规范化 payload -> ./UCloud/UCloud_OCD_IP.yaml (md5 a3f0fcb0f3a069ccf0bd8c58ad840a8b)
[2025-09-13 06:33:38] 处理 list 文件：./Proxy/Proxy.list
[2025-09-13 06:33:38] 下载并规范化 payload -> ./Proxy/Proxy_OCD_Domain.yaml (md5 717df94668573c3cd69074ad9a8ce331)
[2025-09-13 06:33:38] 下载并规范化 payload -> ./Proxy/Proxy_OCD_IP.yaml (md5 6bc25203eaaf96965b2300f10780d1d9)
[2025-09-13 06:33:38] 处理 list 文件：./Atomdata/Atomdata.list
[2025-09-13 06:33:38] 下载并规范化 payload -> ./Atomdata/Atomdata_OCD_Domain.yaml (md5 7ed2109691f45a6c4a3695ed82f30898)
[2025-09-13 06:33:38] 下载并规范化 payload -> ./Atomdata/Atomdata_OCD_IP.yaml (md5 a3f0fcb0f3a069ccf0bd8c58ad840a8b)
[2025-09-13 06:33:38] 处理 list 文件：./Instagram/Instagram.list
[2025-09-13 06:33:38] 下载并规范化 payload -> ./Instagram/Instagram_OCD_Domain.yaml (md5 92d47a16be36b6d03615bdc72de27fd1)
[2025-09-13 06:33:38] 下载并规范化 payload -> ./Instagram/Instagram_OCD_IP.yaml (md5 a3f0fcb0f3a069ccf0bd8c58ad840a8b)
[2025-09-13 06:33:38] 处理 list 文件：./Hearthstone/Hearthstone.list
[2025-09-13 06:33:38] 下载并规范化 payload -> ./Hearthstone/Hearthstone_OCD_Domain.yaml (md5 bf283cdb142326ac594529204aea1969)
[2025-09-13 06:33:38] 下载并规范化 payload -> ./Hearthstone/Hearthstone_OCD_IP.yaml (md5 88aa335b0791797a11d161e70f05ddcc)
[2025-09-13 06:33:38] 处理 list 文件：./OP/OP.list
[2025-09-13 06:33:38] 下载并规范化 payload -> ./OP/OP_OCD_Domain.yaml (md5 0733cc80d09a2d4937917be281ea8fb3)
[2025-09-13 06:33:38] 下载并规范化 payload -> ./OP/OP_OCD_IP.yaml (md5 a3f0fcb0f3a069ccf0bd8c58ad840a8b)
[2025-09-13 06:33:38] 处理 list 文件：./Alibaba/Alibaba.list
[2025-09-13 06:33:38] 下载并规范化 payload -> ./Alibaba/Alibaba_OCD_Domain.yaml (md5 cac6740b2950bd9242523fb352c38c83)
[2025-09-13 06:33:38] 下载并规范化 payload -> ./Alibaba/Alibaba_OCD_IP.yaml (md5 a8645242a41a2dfb11f41e57950dbaa6)
[2025-09-13 06:33:38] 处理 list 文件：./Wteam/Wteam.list
[2025-09-13 06:33:38] 下载并规范化 payload -> ./Wteam/Wteam_OCD_Domain.yaml (md5 38de3652d9631597915235f89da1553b)
[2025-09-13 06:33:38] 下载并规范化 payload -> ./Wteam/Wteam_OCD_IP.yaml (md5 a3f0fcb0f3a069ccf0bd8c58ad840a8b)
[2025-09-13 06:33:38] 处理 list 文件：./Bloomberg/Bloomberg.list
[2025-09-13 06:33:38] 下载并规范化 payload -> ./Bloomberg/Bloomberg_OCD_Domain.yaml (md5 fcdea7a38b83af81bd796b5078c87928)
[2025-09-13 06:33:38] 下载并规范化 payload -> ./Bloomberg/Bloomberg_OCD_IP.yaml (md5 a3f0fcb0f3a069ccf0bd8c58ad840a8b)
[2025-09-13 06:33:38] 处理 list 文件：./Sharethis/Sharethis.list
[2025-09-13 06:33:38] 下载并规范化 payload -> ./Sharethis/Sharethis_OCD_Domain.yaml (md5 dc62303de5d2549203a472edefd762ca)
[2025-09-13 06:33:38] 下载并规范化 payload -> ./Sharethis/Sharethis_OCD_IP.yaml (md5 a3f0fcb0f3a069ccf0bd8c58ad840a8b)
[2025-09-13 06:33:38] 处理 list 文件：./Naver/Naver.list
[2025-09-13 06:33:38] 下载并规范化 payload -> ./Naver/Naver_OCD_Domain.yaml (md5 f90f33a474cbbdd8fbf138b9343b8f2b)
[2025-09-13 06:33:38] 下载并规范化 payload -> ./Naver/Naver_OCD_IP.yaml (md5 bf8c17f78de19f6d6f62a1a849593207)
[2025-09-13 06:33:38] 处理 list 文件：./OPPO/OPPO.list
[2025-09-13 06:33:38] 下载并规范化 payload -> ./OPPO/OPPO_OCD_Domain.yaml (md5 d34f05ba5b86fbec6b662c200194343c)
[2025-09-13 06:33:38] 下载并规范化 payload -> ./OPPO/OPPO_OCD_IP.yaml (md5 a3f0fcb0f3a069ccf0bd8c58ad840a8b)
[2025-09-13 06:33:38] 处理 list 文件：./Zhihu/Zhihu.list
[2025-09-13 06:33:38] 下载并规范化 payload -> ./Zhihu/Zhihu_OCD_Domain.yaml (md5 9d7ed743f0d5e799f0eb5f6353ef2cf4)
[2025-09-13 06:33:38] 下载并规范化 payload -> ./Zhihu/Zhihu_OCD_IP.yaml (md5 776653c5afd142eddf9c03080d2f28ab)
[2025-09-13 06:33:38] 处理 list 文件：./Americasvoice/Americasvoice.list
[2025-09-13 06:33:39] 下载并规范化 payload -> ./Americasvoice/Americasvoice_OCD_Domain.yaml (md5 438315f09f9c2b2f571db2cae56519c3)
[2025-09-13 06:33:39] 下载并规范化 payload -> ./Americasvoice/Americasvoice_OCD_IP.yaml (md5 a3f0fcb0f3a069ccf0bd8c58ad840a8b)
[2025-09-13 06:33:39] 处理 list 文件：./FOXPlus/FOXPlus.list
[2025-09-13 06:33:39] 下载并规范化 payload -> ./FOXPlus/FOXPlus_OCD_Domain.yaml (md5 f8a8afc7b409b170eeb78248297338b8)
[2025-09-13 06:33:39] 下载并规范化 payload -> ./FOXPlus/FOXPlus_OCD_IP.yaml (md5 a3f0fcb0f3a069ccf0bd8c58ad840a8b)
[2025-09-13 06:33:39] 处理 list 文件：./17zuoye/17zuoye.list
[2025-09-13 06:33:39] 下载并规范化 payload -> ./17zuoye/17zuoye_OCD_Domain.yaml (md5 0bd0bbb264da82995c0fa6c81b95a00b)
[2025-09-13 06:33:39] 下载并规范化 payload -> ./17zuoye/17zuoye_OCD_IP.yaml (md5 a3f0fcb0f3a069ccf0bd8c58ad840a8b)
[2025-09-13 06:33:39] 处理 list 文件：./TigerFintech/TigerFintech.list
[2025-09-13 06:33:39] 下载并规范化 payload -> ./TigerFintech/TigerFintech_OCD_Domain.yaml (md5 9ca22225ca98471f9c29d28d4d470052)
[2025-09-13 06:33:39] 下载并规范化 payload -> ./TigerFintech/TigerFintech_OCD_IP.yaml (md5 a3f0fcb0f3a069ccf0bd8c58ad840a8b)
[2025-09-13 06:33:39] 处理 list 文件：./Keep/Keep.list
[2025-09-13 06:33:39] 下载并规范化 payload -> ./Keep/Keep_OCD_Domain.yaml (md5 5d5290b0e69be0b130741c2c946cc138)
[2025-09-13 06:33:39] 下载并规范化 payload -> ./Keep/Keep_OCD_IP.yaml (md5 a3f0fcb0f3a069ccf0bd8c58ad840a8b)
[2025-09-13 06:33:39] 处理 list 文件：./ITV/ITV.list
[2025-09-13 06:33:39] 下载并规范化 payload -> ./ITV/ITV_OCD_Domain.yaml (md5 0a3bc5144fec69e8266ddf489e8fe1a6)
[2025-09-13 06:33:39] 下载并规范化 payload -> ./ITV/ITV_OCD_IP.yaml (md5 a3f0fcb0f3a069ccf0bd8c58ad840a8b)
[2025-09-13 06:33:39] 处理 list 文件：./myTVSUPER/myTVSUPER.list
[2025-09-13 06:33:39] 下载并规范化 payload -> ./myTVSUPER/myTVSUPER_OCD_Domain.yaml (md5 a5f6aafa1e0621c73687448b7fdc1513)
[2025-09-13 06:33:39] 下载并规范化 payload -> ./myTVSUPER/myTVSUPER_OCD_IP.yaml (md5 a3f0fcb0f3a069ccf0bd8c58ad840a8b)
[2025-09-13 06:33:39] 处理 list 文件：./AnTianKeJi/AnTianKeJi.list
[2025-09-13 06:33:39] 下载并规范化 payload -> ./AnTianKeJi/AnTianKeJi_OCD_Domain.yaml (md5 4bb66b596efaa35fb607d8642e41887a)
[2025-09-13 06:33:39] 下载并规范化 payload -> ./AnTianKeJi/AnTianKeJi_OCD_IP.yaml (md5 a3f0fcb0f3a069ccf0bd8c58ad840a8b)
[2025-09-13 06:33:39] 处理 list 文件：./ChengTongWangPan/ChengTongWangPan.list
[2025-09-13 06:33:39] 下载并规范化 payload -> ./ChengTongWangPan/ChengTongWangPan_OCD_Domain.yaml (md5 ddb6b1345eca343e0b53eb49d2f013ca)
[2025-09-13 06:33:39] 下载并规范化 payload -> ./ChengTongWangPan/ChengTongWangPan_OCD_IP.yaml (md5 a3f0fcb0f3a069ccf0bd8c58ad840a8b)
[2025-09-13 06:33:39] 处理 list 文件：./ChinaNews/ChinaNews.list
[2025-09-13 06:33:39] 下载并规范化 payload -> ./ChinaNews/ChinaNews_OCD_Domain.yaml (md5 340eca88c31371537ae42e71582d86b4)
[2025-09-13 06:33:39] 下载并规范化 payload -> ./ChinaNews/ChinaNews_OCD_IP.yaml (md5 a3f0fcb0f3a069ccf0bd8c58ad840a8b)
[2025-09-13 06:33:39] 处理 list 文件：./BoXun/BoXun.list
[2025-09-13 06:33:39] 下载并规范化 payload -> ./BoXun/BoXun_OCD_Domain.yaml (md5 239f282179c4dddd5cf01d6ce5512f4f)
[2025-09-13 06:33:39] 下载并规范化 payload -> ./BoXun/BoXun_OCD_IP.yaml (md5 a3f0fcb0f3a069ccf0bd8c58ad840a8b)
[2025-09-13 06:33:39] 处理 list 文件：./NetEase/NetEase.list
[2025-09-13 06:33:39] 下载并规范化 payload -> ./NetEase/NetEase_OCD_Domain.yaml (md5 f497d502aec3e9ab5dd7e635eb2f209d)
[2025-09-13 06:33:39] 下载并规范化 payload -> ./NetEase/NetEase_OCD_IP.yaml (md5 400d90b70502b36276bc35ebcaf8fd46)
[2025-09-13 06:33:39] 处理 list 文件：./WanMeiShiJie/WanMeiShiJie.list
[2025-09-13 06:33:39] 下载并规范化 payload -> ./WanMeiShiJie/WanMeiShiJie_OCD_Domain.yaml (md5 025e80255b12ddcf0904c8246012dd48)
[2025-09-13 06:33:39] 下载并规范化 payload -> ./WanMeiShiJie/WanMeiShiJie_OCD_IP.yaml (md5 a3f0fcb0f3a069ccf0bd8c58ad840a8b)
[2025-09-13 06:33:39] 处理 list 文件：./FOXNOW/FOXNOW.list
[2025-09-13 06:33:39] 下载并规范化 payload -> ./FOXNOW/FOXNOW_OCD_Domain.yaml (md5 356557aa7f70757d4e9d646293fa56ff)
[2025-09-13 06:33:39] 下载并规范化 payload -> ./FOXNOW/FOXNOW_OCD_IP.yaml (md5 a3f0fcb0f3a069ccf0bd8c58ad840a8b)
[2025-09-13 06:33:39] 处理 list 文件：./AdColony/AdColony.list
[2025-09-13 06:33:39] 下载并规范化 payload -> ./AdColony/AdColony_OCD_Domain.yaml (md5 199153241dfe9085685f54a501da66a1)
[2025-09-13 06:33:39] 下载并规范化 payload -> ./AdColony/AdColony_OCD_IP.yaml (md5 a3f0fcb0f3a069ccf0bd8c58ad840a8b)
[2025-09-13 06:33:39] 处理 list 文件：./Mogujie/Mogujie.list
[2025-09-13 06:33:39] 下载并规范化 payload -> ./Mogujie/Mogujie_OCD_Domain.yaml (md5 fc64ee1bcf966c0f1ea87b267f1fde86)
[2025-09-13 06:33:39] 下载并规范化 payload -> ./Mogujie/Mogujie_OCD_IP.yaml (md5 a3f0fcb0f3a069ccf0bd8c58ad840a8b)
[2025-09-13 06:33:39] 处理 list 文件：./LineTV/LineTV.list
[2025-09-13 06:33:39] 下载并规范化 payload -> ./LineTV/LineTV_OCD_Domain.yaml (md5 fe7b7235ddfaca5c19d596034ffb455b)
[2025-09-13 06:33:39] 下载并规范化 payload -> ./LineTV/LineTV_OCD_IP.yaml (md5 a3f0fcb0f3a069ccf0bd8c58ad840a8b)
[2025-09-13 06:33:39] 处理 list 文件：./Canon/Canon.list
[2025-09-13 06:33:39] 下载并规范化 payload -> ./Canon/Canon_OCD_Domain.yaml (md5 7cc3bfdc331a6cf2ffdcc8e440480cee)
[2025-09-13 06:33:39] 下载并规范化 payload -> ./Canon/Canon_OCD_IP.yaml (md5 a3f0fcb0f3a069ccf0bd8c58ad840a8b)
[2025-09-13 06:33:39] 处理 list 文件：./Faronics/Faronics.list
[2025-09-13 06:33:39] 下载并规范化 payload -> ./Faronics/Faronics_OCD_Domain.yaml (md5 cf6670678f144dc4f246117da3732e93)
[2025-09-13 06:33:39] 下载并规范化 payload -> ./Faronics/Faronics_OCD_IP.yaml (md5 a3f0fcb0f3a069ccf0bd8c58ad840a8b)
[2025-09-13 06:33:39] 处理 list 文件：./PCCW/PCCW.list
[2025-09-13 06:33:39] 下载并规范化 payload -> ./PCCW/PCCW_OCD_Domain.yaml (md5 a0f88e5c3f3e57ac74d96044dfb2eccd)
[2025-09-13 06:33:39] 下载并规范化 payload -> ./PCCW/PCCW_OCD_IP.yaml (md5 a3f0fcb0f3a069ccf0bd8c58ad840a8b)
[2025-09-13 06:33:39] 处理 list 文件：./Wordpress/Wordpress.list
[2025-09-13 06:33:39] 下载并规范化 payload -> ./Wordpress/Wordpress_OCD_Domain.yaml (md5 53ac6bd837fbbeea3b372901d919a32b)
[2025-09-13 06:33:39] 下载并规范化 payload -> ./Wordpress/Wordpress_OCD_IP.yaml (md5 a3f0fcb0f3a069ccf0bd8c58ad840a8b)
[2025-09-13 06:33:39] 处理 list 文件：./VISA/VISA.list
[2025-09-13 06:33:39] 下载并规范化 payload -> ./VISA/VISA_OCD_Domain.yaml (md5 4b5bcccf174a8a5a63c4915f92173742)
[2025-09-13 06:33:39] 下载并规范化 payload -> ./VISA/VISA_OCD_IP.yaml (md5 a3f0fcb0f3a069ccf0bd8c58ad840a8b)
[2025-09-13 06:33:39] 处理 list 文件：./Haveibeenpwned/Haveibeenpwned.list
[2025-09-13 06:33:39] 下载并规范化 payload -> ./Haveibeenpwned/Haveibeenpwned_OCD_Domain.yaml (md5 c6812332325793958151a039602f7a33)
[2025-09-13 06:33:40] 下载并规范化 payload -> ./Haveibeenpwned/Haveibeenpwned_OCD_IP.yaml (md5 a3f0fcb0f3a069ccf0bd8c58ad840a8b)
[2025-09-13 06:33:40] 处理 list 文件：./Privacy/Privacy.list
[2025-09-13 06:33:40] 下载并规范化 payload -> ./Privacy/Privacy_OCD_Domain.yaml (md5 373fb0d8840eb3ec32fe74c45041d58e)
[2025-09-13 06:33:40] 下载并规范化 payload -> ./Privacy/Privacy_OCD_IP.yaml (md5 aa00bdc2ffb19b4fb19d51f0144d5e49)
[2025-09-13 06:33:40] 处理 list 文件：./LG/LG.list
[2025-09-13 06:33:40] 下载并规范化 payload -> ./LG/LG_OCD_Domain.yaml (md5 a9a1f2aadf04247f599c2ca9f6b32088)
[2025-09-13 06:33:40] 下载并规范化 payload -> ./LG/LG_OCD_IP.yaml (md5 8646b90d7c31a7c04ed741ad5a499b92)
[2025-09-13 06:33:40] 处理 list 文件：./zhanqi/zhanqi.list
[2025-09-13 06:33:40] 下载并规范化 payload -> ./zhanqi/zhanqi_OCD_Domain.yaml (md5 32979af4eb86f7848b6357234309b3d0)
[2025-09-13 06:33:40] 下载并规范化 payload -> ./zhanqi/zhanqi_OCD_IP.yaml (md5 a3f0fcb0f3a069ccf0bd8c58ad840a8b)
[2025-09-13 06:33:40] 处理 list 文件：./NetEaseMusic/NetEaseMusic.list
[2025-09-13 06:33:40] 下载并规范化 payload -> ./NetEaseMusic/NetEaseMusic_OCD_Domain.yaml (md5 0beb7a0b2bb9efddfcbb461c222aa917)
[2025-09-13 06:33:40] 下载并规范化 payload -> ./NetEaseMusic/NetEaseMusic_OCD_IP.yaml (md5 8d868463dbd34aec2cc404a682f5cea1)
[2025-09-13 06:33:40] 处理 list 文件：./Anthropic/Anthropic.list
[2025-09-13 06:33:40] 下载并规范化 payload -> ./Anthropic/Anthropic_OCD_Domain.yaml (md5 e20939e4eb3fb3aca0a477dd43b57364)
[2025-09-13 06:33:40] 下载并规范化 payload -> ./Anthropic/Anthropic_OCD_IP.yaml (md5 a3f0fcb0f3a069ccf0bd8c58ad840a8b)
[2025-09-13 06:33:40] 处理 list 文件：./Kingsoft/Kingsoft.list
[2025-09-13 06:33:40] 下载并规范化 payload -> ./Kingsoft/Kingsoft_OCD_Domain.yaml (md5 ca13dc62bc461fd1aa6d7cd49513934a)
[2025-09-13 06:33:40] 下载并规范化 payload -> ./Kingsoft/Kingsoft_OCD_IP.yaml (md5 a3f0fcb0f3a069ccf0bd8c58ad840a8b)
[2025-09-13 06:33:40] 处理 list 文件：./NGA/NGA.list
[2025-09-13 06:33:40] 下载并规范化 payload -> ./NGA/NGA_OCD_Domain.yaml (md5 163ab3c507508268e6d75487d41a470c)
[2025-09-13 06:33:40] 下载并规范化 payload -> ./NGA/NGA_OCD_IP.yaml (md5 a3f0fcb0f3a069ccf0bd8c58ad840a8b)
[2025-09-13 06:33:40] 处理 list 文件：./AMD/AMD.list
[2025-09-13 06:33:40] 下载并规范化 payload -> ./AMD/AMD_OCD_Domain.yaml (md5 d6a23ebac23684e8e7a6fc9fae63a2da)
[2025-09-13 06:33:40] 下载并规范化 payload -> ./AMD/AMD_OCD_IP.yaml (md5 a3f0fcb0f3a069ccf0bd8c58ad840a8b)
[2025-09-13 06:33:40] 处理 list 文件：./Claude/Claude.list
[2025-09-13 06:33:40] 下载并规范化 payload -> ./Claude/Claude_OCD_Domain.yaml (md5 9103d426c637421bc2f70d1ec37cd319)
[2025-09-13 06:33:40] 下载并规范化 payload -> ./Claude/Claude_OCD_IP.yaml (md5 a3f0fcb0f3a069ccf0bd8c58ad840a8b)
[2025-09-13 06:33:40] 处理 list 文件：./AppleMusic/AppleMusic.list
[2025-09-13 06:33:40] 下载并规范化 payload -> ./AppleMusic/AppleMusic_OCD_Domain.yaml (md5 28583e250ec70511ebfbc5e487918283)
[2025-09-13 06:33:40] 下载并规范化 payload -> ./AppleMusic/AppleMusic_OCD_IP.yaml (md5 a3f0fcb0f3a069ccf0bd8c58ad840a8b)
[2025-09-13 06:33:40] 处理 list 文件：./WeTV/WeTV.list
[2025-09-13 06:33:40] 下载并规范化 payload -> ./WeTV/WeTV_OCD_Domain.yaml (md5 4fc4955a729a43c20501b8e513304d3c)
[2025-09-13 06:33:40] 下载并规范化 payload -> ./WeTV/WeTV_OCD_IP.yaml (md5 b78ece7fd2c256b4d92bfc884f22272a)
[2025-09-13 06:33:40] 处理 list 文件：./AdvertisingTest/AdvertisingTest.list
[2025-09-13 06:33:41] 下载并规范化 payload -> ./AdvertisingTest/AdvertisingTest_OCD_Domain.yaml (md5 68629a150dc33290ad6e30b028198a7a)
[2025-09-13 06:33:41] 下载并规范化 payload -> ./AdvertisingTest/AdvertisingTest_OCD_IP.yaml (md5 e867bf6024473d91d0f6e01cd4fcb107)
[2025-09-13 06:33:41] 处理 list 文件：./YouTube/YouTube.list
[2025-09-13 06:33:41] 下载并规范化 payload -> ./YouTube/YouTube_OCD_Domain.yaml (md5 6da35e64cf57fd66904611811350956e)
[2025-09-13 06:33:41] 下载并规范化 payload -> ./YouTube/YouTube_OCD_IP.yaml (md5 937ef73723517df019f306c6ea13518a)
[2025-09-13 06:33:41] 处理 list 文件：./ViuTV/ViuTV.list
[2025-09-13 06:33:41] 下载并规范化 payload -> ./ViuTV/ViuTV_OCD_Domain.yaml (md5 ac5219d99b15b4efb87bc3a27652a769)
[2025-09-13 06:33:41] 下载并规范化 payload -> ./ViuTV/ViuTV_OCD_IP.yaml (md5 a3f0fcb0f3a069ccf0bd8c58ad840a8b)
[2025-09-13 06:33:41] 处理 list 文件：./Nike/Nike.list
[2025-09-13 06:33:41] 下载并规范化 payload -> ./Nike/Nike_OCD_Domain.yaml (md5 78ca036f9d39e1b55183593d4d7b585d)
[2025-09-13 06:33:41] 下载并规范化 payload -> ./Nike/Nike_OCD_IP.yaml (md5 a3f0fcb0f3a069ccf0bd8c58ad840a8b)
[2025-09-13 06:33:41] 处理 list 文件：./Cloudflare/Cloudflare.list
[2025-09-13 06:33:41] 下载并规范化 payload -> ./Cloudflare/Cloudflare_OCD_Domain.yaml (md5 5085f38052dd8aa76537ac51dde58f14)
[2025-09-13 06:33:41] 下载并规范化 payload -> ./Cloudflare/Cloudflare_OCD_IP.yaml (md5 02c5ea2a590214148a0c7b3dd933032a)
[2025-09-13 06:33:41] 处理 list 文件：./AppleDaily/AppleDaily.list
[2025-09-13 06:33:41] 下载并规范化 payload -> ./AppleDaily/AppleDaily_OCD_Domain.yaml (md5 df703f8f951de05ae0e57bbfddadc53e)
[2025-09-13 06:33:41] 下载并规范化 payload -> ./AppleDaily/AppleDaily_OCD_IP.yaml (md5 a3f0fcb0f3a069ccf0bd8c58ad840a8b)
[2025-09-13 06:33:41] 处理 list 文件：./CBS/CBS.list
[2025-09-13 06:33:41] 下载并规范化 payload -> ./CBS/CBS_OCD_Domain.yaml (md5 cdca25c6211d9519b8e0b01e472ac9d9)
[2025-09-13 06:33:41] 下载并规范化 payload -> ./CBS/CBS_OCD_IP.yaml (md5 a3f0fcb0f3a069ccf0bd8c58ad840a8b)
[2025-09-13 06:33:41] 处理 list 文件：./HeroesoftheStorm/HeroesoftheStorm.list
[2025-09-13 06:33:41] 下载并规范化 payload -> ./HeroesoftheStorm/HeroesoftheStorm_OCD_Domain.yaml (md5 bf283cdb142326ac594529204aea1969)
[2025-09-13 06:33:41] 下载并规范化 payload -> ./HeroesoftheStorm/HeroesoftheStorm_OCD_IP.yaml (md5 8669337eea2704259d8260a9671f2848)
[2025-09-13 06:33:41] 处理 list 文件：./Advertising/Advertising.list
[2025-09-13 06:33:42] 下载并规范化 payload -> ./Advertising/Advertising_OCD_Domain.yaml (md5 b7fa62044c9c4eb596da9fc576e87731)
[2025-09-13 06:33:42] 下载并规范化 payload -> ./Advertising/Advertising_OCD_IP.yaml (md5 58f8cd9bda6aef17a0ca828a32e7e8f8)
[2025-09-13 06:33:42] 处理 list 文件：./TVer/TVer.list
[2025-09-13 06:33:42] 下载并规范化 payload -> ./TVer/TVer_OCD_Domain.yaml (md5 d0687b5dac25881ba336dda2a770ce40)
[2025-09-13 06:33:42] 下载并规范化 payload -> ./TVer/TVer_OCD_IP.yaml (md5 a3f0fcb0f3a069ccf0bd8c58ad840a8b)
[2025-09-13 06:33:42] 处理 list 文件：./DynDNS/DynDNS.list
[2025-09-13 06:33:42] 下载并规范化 payload -> ./DynDNS/DynDNS_OCD_Domain.yaml (md5 11f1eb35d1700751e8d5974c1c42b10f)
[2025-09-13 06:33:42] 下载并规范化 payload -> ./DynDNS/DynDNS_OCD_IP.yaml (md5 a3f0fcb0f3a069ccf0bd8c58ad840a8b)
[2025-09-13 06:33:42] 处理 list 文件：./MOOV/MOOV.list
[2025-09-13 06:33:42] 下载并规范化 payload -> ./MOOV/MOOV_OCD_Domain.yaml (md5 8f1ee034a9c42823719a66ac3e4a5baf)
[2025-09-13 06:33:42] 下载并规范化 payload -> ./MOOV/MOOV_OCD_IP.yaml (md5 a3f0fcb0f3a069ccf0bd8c58ad840a8b)
[2025-09-13 06:33:42] 处理 list 文件：./Intel/Intel.list
[2025-09-13 06:33:42] 下载并规范化 payload -> ./Intel/Intel_OCD_Domain.yaml (md5 440d5ef50bc3422f45f943f27d5f9242)
[2025-09-13 06:33:42] 下载并规范化 payload -> ./Intel/Intel_OCD_IP.yaml (md5 a3f0fcb0f3a069ccf0bd8c58ad840a8b)
[2025-09-13 06:33:42] 处理 list 文件：./My5/My5.list
[2025-09-13 06:33:42] 下载并规范化 payload -> ./My5/My5_OCD_Domain.yaml (md5 6075d76fd4c562715a4e832ebb83a4cf)
[2025-09-13 06:33:42] 下载并规范化 payload -> ./My5/My5_OCD_IP.yaml (md5 a3f0fcb0f3a069ccf0bd8c58ad840a8b)
[2025-09-13 06:33:42] 处理 list 文件：./Opera/Opera.list
[2025-09-13 06:33:42] 下载并规范化 payload -> ./Opera/Opera_OCD_Domain.yaml (md5 064aea93909feee3a3d37681a182d9c9)
[2025-09-13 06:33:42] 下载并规范化 payload -> ./Opera/Opera_OCD_IP.yaml (md5 afb894b7b81cfe01db3ce264823fec07)
[2025-09-13 06:33:42] 处理 list 文件：./aiXcoder/aiXcoder.list
[2025-09-13 06:33:42] 下载并规范化 payload -> ./aiXcoder/aiXcoder_OCD_Domain.yaml (md5 ec3623b5d483665d554e675da2f5151e)
[2025-09-13 06:33:42] 下载并规范化 payload -> ./aiXcoder/aiXcoder_OCD_IP.yaml (md5 a3f0fcb0f3a069ccf0bd8c58ad840a8b)
[2025-09-13 06:33:42] 处理 list 文件：./EasyPrivacy/EasyPrivacy.list
[2025-09-13 06:33:42] 下载并规范化 payload -> ./EasyPrivacy/EasyPrivacy_OCD_Domain.yaml (md5 c81fff4492ef13634bc590cc79852fe4)
[2025-09-13 06:33:42] 下载并规范化 payload -> ./EasyPrivacy/EasyPrivacy_OCD_IP.yaml (md5 a3f0fcb0f3a069ccf0bd8c58ad840a8b)
[2025-09-13 06:33:42] 处理 list 文件：./Game/TencentLoLMobile/TencentLoLMobile.list
[2025-09-13 06:33:42] 下载并规范化 payload -> ./Game/TencentLoLMobile/TencentLoLMobile_OCD_Domain.yaml (md5 c7a14e0853bb83c7daf040c7f4c97519)
[2025-09-13 06:33:42] 下载并规范化 payload -> ./Game/TencentLoLMobile/TencentLoLMobile_OCD_IP.yaml (md5 a3f0fcb0f3a069ccf0bd8c58ad840a8b)
[2025-09-13 06:33:42] 处理 list 文件：./Game/Game.list
[2025-09-13 06:33:42] 下载并规范化 payload -> ./Game/Game_OCD_Domain.yaml (md5 1e7430b66a19669eacab66662df7b776)
[2025-09-13 06:33:42] 下载并规范化 payload -> ./Game/Game_OCD_IP.yaml (md5 585031b0107d5314c52be2cf2c8b7ca6)
[2025-09-13 06:33:42] 处理 list 文件：./Game/Nikke/Nikke.list
[2025-09-13 06:33:42] 下载并规范化 payload -> ./Game/Nikke/Nikke_OCD_Domain.yaml (md5 e53b7ad94141ac23d31b7725dd680f00)
[2025-09-13 06:33:42] 下载并规范化 payload -> ./Game/Nikke/Nikke_OCD_IP.yaml (md5 e65626c130ff6277c8f33fa905493740)
[2025-09-13 06:33:42] 处理 list 文件：./Game/GameDownload/GameDownload.list
[2025-09-13 06:33:42] 下载并规范化 payload -> ./Game/GameDownload/GameDownload_OCD_Domain.yaml (md5 e23cdcce138c5035cc35ba722e6cd921)
[2025-09-13 06:33:42] 下载并规范化 payload -> ./Game/GameDownload/GameDownload_OCD_IP.yaml (md5 a3f0fcb0f3a069ccf0bd8c58ad840a8b)
[2025-09-13 06:33:42] 处理 list 文件：./Game/Assassin'sCreed-Origins/Assassin'sCreed-Origins.list
[2025-09-13 06:33:43] 下载并规范化 payload -> ./Game/Assassin'sCreed-Origins/Assassin'sCreed-Origins_OCD_Domain.yaml (md5 bf283cdb142326ac594529204aea1969)
[2025-09-13 06:33:43] 下载并规范化 payload -> ./Game/Assassin'sCreed-Origins/Assassin'sCreed-Origins_OCD_IP.yaml (md5 e3d776a044ae42a4339d77033fa7d995)
[2025-09-13 06:33:43] 处理 list 文件：./Game/Roblox/Roblox.list
[2025-09-13 06:33:43] 下载并规范化 payload -> ./Game/Roblox/Roblox_OCD_Domain.yaml (md5 4f752eb05607727754b4c2089adcdcb5)
[2025-09-13 06:33:43] 下载并规范化 payload -> ./Game/Roblox/Roblox_OCD_IP.yaml (md5 a3f0fcb0f3a069ccf0bd8c58ad840a8b)
[2025-09-13 06:33:43] 处理 list 文件：./Game/GameDownloadCN/GameDownloadCN.list
[2025-09-13 06:33:43] 下载并规范化 payload -> ./Game/GameDownloadCN/GameDownloadCN_OCD_Domain.yaml (md5 7436e5d98e83cbe9e51d11f83f2699f1)
[2025-09-13 06:33:43] 下载并规范化 payload -> ./Game/GameDownloadCN/GameDownloadCN_OCD_IP.yaml (md5 a3f0fcb0f3a069ccf0bd8c58ad840a8b)
[2025-09-13 06:33:43] 处理 list 文件：./Game/Assassin'sCreed-Odyssey/Assassin'sCreed-Odyssey.list
[2025-09-13 06:33:43] 下载并规范化 payload -> ./Game/Assassin'sCreed-Odyssey/Assassin'sCreed-Odyssey_OCD_Domain.yaml (md5 bf283cdb142326ac594529204aea1969)
[2025-09-13 06:33:43] 下载并规范化 payload -> ./Game/Assassin'sCreed-Odyssey/Assassin'sCreed-Odyssey_OCD_IP.yaml (md5 f86c1e6c2f9a7c5bccc639eab262253c)
[2025-09-13 06:33:43] 处理 list 文件：./Riot/Riot.list
[2025-09-13 06:33:43] 下载并规范化 payload -> ./Riot/Riot_OCD_Domain.yaml (md5 a9bf5a2664bebbb1c8c3ed1b7dd8516d)
[2025-09-13 06:33:43] 下载并规范化 payload -> ./Riot/Riot_OCD_IP.yaml (md5 a3f0fcb0f3a069ccf0bd8c58ad840a8b)
[2025-09-13 06:33:43] 处理 list 文件：./StarCraftII/StarCraftII.list
[2025-09-13 06:33:43] 下载并规范化 payload -> ./StarCraftII/StarCraftII_OCD_Domain.yaml (md5 bf283cdb142326ac594529204aea1969)
[2025-09-13 06:33:43] 下载并规范化 payload -> ./StarCraftII/StarCraftII_OCD_IP.yaml (md5 843dbf2af043a8870c8b9ed915ded67d)
[2025-09-13 06:33:43] 处理 list 文件：./HWTV/HWTV.list
[2025-09-13 06:33:43] 下载并规范化 payload -> ./HWTV/HWTV_OCD_Domain.yaml (md5 e516a2f1d4fd450169e7f14a71297094)
[2025-09-13 06:33:43] 下载并规范化 payload -> ./HWTV/HWTV_OCD_IP.yaml (md5 a3f0fcb0f3a069ccf0bd8c58ad840a8b)
[2025-09-13 06:33:43] 处理 list 文件：./NYTimes/NYTimes.list
[2025-09-13 06:33:43] 下载并规范化 payload -> ./NYTimes/NYTimes_OCD_Domain.yaml (md5 8a3b0aa23279346f476e9c706f0833f6)
[2025-09-13 06:33:43] 下载并规范化 payload -> ./NYTimes/NYTimes_OCD_IP.yaml (md5 a3f0fcb0f3a069ccf0bd8c58ad840a8b)
[2025-09-13 06:33:43] 处理 list 文件：./FindMy/FindMy.list
[2025-09-13 06:33:43] 下载并规范化 payload -> ./FindMy/FindMy_OCD_Domain.yaml (md5 75f824b8196dba2adde129d8a93b462c)
[2025-09-13 06:33:43] 下载并规范化 payload -> ./FindMy/FindMy_OCD_IP.yaml (md5 a3f0fcb0f3a069ccf0bd8c58ad840a8b)
[2025-09-13 06:33:43] 处理 list 文件：./ChinaMobile/ChinaMobile.list
[2025-09-13 06:33:43] 下载并规范化 payload -> ./ChinaMobile/ChinaMobile_OCD_Domain.yaml (md5 3b32b66dff3a2745f555e6829dfdccf8)
[2025-09-13 06:33:43] 下载并规范化 payload -> ./ChinaMobile/ChinaMobile_OCD_IP.yaml (md5 167cb7ebbede5eabb64c17a065b38437)
[2025-09-13 06:33:43] 处理 list 文件：./Telegram/Telegram.list
[2025-09-13 06:33:43] 下载并规范化 payload -> ./Telegram/Telegram_OCD_Domain.yaml (md5 18fa240e6cc8949c11e5f566fc90046f)
[2025-09-13 06:33:43] 下载并规范化 payload -> ./Telegram/Telegram_OCD_IP.yaml (md5 bcd1e02c9abf8eb8c3e6ed134b0ca3b9)
[2025-09-13 06:33:43] 处理 list 文件：./Stackexchange/Stackexchange.list
[2025-09-13 06:33:43] 下载并规范化 payload -> ./Stackexchange/Stackexchange_OCD_Domain.yaml (md5 24ce5f6a437a2bc40275064ab817960a)
[2025-09-13 06:33:43] 下载并规范化 payload -> ./Stackexchange/Stackexchange_OCD_IP.yaml (md5 a3f0fcb0f3a069ccf0bd8c58ad840a8b)
[2025-09-13 06:33:43] 处理 list 文件：./TestFlight/TestFlight.list
[2025-09-13 06:33:43] 下载并规范化 payload -> ./TestFlight/TestFlight_OCD_Domain.yaml (md5 1b4a1f7983cf1deffca8df584c62c986)
[2025-09-13 06:33:43] 下载并规范化 payload -> ./TestFlight/TestFlight_OCD_IP.yaml (md5 a3f0fcb0f3a069ccf0bd8c58ad840a8b)
[2025-09-13 06:33:43] 处理 list 文件：./AdobeActivation/AdobeActivation.list
[2025-09-13 06:33:43] 下载并规范化 payload -> ./AdobeActivation/AdobeActivation_OCD_Domain.yaml (md5 f6af98d58a2b7b5426a6ba46dffc5315)
[2025-09-13 06:33:43] 下载并规范化 payload -> ./AdobeActivation/AdobeActivation_OCD_IP.yaml (md5 42b29f3dd9485cf147a38cfe54869d7c)
[2025-09-13 06:33:43] 处理 list 文件：./TelegramSG/TelegramSG.list
[2025-09-13 06:33:43] 下载并规范化 payload -> ./TelegramSG/TelegramSG_OCD_Domain.yaml (md5 bf283cdb142326ac594529204aea1969)
[2025-09-13 06:33:43] 下载并规范化 payload -> ./TelegramSG/TelegramSG_OCD_IP.yaml (md5 91c2d9d38c68def9b3cf684e970f0577)
[2025-09-13 06:33:43] 处理 list 文件：./VOA/VOA.list
[2025-09-13 06:33:43] 下载并规范化 payload -> ./VOA/VOA_OCD_Domain.yaml (md5 23b928112f24c6a25f6eabac279b5f7a)
[2025-09-13 06:33:43] 下载并规范化 payload -> ./VOA/VOA_OCD_IP.yaml (md5 a3f0fcb0f3a069ccf0bd8c58ad840a8b)
[2025-09-13 06:33:43] 处理 list 文件：./Salesforce/Salesforce.list
[2025-09-13 06:33:43] 下载并规范化 payload -> ./Salesforce/Salesforce_OCD_Domain.yaml (md5 7d367b525dc0490ca0a948b4e9cbf785)
[2025-09-13 06:33:43] 下载并规范化 payload -> ./Salesforce/Salesforce_OCD_IP.yaml (md5 a3f0fcb0f3a069ccf0bd8c58ad840a8b)
[2025-09-13 06:33:43] 处理 list 文件：./Shopee/Shopee.list
[2025-09-13 06:33:43] 下载并规范化 payload -> ./Shopee/Shopee_OCD_Domain.yaml (md5 450a0672267a1e763f24463e63190b2d)
[2025-09-13 06:33:43] 下载并规范化 payload -> ./Shopee/Shopee_OCD_IP.yaml (md5 a3f0fcb0f3a069ccf0bd8c58ad840a8b)
[2025-09-13 06:33:43] 处理 list 文件：./AFP/AFP.list
[2025-09-13 06:33:43] 下载并规范化 payload -> ./AFP/AFP_OCD_Domain.yaml (md5 0381a9416443c971ed6a3a3a8fd2b273)
[2025-09-13 06:33:43] 下载并规范化 payload -> ./AFP/AFP_OCD_IP.yaml (md5 a3f0fcb0f3a069ccf0bd8c58ad840a8b)
[2025-09-13 06:33:43] 处理 list 文件：./HoYoverse/HoYoverse.list
[2025-09-13 06:33:43] 下载并规范化 payload -> ./HoYoverse/HoYoverse_OCD_Domain.yaml (md5 874bcafbe6498bee70d7e8e9d4416fb7)
[2025-09-13 06:33:43] 下载并规范化 payload -> ./HoYoverse/HoYoverse_OCD_IP.yaml (md5 a3f0fcb0f3a069ccf0bd8c58ad840a8b)
[2025-09-13 06:33:43] 处理 list 文件：./Hupu/Hupu.list
[2025-09-13 06:33:43] 下载并规范化 payload -> ./Hupu/Hupu_OCD_Domain.yaml (md5 fc5c7d832782fc9271334d3c65cf5506)
[2025-09-13 06:33:43] 下载并规范化 payload -> ./Hupu/Hupu_OCD_IP.yaml (md5 a3f0fcb0f3a069ccf0bd8c58ad840a8b)
[2025-09-13 06:33:43] 处理 list 文件：./AdvertisingMiTV/AdvertisingMiTV.list
[2025-09-13 06:33:43] 下载并规范化 payload -> ./AdvertisingMiTV/AdvertisingMiTV_OCD_Domain.yaml (md5 fd39a590d6782bc3699b8b40477d296b)
[2025-09-13 06:33:43] 下载并规范化 payload -> ./AdvertisingMiTV/AdvertisingMiTV_OCD_IP.yaml (md5 a3f0fcb0f3a069ccf0bd8c58ad840a8b)
[2025-09-13 06:33:43] 处理 list 文件：./Oracle/Oracle.list
[2025-09-13 06:33:44] 下载并规范化 payload -> ./Oracle/Oracle_OCD_Domain.yaml (md5 7273f69140cee44a06c7ced6c5923935)
[2025-09-13 06:33:44] 下载并规范化 payload -> ./Oracle/Oracle_OCD_IP.yaml (md5 a3f0fcb0f3a069ccf0bd8c58ad840a8b)
[2025-09-13 06:33:44] 处理 list 文件：./KuaiShou/KuaiShou.list
[2025-09-13 06:33:44] 下载并规范化 payload -> ./KuaiShou/KuaiShou_OCD_Domain.yaml (md5 c17b5ca9ae3e5350f58317c4865a09e4)
[2025-09-13 06:33:44] 下载并规范化 payload -> ./KuaiShou/KuaiShou_OCD_IP.yaml (md5 a3f0fcb0f3a069ccf0bd8c58ad840a8b)
[2025-09-13 06:33:44] 处理 list 文件：./YouTubeMusic/YouTubeMusic.list
[2025-09-13 06:33:44] 下载并规范化 payload -> ./YouTubeMusic/YouTubeMusic_OCD_Domain.yaml (md5 d96b192c4c6816ccf13955853bbd1a0f)
[2025-09-13 06:33:44] 下载并规范化 payload -> ./YouTubeMusic/YouTubeMusic_OCD_IP.yaml (md5 a3f0fcb0f3a069ccf0bd8c58ad840a8b)
[2025-09-13 06:33:44] 处理 list 文件：./Antutu/Antutu.list
[2025-09-13 06:33:44] 下载并规范化 payload -> ./Antutu/Antutu_OCD_Domain.yaml (md5 c20cca38a0095e78d350f4ab16b04710)
[2025-09-13 06:33:44] 下载并规范化 payload -> ./Antutu/Antutu_OCD_IP.yaml (md5 a3f0fcb0f3a069ccf0bd8c58ad840a8b)
[2025-09-13 06:33:44] 处理 list 文件：./TapTap/TapTap.list
[2025-09-13 06:33:44] 下载并规范化 payload -> ./TapTap/TapTap_OCD_Domain.yaml (md5 21f696d17dbe0e4ce4b442ee2eec6e1f)
[2025-09-13 06:33:44] 下载并规范化 payload -> ./TapTap/TapTap_OCD_IP.yaml (md5 a3f0fcb0f3a069ccf0bd8c58ad840a8b)
[2025-09-13 06:33:44] 处理 list 文件：./Sohu/Sohu.list
[2025-09-13 06:33:44] 下载并规范化 payload -> ./Sohu/Sohu_OCD_Domain.yaml (md5 6e844c90a5cb2d06e920d7bd6c18238d)
[2025-09-13 06:33:44] 下载并规范化 payload -> ./Sohu/Sohu_OCD_IP.yaml (md5 a3f0fcb0f3a069ccf0bd8c58ad840a8b)
[2025-09-13 06:33:44] 处理 list 文件：./Protonmail/Protonmail.list
[2025-09-13 06:33:44] 下载并规范化 payload -> ./Protonmail/Protonmail_OCD_Domain.yaml (md5 064d7da581c2d4834c906670a53de484)
[2025-09-13 06:33:44] 下载并规范化 payload -> ./Protonmail/Protonmail_OCD_IP.yaml (md5 a3f0fcb0f3a069ccf0bd8c58ad840a8b)
[2025-09-13 06:33:44] 处理 list 文件：./Unity/Unity.list
[2025-09-13 06:33:44] 下载并规范化 payload -> ./Unity/Unity_OCD_Domain.yaml (md5 f334bd7432a504dfa5b32a3dad54f502)
[2025-09-13 06:33:44] 下载并规范化 payload -> ./Unity/Unity_OCD_IP.yaml (md5 a3f0fcb0f3a069ccf0bd8c58ad840a8b)
[2025-09-13 06:33:44] 处理 list 文件：./Starbucks/Starbucks.list
[2025-09-13 06:33:44] 下载并规范化 payload -> ./Starbucks/Starbucks_OCD_Domain.yaml (md5 ced3febe1940f0125f71897bc828a703)
[2025-09-13 06:33:44] 下载并规范化 payload -> ./Starbucks/Starbucks_OCD_IP.yaml (md5 a3f0fcb0f3a069ccf0bd8c58ad840a8b)
[2025-09-13 06:33:44] 处理 list 文件：./XiaoHongShu/XiaoHongShu.list
[2025-09-13 06:33:44] 下载并规范化 payload -> ./XiaoHongShu/XiaoHongShu_OCD_Domain.yaml (md5 e390177280b7a22a3e2f496820c96800)
[2025-09-13 06:33:44] 下载并规范化 payload -> ./XiaoHongShu/XiaoHongShu_OCD_IP.yaml (md5 a3f0fcb0f3a069ccf0bd8c58ad840a8b)
[2025-09-13 06:33:44] 处理 list 文件：./iCloud/iCloud.list
[2025-09-13 06:33:44] 下载并规范化 payload -> ./iCloud/iCloud_OCD_Domain.yaml (md5 d9ad7bbcdfe674900ccf56bd32eb515b)
[2025-09-13 06:33:44] 下载并规范化 payload -> ./iCloud/iCloud_OCD_IP.yaml (md5 a3f0fcb0f3a069ccf0bd8c58ad840a8b)
[2025-09-13 06:33:44] 处理 list 文件：./LuDaShi/LuDaShi.list
[2025-09-13 06:33:44] 下载并规范化 payload -> ./LuDaShi/LuDaShi_OCD_Domain.yaml (md5 af1a58000612e741ca92612151b22bc2)
[2025-09-13 06:33:44] 下载并规范化 payload -> ./LuDaShi/LuDaShi_OCD_IP.yaml (md5 a3f0fcb0f3a069ccf0bd8c58ad840a8b)
[2025-09-13 06:33:44] 处理 list 文件：./AppleHardware/AppleHardware.list
[2025-09-13 06:33:44] 下载并规范化 payload -> ./AppleHardware/AppleHardware_OCD_Domain.yaml (md5 4886b5dc04834bd3134a0fe43a94474c)
[2025-09-13 06:33:44] 下载并规范化 payload -> ./AppleHardware/AppleHardware_OCD_IP.yaml (md5 a3f0fcb0f3a069ccf0bd8c58ad840a8b)
[2025-09-13 06:33:44] 处理 list 文件：./XianYu/XianYu.list
[2025-09-13 06:33:44] 下载并规范化 payload -> ./XianYu/XianYu_OCD_Domain.yaml (md5 a26d80dc26bbd2d6289884033b20de8f)
[2025-09-13 06:33:44] 下载并规范化 payload -> ./XianYu/XianYu_OCD_IP.yaml (md5 a3f0fcb0f3a069ccf0bd8c58ad840a8b)
[2025-09-13 06:33:44] 处理 list 文件：./Huawei/Huawei.list
[2025-09-13 06:33:44] 下载并规范化 payload -> ./Huawei/Huawei_OCD_Domain.yaml (md5 11fb5c411880e55d307068430f369e36)
[2025-09-13 06:33:44] 下载并规范化 payload -> ./Huawei/Huawei_OCD_IP.yaml (md5 a3f0fcb0f3a069ccf0bd8c58ad840a8b)
[2025-09-13 06:33:44] 处理 list 文件：./Eleme/Eleme.list
[2025-09-13 06:33:44] 下载并规范化 payload -> ./Eleme/Eleme_OCD_Domain.yaml (md5 b96cb4d217072c0a49b035ee9278753e)
[2025-09-13 06:33:44] 下载并规范化 payload -> ./Eleme/Eleme_OCD_IP.yaml (md5 a3f0fcb0f3a069ccf0bd8c58ad840a8b)
[2025-09-13 06:33:44] 处理 list 文件：./HKedcity/HKedcity.list
[2025-09-13 06:33:44] 下载并规范化 payload -> ./HKedcity/HKedcity_OCD_Domain.yaml (md5 b0c885695464852366ea7e25cd555b65)
[2025-09-13 06:33:44] 下载并规范化 payload -> ./HKedcity/HKedcity_OCD_IP.yaml (md5 a3f0fcb0f3a069ccf0bd8c58ad840a8b)
[2025-09-13 06:33:44] 处理 list 文件：./PSBC/PSBC.list
[2025-09-13 06:33:44] 下载并规范化 payload -> ./PSBC/PSBC_OCD_Domain.yaml (md5 7897cfdeffa420d53fb623ffbb31dcec)
[2025-09-13 06:33:44] 下载并规范化 payload -> ./PSBC/PSBC_OCD_IP.yaml (md5 a3f0fcb0f3a069ccf0bd8c58ad840a8b)
[2025-09-13 06:33:44] 处理 list 文件：./Oreilly/Oreilly.list
[2025-09-13 06:33:44] 下载并规范化 payload -> ./Oreilly/Oreilly_OCD_Domain.yaml (md5 0b2a1e63cfae458e94993b8894d99506)
[2025-09-13 06:33:44] 下载并规范化 payload -> ./Oreilly/Oreilly_OCD_IP.yaml (md5 a3f0fcb0f3a069ccf0bd8c58ad840a8b)
[2025-09-13 06:33:44] 处理 list 文件：./Anime/Anime.list
[2025-09-13 06:33:44] 下载并规范化 payload -> ./Anime/Anime_OCD_Domain.yaml (md5 bb6d5f9ac7dad92eb9cf419fc984f2db)
[2025-09-13 06:33:44] 下载并规范化 payload -> ./Anime/Anime_OCD_IP.yaml (md5 a3f0fcb0f3a069ccf0bd8c58ad840a8b)
[2025-09-13 06:33:44] 处理 list 文件：./JianGuoYun/JianGuoYun.list
[2025-09-13 06:33:44] 下载并规范化 payload -> ./JianGuoYun/JianGuoYun_OCD_Domain.yaml (md5 9eec20403850287493bbedea84e20920)
[2025-09-13 06:33:44] 下载并规范化 payload -> ./JianGuoYun/JianGuoYun_OCD_IP.yaml (md5 a3f0fcb0f3a069ccf0bd8c58ad840a8b)
[2025-09-13 06:33:44] 处理 list 文件：./Asahi/Asahi.list
[2025-09-13 06:33:44] 下载并规范化 payload -> ./Asahi/Asahi_OCD_Domain.yaml (md5 f01f18f09de391222b46ff16d22ce287)
[2025-09-13 06:33:44] 下载并规范化 payload -> ./Asahi/Asahi_OCD_IP.yaml (md5 a3f0fcb0f3a069ccf0bd8c58ad840a8b)
[2025-09-13 06:33:44] 处理 list 文件：./VikACG/VikACG.list
[2025-09-13 06:33:45] 下载并规范化 payload -> ./VikACG/VikACG_OCD_Domain.yaml (md5 2b8b754b7927655ed9cff50000d149f2)
[2025-09-13 06:33:45] 下载并规范化 payload -> ./VikACG/VikACG_OCD_IP.yaml (md5 a3f0fcb0f3a069ccf0bd8c58ad840a8b)
[2025-09-13 06:33:45] 处理 list 文件：./2KGames/2KGames.list
[2025-09-13 06:33:45] 下载并规范化 payload -> ./2KGames/2KGames_OCD_Domain.yaml (md5 2679a2b4672eee0b6b3c0e21f2a95579)
[2025-09-13 06:33:45] 下载并规范化 payload -> ./2KGames/2KGames_OCD_IP.yaml (md5 a3f0fcb0f3a069ccf0bd8c58ad840a8b)
[2025-09-13 06:33:45] 处理 list 文件：./Electron/Electron.list
[2025-09-13 06:33:45] 下载并规范化 payload -> ./Electron/Electron_OCD_Domain.yaml (md5 0b3c476c271a611522c5835ac3d8a399)
[2025-09-13 06:33:45] 下载并规范化 payload -> ./Electron/Electron_OCD_IP.yaml (md5 a3f0fcb0f3a069ccf0bd8c58ad840a8b)
[2025-09-13 06:33:45] 处理 list 文件：./Slack/Slack.list
[2025-09-13 06:33:45] 下载并规范化 payload -> ./Slack/Slack_OCD_Domain.yaml (md5 fe3da2b0f82d2bce964c146bad651273)
[2025-09-13 06:33:45] 下载并规范化 payload -> ./Slack/Slack_OCD_IP.yaml (md5 a3f0fcb0f3a069ccf0bd8c58ad840a8b)
[2025-09-13 06:33:45] 处理 list 文件：./Verizon/Verizon.list
[2025-09-13 06:33:45] 下载并规范化 payload -> ./Verizon/Verizon_OCD_Domain.yaml (md5 e399e2e2f0302094a6924c226a5be411)
[2025-09-13 06:33:45] 下载并规范化 payload -> ./Verizon/Verizon_OCD_IP.yaml (md5 a3f0fcb0f3a069ccf0bd8c58ad840a8b)
[2025-09-13 06:33:45] 处理 list 文件：./XueQiu/XueQiu.list
[2025-09-13 06:33:45] 下载并规范化 payload -> ./XueQiu/XueQiu_OCD_Domain.yaml (md5 c3ef4e93b75417a76c525438e8fdd37c)
[2025-09-13 06:33:45] 下载并规范化 payload -> ./XueQiu/XueQiu_OCD_IP.yaml (md5 a3f0fcb0f3a069ccf0bd8c58ad840a8b)
[2025-09-13 06:33:45] 处理 list 文件：./Hulu/Hulu.list
[2025-09-13 06:33:45] 下载并规范化 payload -> ./Hulu/Hulu_OCD_Domain.yaml (md5 9105236f96c41d823799a1fe27c36014)
[2025-09-13 06:33:45] 下载并规范化 payload -> ./Hulu/Hulu_OCD_IP.yaml (md5 a3f0fcb0f3a069ccf0bd8c58ad840a8b)
[2025-09-13 06:33:45] 处理 list 文件：./FangZhengDianZi/FangZhengDianZi.list
[2025-09-13 06:33:45] 下载并规范化 payload -> ./FangZhengDianZi/FangZhengDianZi_OCD_Domain.yaml (md5 f018d1ccd5cf5f8ac7e40590ad871c79)
[2025-09-13 06:33:45] 下载并规范化 payload -> ./FangZhengDianZi/FangZhengDianZi_OCD_IP.yaml (md5 a3f0fcb0f3a069ccf0bd8c58ad840a8b)
[2025-09-13 06:33:45] 处理 list 文件：./Manorama/Manorama.list
[2025-09-13 06:33:45] 下载并规范化 payload -> ./Manorama/Manorama_OCD_Domain.yaml (md5 7bdba3267f3d2cd1a669496725c53dac)
[2025-09-13 06:33:45] 下载并规范化 payload -> ./Manorama/Manorama_OCD_IP.yaml (md5 a3f0fcb0f3a069ccf0bd8c58ad840a8b)
[2025-09-13 06:33:45] 处理 list 文件：./FeiZhu/FeiZhu.list
[2025-09-13 06:33:45] 下载并规范化 payload -> ./FeiZhu/FeiZhu_OCD_Domain.yaml (md5 e1d6868299da7ca471b382eb407630d5)
[2025-09-13 06:33:45] 下载并规范化 payload -> ./FeiZhu/FeiZhu_OCD_IP.yaml (md5 a3f0fcb0f3a069ccf0bd8c58ad840a8b)
[2025-09-13 06:33:45] 处理 list 文件：./Rarbg/Rarbg.list
[2025-09-13 06:33:45] 下载并规范化 payload -> ./Rarbg/Rarbg_OCD_Domain.yaml (md5 9021bdf2cfe1a73e0827ee0f6ab1be57)
[2025-09-13 06:33:45] 下载并规范化 payload -> ./Rarbg/Rarbg_OCD_IP.yaml (md5 a3f0fcb0f3a069ccf0bd8c58ad840a8b)
[2025-09-13 06:33:45] 处理 list 文件：./Movefree/Movefree.list
[2025-09-13 06:33:45] 下载并规范化 payload -> ./Movefree/Movefree_OCD_Domain.yaml (md5 f59b16866745445182f9a39e0c6be99e)
[2025-09-13 06:33:45] 下载并规范化 payload -> ./Movefree/Movefree_OCD_IP.yaml (md5 a3f0fcb0f3a069ccf0bd8c58ad840a8b)
[2025-09-13 06:33:45] 处理 list 文件：./EA/EA.list
[2025-09-13 06:33:45] 下载并规范化 payload -> ./EA/EA_OCD_Domain.yaml (md5 3c6bd63401e975f4e01ad920d13c76ef)
[2025-09-13 06:33:45] 下载并规范化 payload -> ./EA/EA_OCD_IP.yaml (md5 a3f0fcb0f3a069ccf0bd8c58ad840a8b)
[2025-09-13 06:33:45] 处理 list 文件：./HanYi/HanYi.list
[2025-09-13 06:33:45] 下载并规范化 payload -> ./HanYi/HanYi_OCD_Domain.yaml (md5 24d78f9fdcad4cc5164b3f29c7e3b7be)
[2025-09-13 06:33:45] 下载并规范化 payload -> ./HanYi/HanYi_OCD_IP.yaml (md5 a3f0fcb0f3a069ccf0bd8c58ad840a8b)
[2025-09-13 06:33:45] 处理 list 文件：./ZhongYuanYiShang/ZhongYuanYiShang.list
[2025-09-13 06:33:45] 下载并规范化 payload -> ./ZhongYuanYiShang/ZhongYuanYiShang_OCD_Domain.yaml (md5 b9f3eeee7bf3b83f3b2760e7bd8f5f83)
[2025-09-13 06:33:45] 下载并规范化 payload -> ./ZhongYuanYiShang/ZhongYuanYiShang_OCD_IP.yaml (md5 a3f0fcb0f3a069ccf0bd8c58ad840a8b)
[2025-09-13 06:33:45] 处理 list 文件：./MeiTuan/MeiTuan.list
[2025-09-13 06:33:45] 下载并规范化 payload -> ./MeiTuan/MeiTuan_OCD_Domain.yaml (md5 2e70f36c465d63c7f267832672355de2)
[2025-09-13 06:33:45] 下载并规范化 payload -> ./MeiTuan/MeiTuan_OCD_IP.yaml (md5 a3f0fcb0f3a069ccf0bd8c58ad840a8b)
[2025-09-13 06:33:45] 处理 list 文件：./DiabloIII/DiabloIII.list
[2025-09-13 06:33:45] 下载并规范化 payload -> ./DiabloIII/DiabloIII_OCD_Domain.yaml (md5 bf283cdb142326ac594529204aea1969)
[2025-09-13 06:33:45] 下载并规范化 payload -> ./DiabloIII/DiabloIII_OCD_IP.yaml (md5 44f636d69825434a4a0c29248a1db4dd)
[2025-09-13 06:33:45] 处理 list 文件：./HuYa/HuYa.list
[2025-09-13 06:33:45] 下载并规范化 payload -> ./HuYa/HuYa_OCD_Domain.yaml (md5 9693d2d1873844ab034117c21d024e62)
[2025-09-13 06:33:45] 下载并规范化 payload -> ./HuYa/HuYa_OCD_IP.yaml (md5 a3f0fcb0f3a069ccf0bd8c58ad840a8b)
[2025-09-13 06:33:45] 处理 list 文件：./XingKongWuXian/XingKongWuXian.list
[2025-09-13 06:33:45] 下载并规范化 payload -> ./XingKongWuXian/XingKongWuXian_OCD_Domain.yaml (md5 455bb5ce0ba4d94a6357c4f674b26601)
[2025-09-13 06:33:45] 下载并规范化 payload -> ./XingKongWuXian/XingKongWuXian_OCD_IP.yaml (md5 a3f0fcb0f3a069ccf0bd8c58ad840a8b)
[2025-09-13 06:33:45] 处理 list 文件：./W3schools/W3schools.list
[2025-09-13 06:33:45] 下载并规范化 payload -> ./W3schools/W3schools_OCD_Domain.yaml (md5 ad10eaa6ccac9e1988e9f53bc39f53ec)
[2025-09-13 06:33:45] 下载并规范化 payload -> ./W3schools/W3schools_OCD_IP.yaml (md5 a3f0fcb0f3a069ccf0bd8c58ad840a8b)
[2025-09-13 06:33:45] 处理 list 文件：./Pixnet/Pixnet.list
[2025-09-13 06:33:45] 下载并规范化 payload -> ./Pixnet/Pixnet_OCD_Domain.yaml (md5 4b5afb635b2c40aef948813d67f1b4ef)
[2025-09-13 06:33:45] 下载并规范化 payload -> ./Pixnet/Pixnet_OCD_IP.yaml (md5 a3f0fcb0f3a069ccf0bd8c58ad840a8b)
[2025-09-13 06:33:45] 处理 list 文件：./BiliBili/BiliBili.list
[2025-09-13 06:33:45] 下载并规范化 payload -> ./BiliBili/BiliBili_OCD_Domain.yaml (md5 208ab3536d1d02274fe5b1c70776e162)
[2025-09-13 06:33:45] 下载并规范化 payload -> ./BiliBili/BiliBili_OCD_IP.yaml (md5 d69182bd50276d757badf21eef01530f)
[2025-09-13 06:33:45] 处理 list 文件：./Peacock/Peacock.list
[2025-09-13 06:33:46] 下载并规范化 payload -> ./Peacock/Peacock_OCD_Domain.yaml (md5 0cddb9ce4df02a1eeb5a5cb5ace47291)
[2025-09-13 06:33:46] 下载并规范化 payload -> ./Peacock/Peacock_OCD_IP.yaml (md5 a3f0fcb0f3a069ccf0bd8c58ad840a8b)
[2025-09-13 06:33:46] 处理 list 文件：./BiliBiliIntl/BiliBiliIntl.list
[2025-09-13 06:33:46] 下载并规范化 payload -> ./BiliBiliIntl/BiliBiliIntl_OCD_Domain.yaml (md5 09f51f184cf792782cbee5724967f8ad)
[2025-09-13 06:33:46] 下载并规范化 payload -> ./BiliBiliIntl/BiliBiliIntl_OCD_IP.yaml (md5 a3f0fcb0f3a069ccf0bd8c58ad840a8b)
[2025-09-13 06:33:46] 处理 list 文件：./AcFun/AcFun.list
[2025-09-13 06:33:46] 下载并规范化 payload -> ./AcFun/AcFun_OCD_Domain.yaml (md5 7546450838326ad535e361723fadc8bf)
[2025-09-13 06:33:46] 下载并规范化 payload -> ./AcFun/AcFun_OCD_IP.yaml (md5 a3f0fcb0f3a069ccf0bd8c58ad840a8b)
[2025-09-13 06:33:46] 处理 list 文件：./USMedia/USMedia.list
[2025-09-13 06:33:46] 下载并规范化 payload -> ./USMedia/USMedia_OCD_Domain.yaml (md5 66eba2bf80897353eea15bf54a9ba614)
[2025-09-13 06:33:46] 下载并规范化 payload -> ./USMedia/USMedia_OCD_IP.yaml (md5 a3f0fcb0f3a069ccf0bd8c58ad840a8b)
[2025-09-13 06:33:46] 处理 list 文件：./ifanr/ifanr.list
[2025-09-13 06:33:46] 下载并规范化 payload -> ./ifanr/ifanr_OCD_Domain.yaml (md5 81402ed873b6ee65043a292027481fcf)
[2025-09-13 06:33:46] 下载并规范化 payload -> ./ifanr/ifanr_OCD_IP.yaml (md5 a3f0fcb0f3a069ccf0bd8c58ad840a8b)
[2025-09-13 06:33:46] 处理 list 文件：./DiLianWangLuo/DiLianWangLuo.list
[2025-09-13 06:33:46] 下载并规范化 payload -> ./DiLianWangLuo/DiLianWangLuo_OCD_Domain.yaml (md5 da3a461ca67ceed31225e83a2ef69463)
[2025-09-13 06:33:46] 下载并规范化 payload -> ./DiLianWangLuo/DiLianWangLuo_OCD_IP.yaml (md5 a3f0fcb0f3a069ccf0bd8c58ad840a8b)
[2025-09-13 06:33:46] 处理 list 文件：./OuPeng/OuPeng.list
[2025-09-13 06:33:46] 下载并规范化 payload -> ./OuPeng/OuPeng_OCD_Domain.yaml (md5 c1c7321a294bdc65bca6f6be92b63e83)
[2025-09-13 06:33:46] 下载并规范化 payload -> ./OuPeng/OuPeng_OCD_IP.yaml (md5 a3f0fcb0f3a069ccf0bd8c58ad840a8b)
[2025-09-13 06:33:46] 处理 list 文件：./CSDN/CSDN.list
[2025-09-13 06:33:46] 下载并规范化 payload -> ./CSDN/CSDN_OCD_Domain.yaml (md5 b0b29564adaca246565a633f50b6a628)
[2025-09-13 06:33:46] 下载并规范化 payload -> ./CSDN/CSDN_OCD_IP.yaml (md5 a3f0fcb0f3a069ccf0bd8c58ad840a8b)
[2025-09-13 06:33:46] 处理 list 文件：./Deezer/Deezer.list
[2025-09-13 06:33:46] 下载并规范化 payload -> ./Deezer/Deezer_OCD_Domain.yaml (md5 fa2aa30683b47bc0c0d35461527ca58c)
[2025-09-13 06:33:46] 下载并规范化 payload -> ./Deezer/Deezer_OCD_IP.yaml (md5 a3f0fcb0f3a069ccf0bd8c58ad840a8b)
[2025-09-13 06:33:46] 处理 list 文件：./ChinaTelecom/ChinaTelecom.list
[2025-09-13 06:33:46] 下载并规范化 payload -> ./ChinaTelecom/ChinaTelecom_OCD_Domain.yaml (md5 0da3425395cf91e4fdf597ba08b2d67c)
[2025-09-13 06:33:46] 下载并规范化 payload -> ./ChinaTelecom/ChinaTelecom_OCD_IP.yaml (md5 a3f0fcb0f3a069ccf0bd8c58ad840a8b)
[2025-09-13 06:33:46] 处理 list 文件：./Comodo/Comodo.list
[2025-09-13 06:33:46] 下载并规范化 payload -> ./Comodo/Comodo_OCD_Domain.yaml (md5 5041044787ccae9c729306e50a8a0831)
[2025-09-13 06:33:46] 下载并规范化 payload -> ./Comodo/Comodo_OCD_IP.yaml (md5 a3f0fcb0f3a069ccf0bd8c58ad840a8b)
[2025-09-13 06:33:46] 处理 list 文件：./Steam/Steam.list
[2025-09-13 06:33:46] 下载并规范化 payload -> ./Steam/Steam_OCD_Domain.yaml (md5 2df2ea3c86ff7aab89f2e882e6554ba3)
[2025-09-13 06:33:46] 下载并规范化 payload -> ./Steam/Steam_OCD_IP.yaml (md5 a3f0fcb0f3a069ccf0bd8c58ad840a8b)
[2025-09-13 06:33:46] 处理 list 文件：./SouFang/SouFang.list
[2025-09-13 06:33:46] 下载并规范化 payload -> ./SouFang/SouFang_OCD_Domain.yaml (md5 e3af328df716c0b187863549fe9d2497)
[2025-09-13 06:33:46] 下载并规范化 payload -> ./SouFang/SouFang_OCD_IP.yaml (md5 a3f0fcb0f3a069ccf0bd8c58ad840a8b)
[2025-09-13 06:33:46] 处理 list 文件：./3Type/3Type.list
[2025-09-13 06:33:46] 下载并规范化 payload -> ./3Type/3Type_OCD_Domain.yaml (md5 ee6cb7b81e23c6b617dfa0f902fb2803)
[2025-09-13 06:33:46] 下载并规范化 payload -> ./3Type/3Type_OCD_IP.yaml (md5 a3f0fcb0f3a069ccf0bd8c58ad840a8b)
[2025-09-13 06:33:46] 处理 list 文件：./TelegramNL/TelegramNL.list
[2025-09-13 06:33:46] 下载并规范化 payload -> ./TelegramNL/TelegramNL_OCD_Domain.yaml (md5 bf283cdb142326ac594529204aea1969)
[2025-09-13 06:33:46] 下载并规范化 payload -> ./TelegramNL/TelegramNL_OCD_IP.yaml (md5 d742d639157401c09d915c5190d8914d)
[2025-09-13 06:33:46] 处理 list 文件：./Migu/Migu.list
[2025-09-13 06:33:46] 下载并规范化 payload -> ./Migu/Migu_OCD_Domain.yaml (md5 2f62336600a8893ddd8ab7c262ff2d1b)
[2025-09-13 06:33:46] 下载并规范化 payload -> ./Migu/Migu_OCD_IP.yaml (md5 a3f0fcb0f3a069ccf0bd8c58ad840a8b)
[2025-09-13 06:33:46] 处理 list 文件：./Cake/Cake.list
[2025-09-13 06:33:46] 下载并规范化 payload -> ./Cake/Cake_OCD_Domain.yaml (md5 293fda5ce73a0ab0297354d75433a8a9)
[2025-09-13 06:33:46] 下载并规范化 payload -> ./Cake/Cake_OCD_IP.yaml (md5 a3f0fcb0f3a069ccf0bd8c58ad840a8b)
[2025-09-13 06:33:46] 处理 list 文件：./ChinaMaxNoIP/ChinaMaxNoIP.list
[2025-09-13 06:33:47] 下载并规范化 payload -> ./ChinaMaxNoIP/ChinaMaxNoIP_OCD_Domain.yaml (md5 1eb7258b2ac493452803c57c091492ef)
[2025-09-13 06:33:47] 下载并规范化 payload -> ./ChinaMaxNoIP/ChinaMaxNoIP_OCD_IP.yaml (md5 a3f0fcb0f3a069ccf0bd8c58ad840a8b)
[2025-09-13 06:33:47] 处理 list 文件：./Linguee/Linguee.list
[2025-09-13 06:33:47] 下载并规范化 payload -> ./Linguee/Linguee_OCD_Domain.yaml (md5 e9da0ae809e87d8539ea3b47bde5d92d)
[2025-09-13 06:33:47] 下载并规范化 payload -> ./Linguee/Linguee_OCD_IP.yaml (md5 a3f0fcb0f3a069ccf0bd8c58ad840a8b)
[2025-09-13 06:33:47] 处理 list 文件：./Npmjs/Npmjs.list
[2025-09-13 06:33:47] 下载并规范化 payload -> ./Npmjs/Npmjs_OCD_Domain.yaml (md5 6c7a35586521ad54d0d9b0903412660a)
[2025-09-13 06:33:47] 下载并规范化 payload -> ./Npmjs/Npmjs_OCD_IP.yaml (md5 a3f0fcb0f3a069ccf0bd8c58ad840a8b)
[2025-09-13 06:33:47] 处理 list 文件：./Teambition/Teambition.list
[2025-09-13 06:33:47] 下载并规范化 payload -> ./Teambition/Teambition_OCD_Domain.yaml (md5 d96f5cfb107b8332055e362728af24ec)
[2025-09-13 06:33:47] 下载并规范化 payload -> ./Teambition/Teambition_OCD_IP.yaml (md5 a3f0fcb0f3a069ccf0bd8c58ad840a8b)
[2025-09-13 06:33:47] 处理 list 文件：./GlobalSign/GlobalSign.list
[2025-09-13 06:33:47] 下载并规范化 payload -> ./GlobalSign/GlobalSign_OCD_Domain.yaml (md5 5895aa6e28128967e18c463f896e871e)
[2025-09-13 06:33:47] 下载并规范化 payload -> ./GlobalSign/GlobalSign_OCD_IP.yaml (md5 a3f0fcb0f3a069ccf0bd8c58ad840a8b)
[2025-09-13 06:33:47] 处理 list 文件：./AppLovin/AppLovin.list
[2025-09-13 06:33:47] 下载并规范化 payload -> ./AppLovin/AppLovin_OCD_Domain.yaml (md5 8c43472852c39f593e2ceae0495fecb6)
[2025-09-13 06:33:47] 下载并规范化 payload -> ./AppLovin/AppLovin_OCD_IP.yaml (md5 a3f0fcb0f3a069ccf0bd8c58ad840a8b)
[2025-09-13 06:33:47] 处理 list 文件：./LastFM/LastFM.list
[2025-09-13 06:33:47] 下载并规范化 payload -> ./LastFM/LastFM_OCD_Domain.yaml (md5 2a94e9ed1fd44df163cbbb0f1709b0b7)
[2025-09-13 06:33:47] 下载并规范化 payload -> ./LastFM/LastFM_OCD_IP.yaml (md5 a3f0fcb0f3a069ccf0bd8c58ad840a8b)
[2025-09-13 06:33:47] 处理 list 文件：./KugouKuwo/KugouKuwo.list
[2025-09-13 06:33:47] 下载并规范化 payload -> ./KugouKuwo/KugouKuwo_OCD_Domain.yaml (md5 631e2a15f9fd5c1c1519c31d4375396b)
[2025-09-13 06:33:47] 下载并规范化 payload -> ./KugouKuwo/KugouKuwo_OCD_IP.yaml (md5 663da0bf8d40ac9382073af04cd98fb9)
[2025-09-13 06:33:47] 处理 list 文件：./iTalkBB/iTalkBB.list
[2025-09-13 06:33:47] 下载并规范化 payload -> ./iTalkBB/iTalkBB_OCD_Domain.yaml (md5 816f64bce3b05ff373ce1a3513c3a850)
[2025-09-13 06:33:47] 下载并规范化 payload -> ./iTalkBB/iTalkBB_OCD_IP.yaml (md5 a3f0fcb0f3a069ccf0bd8c58ad840a8b)
[2025-09-13 06:33:47] 处理 list 文件：./Qualcomm/Qualcomm.list
[2025-09-13 06:33:47] 下载并规范化 payload -> ./Qualcomm/Qualcomm_OCD_Domain.yaml (md5 363daa3e1673b76a01cfb778bf6fab23)
[2025-09-13 06:33:47] 下载并规范化 payload -> ./Qualcomm/Qualcomm_OCD_IP.yaml (md5 a3f0fcb0f3a069ccf0bd8c58ad840a8b)
[2025-09-13 06:33:47] 处理 list 文件：./CNKI/CNKI.list
[2025-09-13 06:33:47] 下载并规范化 payload -> ./CNKI/CNKI_OCD_Domain.yaml (md5 c45085044fc20db83e7be73d2df26799)
[2025-09-13 06:33:47] 下载并规范化 payload -> ./CNKI/CNKI_OCD_IP.yaml (md5 a3f0fcb0f3a069ccf0bd8c58ad840a8b)
[2025-09-13 06:33:47] 处理 list 文件：./Reabble/Reabble.list
[2025-09-13 06:33:47] 下载并规范化 payload -> ./Reabble/Reabble_OCD_Domain.yaml (md5 3d9aa1d402df6ef4f2db2ec35a21f830)
[2025-09-13 06:33:47] 下载并规范化 payload -> ./Reabble/Reabble_OCD_IP.yaml (md5 a3f0fcb0f3a069ccf0bd8c58ad840a8b)
[2025-09-13 06:33:47] 处理 list 文件：./AppleProxy/AppleProxy.list
[2025-09-13 06:33:47] 下载并规范化 payload -> ./AppleProxy/AppleProxy_OCD_Domain.yaml (md5 b7047268706c5aa35d662f17146473bf)
[2025-09-13 06:33:47] 下载并规范化 payload -> ./AppleProxy/AppleProxy_OCD_IP.yaml (md5 a3f0fcb0f3a069ccf0bd8c58ad840a8b)
[2025-09-13 06:33:47] 处理 list 文件：./BesTV/BesTV.list
[2025-09-13 06:33:47] 下载并规范化 payload -> ./BesTV/BesTV_OCD_Domain.yaml (md5 12e7558e45db3cbabc547e7da48d9994)
[2025-09-13 06:33:47] 下载并规范化 payload -> ./BesTV/BesTV_OCD_IP.yaml (md5 a3f0fcb0f3a069ccf0bd8c58ad840a8b)
[2025-09-13 06:33:47] 处理 list 文件：./Scaleflex/Scaleflex.list
[2025-09-13 06:33:47] 下载并规范化 payload -> ./Scaleflex/Scaleflex_OCD_Domain.yaml (md5 cba3ca4199c7869c60737f31b6690f83)
[2025-09-13 06:33:47] 下载并规范化 payload -> ./Scaleflex/Scaleflex_OCD_IP.yaml (md5 a3f0fcb0f3a069ccf0bd8c58ad840a8b)
[2025-09-13 06:33:47] 处理 list 文件：./AsianMedia/AsianMedia.list
[2025-09-13 06:33:47] 下载并规范化 payload -> ./AsianMedia/AsianMedia_OCD_Domain.yaml (md5 a442688db1221e60e2ed18000e67e56e)
[2025-09-13 06:33:47] 下载并规范化 payload -> ./AsianMedia/AsianMedia_OCD_IP.yaml (md5 ed92520aa0b64642b6de2f5fefa6f881)
[2025-09-13 06:33:47] 处理 list 文件：./ChinaTest/ChinaTest.list
[2025-09-13 06:33:48] 下载并规范化 payload -> ./ChinaTest/ChinaTest_OCD_Domain.yaml (md5 a5189ccd9fa0a8539a81e3c06f39c46f)
[2025-09-13 06:33:48] 下载并规范化 payload -> ./ChinaTest/ChinaTest_OCD_IP.yaml (md5 3eeed1f5745d5772cf82e2edbd95b538)
[2025-09-13 06:33:48] 处理 list 文件：./DigiCert/DigiCert.list
[2025-09-13 06:33:48] 下载并规范化 payload -> ./DigiCert/DigiCert_OCD_Domain.yaml (md5 fc5124bb50974dba88b59ce82e4cdc09)
[2025-09-13 06:33:48] 下载并规范化 payload -> ./DigiCert/DigiCert_OCD_IP.yaml (md5 a3f0fcb0f3a069ccf0bd8c58ad840a8b)
[2025-09-13 06:33:48] 处理 list 文件：./All4/All4.list
[2025-09-13 06:33:48] 下载并规范化 payload -> ./All4/All4_OCD_Domain.yaml (md5 40de7eef89922f8705258f6dae964562)
[2025-09-13 06:33:48] 下载并规范化 payload -> ./All4/All4_OCD_IP.yaml (md5 a3f0fcb0f3a069ccf0bd8c58ad840a8b)
[2025-09-13 06:33:48] 处理 list 文件：./CCTV/CCTV.list
[2025-09-13 06:33:48] 下载并规范化 payload -> ./CCTV/CCTV_OCD_Domain.yaml (md5 e5ffa25a67a01033a043eabaef1e34a5)
[2025-09-13 06:33:48] 下载并规范化 payload -> ./CCTV/CCTV_OCD_IP.yaml (md5 a3f0fcb0f3a069ccf0bd8c58ad840a8b)
[2025-09-13 06:33:48] 处理 list 文件：./Pinduoduo/Pinduoduo.list
[2025-09-13 06:33:48] 下载并规范化 payload -> ./Pinduoduo/Pinduoduo_OCD_Domain.yaml (md5 5ae3252f117de3fd8fec139dc30203ed)
[2025-09-13 06:33:48] 下载并规范化 payload -> ./Pinduoduo/Pinduoduo_OCD_IP.yaml (md5 a3f0fcb0f3a069ccf0bd8c58ad840a8b)
[2025-09-13 06:33:48] 处理 list 文件：./Gemini/Gemini.list
[2025-09-13 06:33:48] 下载并规范化 payload -> ./Gemini/Gemini_OCD_Domain.yaml (md5 9abfb80e8c3ff30975113c470265c976)
[2025-09-13 06:33:48] 下载并规范化 payload -> ./Gemini/Gemini_OCD_IP.yaml (md5 a3f0fcb0f3a069ccf0bd8c58ad840a8b)
[2025-09-13 06:33:48] 处理 list 文件：./BrightCove/BrightCove.list
[2025-09-13 06:33:48] 下载并规范化 payload -> ./BrightCove/BrightCove_OCD_Domain.yaml (md5 045dc9ae092eafde5f07d66b5af4c73d)
[2025-09-13 06:33:48] 下载并规范化 payload -> ./BrightCove/BrightCove_OCD_IP.yaml (md5 a3f0fcb0f3a069ccf0bd8c58ad840a8b)
[2025-09-13 06:33:48] 处理 list 文件：./Voxmedia/Voxmedia.list
[2025-09-13 06:33:48] 下载并规范化 payload -> ./Voxmedia/Voxmedia_OCD_Domain.yaml (md5 0b1be9f9e59cdda53475a303d47ffe19)
[2025-09-13 06:33:48] 下载并规范化 payload -> ./Voxmedia/Voxmedia_OCD_IP.yaml (md5 a3f0fcb0f3a069ccf0bd8c58ad840a8b)
[2025-09-13 06:33:48] 处理 list 文件：./GitBook/GitBook.list
[2025-09-13 06:33:48] 下载并规范化 payload -> ./GitBook/GitBook_OCD_Domain.yaml (md5 80daad8c539fd6e33d4dd44ca0dce063)
[2025-09-13 06:33:48] 下载并规范化 payload -> ./GitBook/GitBook_OCD_IP.yaml (md5 a3f0fcb0f3a069ccf0bd8c58ad840a8b)
[2025-09-13 06:33:48] 处理 list 文件：./AppleMail/AppleMail.list
[2025-09-13 06:33:48] 下载并规范化 payload -> ./AppleMail/AppleMail_OCD_Domain.yaml (md5 21c2b148022a84a21fe57ff958e484fb)
[2025-09-13 06:33:48] 下载并规范化 payload -> ./AppleMail/AppleMail_OCD_IP.yaml (md5 a3f0fcb0f3a069ccf0bd8c58ad840a8b)
[2025-09-13 06:33:48] 处理 list 文件：./JOOX/JOOX.list
[2025-09-13 06:33:48] 下载并规范化 payload -> ./JOOX/JOOX_OCD_Domain.yaml (md5 4c982622af1ce4620ea9a8f5d32ebeaf)
[2025-09-13 06:33:48] 下载并规范化 payload -> ./JOOX/JOOX_OCD_IP.yaml (md5 9b577ef26811528431179688c1b9bd00)
[2025-09-13 06:33:48] 处理 list 文件：./Weibo/Weibo.list
[2025-09-13 06:33:48] 下载并规范化 payload -> ./Weibo/Weibo_OCD_Domain.yaml (md5 86a133d567b5ff1b43eab3b25870b508)
[2025-09-13 06:33:48] 下载并规范化 payload -> ./Weibo/Weibo_OCD_IP.yaml (md5 a3f0fcb0f3a069ccf0bd8c58ad840a8b)
[2025-09-13 06:33:48] 处理 list 文件：./ChinaIPs/ChinaIPsTest/ChinaIPsTest.list
[2025-09-13 06:33:48] 下载并规范化 payload -> ./ChinaIPs/ChinaIPsTest/ChinaIPsTest_OCD_Domain.yaml (md5 bf283cdb142326ac594529204aea1969)
[2025-09-13 06:33:48] 下载并规范化 payload -> ./ChinaIPs/ChinaIPsTest/ChinaIPsTest_OCD_IP.yaml (md5 61f39d5960ac8c0dcd5de902da248cce)
[2025-09-13 06:33:48] 处理 list 文件：./ChinaIPs/ChinaIPs.list
[2025-09-13 06:33:48] 下载并规范化 payload -> ./ChinaIPs/ChinaIPs_OCD_Domain.yaml (md5 bf283cdb142326ac594529204aea1969)
[2025-09-13 06:33:48] 下载并规范化 payload -> ./ChinaIPs/ChinaIPs_OCD_IP.yaml (md5 023bc9637e6c5396e99bedc5502a2a93)
[2025-09-13 06:33:48] 处理 list 文件：./Duolingo/Duolingo.list
[2025-09-13 06:33:49] 下载并规范化 payload -> ./Duolingo/Duolingo_OCD_Domain.yaml (md5 3ba6632ebf7bed5d6807dfb7a733dd6a)
[2025-09-13 06:33:49] 下载并规范化 payload -> ./Duolingo/Duolingo_OCD_IP.yaml (md5 a3f0fcb0f3a069ccf0bd8c58ad840a8b)
[2025-09-13 06:33:49] 处理 list 文件：./Dynu/Dynu.list
[2025-09-13 06:33:49] 下载并规范化 payload -> ./Dynu/Dynu_OCD_Domain.yaml (md5 38255e47824bc4d79f6f22869663a1c0)
[2025-09-13 06:33:49] 下载并规范化 payload -> ./Dynu/Dynu_OCD_IP.yaml (md5 a3f0fcb0f3a069ccf0bd8c58ad840a8b)
[2025-09-13 06:33:49] 处理 list 文件：./Afdian/Afdian.list
[2025-09-13 06:33:49] 下载并规范化 payload -> ./Afdian/Afdian_OCD_Domain.yaml (md5 a1bacf61a9ad78c24509a3377432b470)
[2025-09-13 06:33:49] 下载并规范化 payload -> ./Afdian/Afdian_OCD_IP.yaml (md5 a3f0fcb0f3a069ccf0bd8c58ad840a8b)
[2025-09-13 06:33:49] 处理 list 文件：./friDay/friDay.list
[2025-09-13 06:33:49] 下载并规范化 payload -> ./friDay/friDay_OCD_Domain.yaml (md5 dc82d9a5414598f66ba5d4462eabc15c)
[2025-09-13 06:33:49] 下载并规范化 payload -> ./friDay/friDay_OCD_IP.yaml (md5 a3f0fcb0f3a069ccf0bd8c58ad840a8b)
[2025-09-13 06:33:49] 处理 list 文件：./Gitee/Gitee.list
[2025-09-13 06:33:49] 下载并规范化 payload -> ./Gitee/Gitee_OCD_Domain.yaml (md5 a07df91a6760ce3ae869737faf1de0cc)
[2025-09-13 06:33:49] 下载并规范化 payload -> ./Gitee/Gitee_OCD_IP.yaml (md5 a3f0fcb0f3a069ccf0bd8c58ad840a8b)
[2025-09-13 06:33:49] 处理 list 文件：./HaiNanHangKong/HaiNanHangKong.list
[2025-09-13 06:33:49] 下载并规范化 payload -> ./HaiNanHangKong/HaiNanHangKong_OCD_Domain.yaml (md5 db3fd77d4ca97061cbb9c903b99bd657)
[2025-09-13 06:33:49] 下载并规范化 payload -> ./HaiNanHangKong/HaiNanHangKong_OCD_IP.yaml (md5 a3f0fcb0f3a069ccf0bd8c58ad840a8b)
[2025-09-13 06:33:49] 处理 list 文件：./DNS/DNS.list
[2025-09-13 06:33:49] 下载并规范化 payload -> ./DNS/DNS_OCD_Domain.yaml (md5 e0610a525b6dfce5cc24a5df4318f009)
[2025-09-13 06:33:49] 下载并规范化 payload -> ./DNS/DNS_OCD_IP.yaml (md5 b603c65477853a6d1ca204171d4f11a9)
[2025-09-13 06:33:49] 处理 list 文件：./HunanTV/HunanTV.list
[2025-09-13 06:33:49] 下载并规范化 payload -> ./HunanTV/HunanTV_OCD_Domain.yaml (md5 a90287d915c2044f60fd7f8950b54633)
[2025-09-13 06:33:49] 下载并规范化 payload -> ./HunanTV/HunanTV_OCD_IP.yaml (md5 a3f0fcb0f3a069ccf0bd8c58ad840a8b)
[2025-09-13 06:33:49] 处理 list 文件：./HP/HP.list
[2025-09-13 06:33:49] 下载并规范化 payload -> ./HP/HP_OCD_Domain.yaml (md5 a2370e508d30b753a5e83b8b1ff2015c)
[2025-09-13 06:33:49] 下载并规范化 payload -> ./HP/HP_OCD_IP.yaml (md5 a3f0fcb0f3a069ccf0bd8c58ad840a8b)
[2025-09-13 06:33:49] 处理 list 文件：./YiZhiBo/YiZhiBo.list
[2025-09-13 06:33:49] 下载并规范化 payload -> ./YiZhiBo/YiZhiBo_OCD_Domain.yaml (md5 f2c9eac25c8c80e85adfcb8fc703c521)
[2025-09-13 06:33:49] 下载并规范化 payload -> ./YiZhiBo/YiZhiBo_OCD_IP.yaml (md5 a3f0fcb0f3a069ccf0bd8c58ad840a8b)
[2025-09-13 06:33:49] 处理 list 文件：./PikPak/PikPak.list
[2025-09-13 06:33:49] 下载并规范化 payload -> ./PikPak/PikPak_OCD_Domain.yaml (md5 dbe213bfe1245c1ae25a496bfe309169)
[2025-09-13 06:33:49] 下载并规范化 payload -> ./PikPak/PikPak_OCD_IP.yaml (md5 a3f0fcb0f3a069ccf0bd8c58ad840a8b)
[2025-09-13 06:33:49] 处理 list 文件：./OneDrive/OneDrive.list
[2025-09-13 06:33:49] 下载并规范化 payload -> ./OneDrive/OneDrive_OCD_Domain.yaml (md5 13477fcf4c6a54104e04eb58630e3f8a)
[2025-09-13 06:33:49] 下载并规范化 payload -> ./OneDrive/OneDrive_OCD_IP.yaml (md5 a3f0fcb0f3a069ccf0bd8c58ad840a8b)
[2025-09-13 06:33:49] 处理 list 文件：./Lan/Lan.list
[2025-09-13 06:33:49] 下载并规范化 payload -> ./Lan/Lan_OCD_Domain.yaml (md5 a63971e43761ed8010dbdec21c60b5a4)
[2025-09-13 06:33:49] 下载并规范化 payload -> ./Lan/Lan_OCD_IP.yaml (md5 7e33501f9cab31add2468eb0a51541bd)
[2025-09-13 06:33:49] 处理 list 文件：./CHT/CHT.list
[2025-09-13 06:33:49] 下载并规范化 payload -> ./CHT/CHT_OCD_Domain.yaml (md5 24865596d8172a857833f93d65060797)
[2025-09-13 06:33:49] 下载并规范化 payload -> ./CHT/CHT_OCD_IP.yaml (md5 a3f0fcb0f3a069ccf0bd8c58ad840a8b)
[2025-09-13 06:33:49] 处理 list 文件：./BaiFenDian/BaiFenDian.list
[2025-09-13 06:33:49] 下载并规范化 payload -> ./BaiFenDian/BaiFenDian_OCD_Domain.yaml (md5 9da1d8c902044c8a8e61b181518b5ac8)
[2025-09-13 06:33:49] 下载并规范化 payload -> ./BaiFenDian/BaiFenDian_OCD_IP.yaml (md5 a3f0fcb0f3a069ccf0bd8c58ad840a8b)
[2025-09-13 06:33:49] 处理 list 文件：./Blued/Blued.list
[2025-09-13 06:33:49] 下载并规范化 payload -> ./Blued/Blued_OCD_Domain.yaml (md5 3ccb26fc2c76249d362a6a4fc0707d81)
[2025-09-13 06:33:49] 下载并规范化 payload -> ./Blued/Blued_OCD_IP.yaml (md5 a3f0fcb0f3a069ccf0bd8c58ad840a8b)
[2025-09-13 06:33:49] 处理 list 文件：./Ku6/Ku6.list
[2025-09-13 06:33:49] 下载并规范化 payload -> ./Ku6/Ku6_OCD_Domain.yaml (md5 91e3bd27c6c3391f54130d32f7aa330c)
[2025-09-13 06:33:49] 下载并规范化 payload -> ./Ku6/Ku6_OCD_IP.yaml (md5 a3f0fcb0f3a069ccf0bd8c58ad840a8b)
[2025-09-13 06:33:49] 处理 list 文件：./Entrust/Entrust.list
[2025-09-13 06:33:49] 下载并规范化 payload -> ./Entrust/Entrust_OCD_Domain.yaml (md5 152f57d5714874a1f9f7adbd33ccf27b)
[2025-09-13 06:33:49] 下载并规范化 payload -> ./Entrust/Entrust_OCD_IP.yaml (md5 a3f0fcb0f3a069ccf0bd8c58ad840a8b)
[2025-09-13 06:33:49] 处理 list 文件：./Flurry/Flurry.list
[2025-09-13 06:33:49] 下载并规范化 payload -> ./Flurry/Flurry_OCD_Domain.yaml (md5 11e05c8e21da7bdd1996cdf9fa11f71b)
[2025-09-13 06:33:49] 下载并规范化 payload -> ./Flurry/Flurry_OCD_IP.yaml (md5 a3f0fcb0f3a069ccf0bd8c58ad840a8b)
[2025-09-13 06:33:49] 处理 list 文件：./Ubuntu/Ubuntu.list
[2025-09-13 06:33:49] 下载并规范化 payload -> ./Ubuntu/Ubuntu_OCD_Domain.yaml (md5 5dff508eb358342a5115eecea00ccfa2)
[2025-09-13 06:33:49] 下载并规范化 payload -> ./Ubuntu/Ubuntu_OCD_IP.yaml (md5 a3f0fcb0f3a069ccf0bd8c58ad840a8b)
[2025-09-13 06:33:49] 处理 list 文件：./Adidas/Adidas.list
[2025-09-13 06:33:49] 下载并规范化 payload -> ./Adidas/Adidas_OCD_Domain.yaml (md5 dd324841d7beb98437ba164ad062ed38)
[2025-09-13 06:33:49] 下载并规范化 payload -> ./Adidas/Adidas_OCD_IP.yaml (md5 a3f0fcb0f3a069ccf0bd8c58ad840a8b)
[2025-09-13 06:33:49] 处理 list 文件：./Teams/Teams.list
[2025-09-13 06:33:49] 下载并规范化 payload -> ./Teams/Teams_OCD_Domain.yaml (md5 979ad695b0efafbc8168ad0537bebfca)
[2025-09-13 06:33:49] 下载并规范化 payload -> ./Teams/Teams_OCD_IP.yaml (md5 a3f0fcb0f3a069ccf0bd8c58ad840a8b)
[2025-09-13 06:33:49] 处理 list 文件：./AiQiCha/AiQiCha.list
[2025-09-13 06:33:50] 下载并规范化 payload -> ./AiQiCha/AiQiCha_OCD_Domain.yaml (md5 0e4d3d9c39f627357c014a2c33bb6cb6)
[2025-09-13 06:33:50] 下载并规范化 payload -> ./AiQiCha/AiQiCha_OCD_IP.yaml (md5 a3f0fcb0f3a069ccf0bd8c58ad840a8b)
[2025-09-13 06:33:50] 处理 list 文件：./eBay/eBay.list
[2025-09-13 06:33:50] 下载并规范化 payload -> ./eBay/eBay_OCD_Domain.yaml (md5 bc4b15a78ffaa9bcd94dbd48ed944616)
[2025-09-13 06:33:50] 下载并规范化 payload -> ./eBay/eBay_OCD_IP.yaml (md5 a3f0fcb0f3a069ccf0bd8c58ad840a8b)
[2025-09-13 06:33:50] 处理 list 文件：./TianYaForum/TianYaForum.list
[2025-09-13 06:33:50] 下载并规范化 payload -> ./TianYaForum/TianYaForum_OCD_Domain.yaml (md5 db1ee6eb9132a7f155844219700937b1)
[2025-09-13 06:33:50] 下载并规范化 payload -> ./TianYaForum/TianYaForum_OCD_IP.yaml (md5 a3f0fcb0f3a069ccf0bd8c58ad840a8b)
[2025-09-13 06:33:50] 处理 list 文件：./ChinaMedia/ChinaMedia.list
[2025-09-13 06:33:50] 下载并规范化 payload -> ./ChinaMedia/ChinaMedia_OCD_Domain.yaml (md5 1e8d7416c7c676c01c507ba98683ae99)
[2025-09-13 06:33:50] 下载并规范化 payload -> ./ChinaMedia/ChinaMedia_OCD_IP.yaml (md5 e8d37a2b846388bff9d57096b47f7454)
[2025-09-13 06:33:50] 处理 list 文件：./BianFeng/BianFeng.list
[2025-09-13 06:33:50] 下载并规范化 payload -> ./BianFeng/BianFeng_OCD_Domain.yaml (md5 592e8609da958ca2b96139690adfce7f)
[2025-09-13 06:33:50] 下载并规范化 payload -> ./BianFeng/BianFeng_OCD_IP.yaml (md5 a3f0fcb0f3a069ccf0bd8c58ad840a8b)
[2025-09-13 06:33:50] 处理 list 文件：./Download/Download.list
[2025-09-13 06:33:50] 下载并规范化 payload -> ./Download/Download_OCD_Domain.yaml (md5 a4091b1d206ae50b5bb083d54189af94)
[2025-09-13 06:33:50] 下载并规范化 payload -> ./Download/Download_OCD_IP.yaml (md5 a3f0fcb0f3a069ccf0bd8c58ad840a8b)
[2025-09-13 06:33:50] 处理 list 文件：./Espn/Espn.list
[2025-09-13 06:33:50] 下载并规范化 payload -> ./Espn/Espn_OCD_Domain.yaml (md5 231eabc24d105ee3f69a2ad1d43ec589)
[2025-09-13 06:33:50] 下载并规范化 payload -> ./Espn/Espn_OCD_IP.yaml (md5 a3f0fcb0f3a069ccf0bd8c58ad840a8b)
[2025-09-13 06:33:50] 处理 list 文件：./CWSeed/CWSeed.list
[2025-09-13 06:33:50] 下载并规范化 payload -> ./CWSeed/CWSeed_OCD_Domain.yaml (md5 5f05d86e956fc563e3fc2be077817c44)
[2025-09-13 06:33:50] 下载并规范化 payload -> ./CWSeed/CWSeed_OCD_IP.yaml (md5 a3f0fcb0f3a069ccf0bd8c58ad840a8b)
[2025-09-13 06:33:50] 处理 list 文件：./ATTWatchTV/ATTWatchTV.list
[2025-09-13 06:33:50] 下载并规范化 payload -> ./ATTWatchTV/ATTWatchTV_OCD_Domain.yaml (md5 43223830dc1310ee4d8dace1535a65e7)
[2025-09-13 06:33:50] 下载并规范化 payload -> ./ATTWatchTV/ATTWatchTV_OCD_IP.yaml (md5 a3f0fcb0f3a069ccf0bd8c58ad840a8b)
[2025-09-13 06:33:50] 处理 list 文件：./NYPost/NYPost.list
[2025-09-13 06:33:50] 下载并规范化 payload -> ./NYPost/NYPost_OCD_Domain.yaml (md5 7b9fd853e3b2ead37bdbc1c1c3cbb47f)
[2025-09-13 06:33:50] 下载并规范化 payload -> ./NYPost/NYPost_OCD_IP.yaml (md5 a3f0fcb0f3a069ccf0bd8c58ad840a8b)
[2025-09-13 06:33:50] 处理 list 文件：./CEB/CEB.list
[2025-09-13 06:33:50] 下载并规范化 payload -> ./CEB/CEB_OCD_Domain.yaml (md5 ec023c7771d7b676a7e0f5102b60de6d)
[2025-09-13 06:33:50] 下载并规范化 payload -> ./CEB/CEB_OCD_IP.yaml (md5 a3f0fcb0f3a069ccf0bd8c58ad840a8b)
[2025-09-13 06:33:50] 处理 list 文件：./Linux/Linux.list
[2025-09-13 06:33:50] 下载并规范化 payload -> ./Linux/Linux_OCD_Domain.yaml (md5 a66a0cf64a72540b4306b08199ba048f)
[2025-09-13 06:33:50] 下载并规范化 payload -> ./Linux/Linux_OCD_IP.yaml (md5 a3f0fcb0f3a069ccf0bd8c58ad840a8b)
[2025-09-13 06:33:50] 处理 list 文件：./Hpplay/Hpplay.list
[2025-09-13 06:33:50] 下载并规范化 payload -> ./Hpplay/Hpplay_OCD_Domain.yaml (md5 4ce8c87f726841f5b68f4b02c94b3270)
[2025-09-13 06:33:50] 下载并规范化 payload -> ./Hpplay/Hpplay_OCD_IP.yaml (md5 a3f0fcb0f3a069ccf0bd8c58ad840a8b)
[2025-09-13 06:33:50] 处理 list 文件：./TIDAL/TIDAL.list
[2025-09-13 06:33:50] 下载并规范化 payload -> ./TIDAL/TIDAL_OCD_Domain.yaml (md5 18b18d8f956a4c615c35e1cba0a4c276)
[2025-09-13 06:33:50] 下载并规范化 payload -> ./TIDAL/TIDAL_OCD_IP.yaml (md5 a3f0fcb0f3a069ccf0bd8c58ad840a8b)
[2025-09-13 06:33:50] 处理 list 文件：./Whatsapp/Whatsapp.list
[2025-09-13 06:33:50] 下载并规范化 payload -> ./Whatsapp/Whatsapp_OCD_Domain.yaml (md5 c39b3a54f12e884368bc4dc5eddbf296)
[2025-09-13 06:33:50] 下载并规范化 payload -> ./Whatsapp/Whatsapp_OCD_IP.yaml (md5 f5679681ee3e9cf60b875438568c9346)
[2025-09-13 06:33:50] 处理 list 文件：./Contentful/Contentful.list
[2025-09-13 06:33:50] 下载并规范化 payload -> ./Contentful/Contentful_OCD_Domain.yaml (md5 9dd61a113911a1d00a6328e7e8cb663c)
[2025-09-13 06:33:50] 下载并规范化 payload -> ./Contentful/Contentful_OCD_IP.yaml (md5 a3f0fcb0f3a069ccf0bd8c58ad840a8b)
[2025-09-13 06:33:50] 处理 list 文件：./SoundCloud/SoundCloud.list
[2025-09-13 06:33:50] 下载并规范化 payload -> ./SoundCloud/SoundCloud_OCD_Domain.yaml (md5 790d21ae4646df470ab33eca6e352f49)
[2025-09-13 06:33:50] 下载并规范化 payload -> ./SoundCloud/SoundCloud_OCD_IP.yaml (md5 a3f0fcb0f3a069ccf0bd8c58ad840a8b)
[2025-09-13 06:33:50] 处理 list 文件：./9to5/9to5.list
[2025-09-13 06:33:50] 下载并规范化 payload -> ./9to5/9to5_OCD_Domain.yaml (md5 bbe3a83823e76829d6bcee6530c3c377)
[2025-09-13 06:33:50] 下载并规范化 payload -> ./9to5/9to5_OCD_IP.yaml (md5 a3f0fcb0f3a069ccf0bd8c58ad840a8b)
[2025-09-13 06:33:50] 处理 list 文件：./NaverTV/NaverTV.list
[2025-09-13 06:33:50] 下载并规范化 payload -> ./NaverTV/NaverTV_OCD_Domain.yaml (md5 1703cf0707354bfa57f1574e4ba582d8)
[2025-09-13 06:33:50] 下载并规范化 payload -> ./NaverTV/NaverTV_OCD_IP.yaml (md5 a3f0fcb0f3a069ccf0bd8c58ad840a8b)
[2025-09-13 06:33:50] 处理 list 文件：./ICBC/ICBC.list
[2025-09-13 06:33:50] 下载并规范化 payload -> ./ICBC/ICBC_OCD_Domain.yaml (md5 d6685d24d91b203e5eb16de0b51e3d23)
[2025-09-13 06:33:50] 下载并规范化 payload -> ./ICBC/ICBC_OCD_IP.yaml (md5 a3f0fcb0f3a069ccf0bd8c58ad840a8b)
[2025-09-13 06:33:50] 处理 list 文件：./Garena/Garena.list
[2025-09-13 06:33:50] 下载并规范化 payload -> ./Garena/Garena_OCD_Domain.yaml (md5 c984bd4246758eeb1a390e35d31a4244)
[2025-09-13 06:33:50] 下载并规范化 payload -> ./Garena/Garena_OCD_IP.yaml (md5 a3f0fcb0f3a069ccf0bd8c58ad840a8b)
[2025-09-13 06:33:50] 处理 list 文件：./AdvertisingLite/AdvertisingLite.list
[2025-09-13 06:33:51] 下载并规范化 payload -> ./AdvertisingLite/AdvertisingLite_OCD_Domain.yaml (md5 7d52ff53823f5fdfe58c7ea387c76d54)
[2025-09-13 06:33:51] 下载并规范化 payload -> ./AdvertisingLite/AdvertisingLite_OCD_IP.yaml (md5 6a39fde26ee684e9833ccff511ad1fa6)
[2025-09-13 06:33:51] 处理 list 文件：./Wikimedia/Wikimedia.list
[2025-09-13 06:33:51] 下载并规范化 payload -> ./Wikimedia/Wikimedia_OCD_Domain.yaml (md5 dd6a6f62e863a3b203b3720a5db50a17)
[2025-09-13 06:33:51] 下载并规范化 payload -> ./Wikimedia/Wikimedia_OCD_IP.yaml (md5 a3f0fcb0f3a069ccf0bd8c58ad840a8b)
[2025-09-13 06:33:51] 处理 list 文件：./CGB/CGB.list
[2025-09-13 06:33:51] 下载并规范化 payload -> ./CGB/CGB_OCD_Domain.yaml (md5 e8913a7f022cecd44448c8e73cbc65db)
[2025-09-13 06:33:51] 下载并规范化 payload -> ./CGB/CGB_OCD_IP.yaml (md5 a3f0fcb0f3a069ccf0bd8c58ad840a8b)
[2025-09-13 06:33:51] 处理 list 文件：./XiaoYuanKeJi/XiaoYuanKeJi.list
[2025-09-13 06:33:51] 下载并规范化 payload -> ./XiaoYuanKeJi/XiaoYuanKeJi_OCD_Domain.yaml (md5 aca0c06457bf0cb13f5bf6545425c7b0)
[2025-09-13 06:33:51] 下载并规范化 payload -> ./XiaoYuanKeJi/XiaoYuanKeJi_OCD_IP.yaml (md5 a3f0fcb0f3a069ccf0bd8c58ad840a8b)
[2025-09-13 06:33:51] 处理 list 文件：./Jsdelivr/Jsdelivr.list
[2025-09-13 06:33:51] 下载并规范化 payload -> ./Jsdelivr/Jsdelivr_OCD_Domain.yaml (md5 502acdd02ed4afb57c0d90367f40908c)
[2025-09-13 06:33:51] 下载并规范化 payload -> ./Jsdelivr/Jsdelivr_OCD_IP.yaml (md5 a3f0fcb0f3a069ccf0bd8c58ad840a8b)
[2025-09-13 06:33:51] 处理 list 文件：./Acplay/Acplay.list
[2025-09-13 06:33:51] 下载并规范化 payload -> ./Acplay/Acplay_OCD_Domain.yaml (md5 82d5854f8e1bf5a2b20bda70d13e3ffe)
[2025-09-13 06:33:51] 下载并规范化 payload -> ./Acplay/Acplay_OCD_IP.yaml (md5 a3f0fcb0f3a069ccf0bd8c58ad840a8b)
[2025-09-13 06:33:51] 处理 list 文件：./DingXiangYuan/DingXiangYuan.list
[2025-09-13 06:33:51] 下载并规范化 payload -> ./DingXiangYuan/DingXiangYuan_OCD_Domain.yaml (md5 af8a465d7b21e61a36c2fac101f707da)
[2025-09-13 06:33:51] 下载并规范化 payload -> ./DingXiangYuan/DingXiangYuan_OCD_IP.yaml (md5 a3f0fcb0f3a069ccf0bd8c58ad840a8b)
[2025-09-13 06:33:51] 处理 list 文件：./Identrust/Identrust.list
[2025-09-13 06:33:51] 下载并规范化 payload -> ./Identrust/Identrust_OCD_Domain.yaml (md5 ecf073a87d1336c7de3fab20d50a0259)
[2025-09-13 06:33:51] 下载并规范化 payload -> ./Identrust/Identrust_OCD_IP.yaml (md5 a3f0fcb0f3a069ccf0bd8c58ad840a8b)
[2025-09-13 06:33:51] 处理 list 文件：./ZhiYinManKe/ZhiYinManKe.list
[2025-09-13 06:33:51] 下载并规范化 payload -> ./ZhiYinManKe/ZhiYinManKe_OCD_Domain.yaml (md5 979d50da3395ec6527a45afadbd677cf)
[2025-09-13 06:33:51] 下载并规范化 payload -> ./ZhiYinManKe/ZhiYinManKe_OCD_IP.yaml (md5 a3f0fcb0f3a069ccf0bd8c58ad840a8b)
[2025-09-13 06:33:51] 处理 list 文件：./Japonx/Japonx.list
[2025-09-13 06:33:51] 下载并规范化 payload -> ./Japonx/Japonx_OCD_Domain.yaml (md5 b3540a14729ee68a6c31ff0c1e4a0c84)
[2025-09-13 06:33:51] 下载并规范化 payload -> ./Japonx/Japonx_OCD_IP.yaml (md5 a3f0fcb0f3a069ccf0bd8c58ad840a8b)
[2025-09-13 06:33:51] 处理 list 文件：./WildRift/WildRift.list
[2025-09-13 06:33:51] 下载并规范化 payload -> ./WildRift/WildRift_OCD_Domain.yaml (md5 714ec116ce41383858ee49df2850c0fd)
[2025-09-13 06:33:51] 下载并规范化 payload -> ./WildRift/WildRift_OCD_IP.yaml (md5 a3f0fcb0f3a069ccf0bd8c58ad840a8b)
[2025-09-13 06:33:51] 处理 list 文件：./Python/Python.list
[2025-09-13 06:33:51] 下载并规范化 payload -> ./Python/Python_OCD_Domain.yaml (md5 305f6ac13d149986218979eae510680f)
[2025-09-13 06:33:51] 下载并规范化 payload -> ./Python/Python_OCD_IP.yaml (md5 a3f0fcb0f3a069ccf0bd8c58ad840a8b)
[2025-09-13 06:33:51] 处理 list 文件：./QingCloud/QingCloud.list
[2025-09-13 06:33:51] 下载并规范化 payload -> ./QingCloud/QingCloud_OCD_Domain.yaml (md5 8692531cbc0f8ca567a2b5227d11e6f0)
[2025-09-13 06:33:51] 下载并规范化 payload -> ./QingCloud/QingCloud_OCD_IP.yaml (md5 a3f0fcb0f3a069ccf0bd8c58ad840a8b)
[2025-09-13 06:33:51] 处理 list 文件：./Coolapk/Coolapk.list
[2025-09-13 06:33:51] 下载并规范化 payload -> ./Coolapk/Coolapk_OCD_Domain.yaml (md5 ff96200e914b56cb4729b8ac9c5284d3)
[2025-09-13 06:33:51] 下载并规范化 payload -> ./Coolapk/Coolapk_OCD_IP.yaml (md5 a3f0fcb0f3a069ccf0bd8c58ad840a8b)
[2025-09-13 06:33:51] 处理 list 文件：./BMW/BMW.list
[2025-09-13 06:33:51] 下载并规范化 payload -> ./BMW/BMW_OCD_Domain.yaml (md5 8e43b0d289e8cb0de45bea35d6399868)
[2025-09-13 06:33:51] 下载并规范化 payload -> ./BMW/BMW_OCD_IP.yaml (md5 a3f0fcb0f3a069ccf0bd8c58ad840a8b)
[2025-09-13 06:33:51] 处理 list 文件：./LiTV/LiTV.list
[2025-09-13 06:33:51] 下载并规范化 payload -> ./LiTV/LiTV_OCD_Domain.yaml (md5 5963dd514674e986f91bd0d2a6850682)
[2025-09-13 06:33:51] 下载并规范化 payload -> ./LiTV/LiTV_OCD_IP.yaml (md5 a3f0fcb0f3a069ccf0bd8c58ad840a8b)
[2025-09-13 06:33:51] 处理 list 文件：./Chromecast/Chromecast.list
[2025-09-13 06:33:51] 下载并规范化 payload -> ./Chromecast/Chromecast_OCD_Domain.yaml (md5 bf283cdb142326ac594529204aea1969)
[2025-09-13 06:33:51] 下载并规范化 payload -> ./Chromecast/Chromecast_OCD_IP.yaml (md5 a3f0fcb0f3a069ccf0bd8c58ad840a8b)
[2025-09-13 06:33:51] 处理 list 文件：./DaMai/DaMai.list
[2025-09-13 06:33:51] 下载并规范化 payload -> ./DaMai/DaMai_OCD_Domain.yaml (md5 02a39a8009f4a10b9afe2739dbc6d193)
[2025-09-13 06:33:51] 下载并规范化 payload -> ./DaMai/DaMai_OCD_IP.yaml (md5 a3f0fcb0f3a069ccf0bd8c58ad840a8b)
[2025-09-13 06:33:51] 处理 list 文件：./ByteDance/ByteDance.list
[2025-09-13 06:33:51] 下载并规范化 payload -> ./ByteDance/ByteDance_OCD_Domain.yaml (md5 9b9e0c211b9d5026127652eb3f2fa2f0)
[2025-09-13 06:33:51] 下载并规范化 payload -> ./ByteDance/ByteDance_OCD_IP.yaml (md5 658283bf14caecb3e090d3722ea1393a)
[2025-09-13 06:33:51] 处理 list 文件：./PrimeVideo/PrimeVideo.list
[2025-09-13 06:33:51] 下载并规范化 payload -> ./PrimeVideo/PrimeVideo_OCD_Domain.yaml (md5 40b63a8f07e53182ae702f847960a29f)
[2025-09-13 06:33:51] 下载并规范化 payload -> ./PrimeVideo/PrimeVideo_OCD_IP.yaml (md5 a3f0fcb0f3a069ccf0bd8c58ad840a8b)
[2025-09-13 06:33:51] 处理 list 文件：./AbemaTV/AbemaTV.list
[2025-09-13 06:33:51] 下载并规范化 payload -> ./AbemaTV/AbemaTV_OCD_Domain.yaml (md5 ed9658e66f9ad3e287e4480d969c7f37)
[2025-09-13 06:33:51] 下载并规范化 payload -> ./AbemaTV/AbemaTV_OCD_IP.yaml (md5 a3f0fcb0f3a069ccf0bd8c58ad840a8b)
[2025-09-13 06:33:51] 处理 list 文件：./Anjuke/Anjuke.list
[2025-09-13 06:33:52] 下载并规范化 payload -> ./Anjuke/Anjuke_OCD_Domain.yaml (md5 02b23408ee7eb0030908ed1fc12231e3)
[2025-09-13 06:33:52] 下载并规范化 payload -> ./Anjuke/Anjuke_OCD_IP.yaml (md5 a3f0fcb0f3a069ccf0bd8c58ad840a8b)
[2025-09-13 06:33:52] 处理 list 文件：./RuanMei/RuanMei.list
[2025-09-13 06:33:52] 下载并规范化 payload -> ./RuanMei/RuanMei_OCD_Domain.yaml (md5 2bac1bcfac5a51ef363da47b2b7cc827)
[2025-09-13 06:33:52] 下载并规范化 payload -> ./RuanMei/RuanMei_OCD_IP.yaml (md5 a3f0fcb0f3a069ccf0bd8c58ad840a8b)
[2025-09-13 06:33:52] 处理 list 文件：./OpenAI/OpenAI.list
[2025-09-13 06:33:52] 下载并规范化 payload -> ./OpenAI/OpenAI_OCD_Domain.yaml (md5 6c01a0508e535314e9ceee35ea3ea654)
[2025-09-13 06:33:52] 下载并规范化 payload -> ./OpenAI/OpenAI_OCD_IP.yaml (md5 90f4fc362f7cadea534ca10ae213395c)
[2025-09-13 06:33:52] 处理 list 文件：./Dood/Dood.list
[2025-09-13 06:33:52] 下载并规范化 payload -> ./Dood/Dood_OCD_Domain.yaml (md5 1ac58421e646a4588183f019867f1423)
[2025-09-13 06:33:52] 下载并规范化 payload -> ./Dood/Dood_OCD_IP.yaml (md5 a3f0fcb0f3a069ccf0bd8c58ad840a8b)
[2025-09-13 06:33:52] 处理 list 文件：./Epic/Epic.list
[2025-09-13 06:33:52] 下载并规范化 payload -> ./Epic/Epic_OCD_Domain.yaml (md5 2f3f89edc8e395358fb050bfb49fe2cf)
[2025-09-13 06:33:52] 下载并规范化 payload -> ./Epic/Epic_OCD_IP.yaml (md5 a3f0fcb0f3a069ccf0bd8c58ad840a8b)
[2025-09-13 06:33:52] 处理 list 文件：./ThomsonReuters/ThomsonReuters.list
[2025-09-13 06:33:52] 下载并规范化 payload -> ./ThomsonReuters/ThomsonReuters_OCD_Domain.yaml (md5 aa5701e91348e97cafd31aa03852536a)
[2025-09-13 06:33:52] 下载并规范化 payload -> ./ThomsonReuters/ThomsonReuters_OCD_IP.yaml (md5 a3f0fcb0f3a069ccf0bd8c58ad840a8b)
[2025-09-13 06:33:52] 处理 list 文件：./BritboxUK/BritboxUK.list
[2025-09-13 06:33:52] 下载并规范化 payload -> ./BritboxUK/BritboxUK_OCD_Domain.yaml (md5 d6cf98a9c4a3e3ab2dc794b10ea857e5)
[2025-09-13 06:33:52] 下载并规范化 payload -> ./BritboxUK/BritboxUK_OCD_IP.yaml (md5 a3f0fcb0f3a069ccf0bd8c58ad840a8b)
[2025-09-13 06:33:52] 处理 list 文件：./Razer/Razer.list
[2025-09-13 06:33:52] 下载并规范化 payload -> ./Razer/Razer_OCD_Domain.yaml (md5 847d49d7596bf6b88b3a0e240d154719)
[2025-09-13 06:33:52] 下载并规范化 payload -> ./Razer/Razer_OCD_IP.yaml (md5 a3f0fcb0f3a069ccf0bd8c58ad840a8b)
[2025-09-13 06:33:52] 处理 list 文件：./AmazonPrimeVideo/AmazonPrimeVideo.list
[2025-09-13 06:33:52] 下载并规范化 payload -> ./AmazonPrimeVideo/AmazonPrimeVideo_OCD_Domain.yaml (md5 bacec8bbc0a7aeac9b47e35eadf5f09f)
[2025-09-13 06:33:52] 下载并规范化 payload -> ./AmazonPrimeVideo/AmazonPrimeVideo_OCD_IP.yaml (md5 a3f0fcb0f3a069ccf0bd8c58ad840a8b)
[2025-09-13 06:33:52] 处理 list 文件：./HBO/HBO.list
[2025-09-13 06:33:52] 下载并规范化 payload -> ./HBO/HBO_OCD_Domain.yaml (md5 31493471357471416c0aeddbddac9a0a)
[2025-09-13 06:33:52] 下载并规范化 payload -> ./HBO/HBO_OCD_IP.yaml (md5 a3f0fcb0f3a069ccf0bd8c58ad840a8b)
[2025-09-13 06:33:52] 处理 list 文件：./Logitech/Logitech.list
[2025-09-13 06:33:52] 下载并规范化 payload -> ./Logitech/Logitech_OCD_Domain.yaml (md5 a2fa27c21fda1847dc807d85f913a1ae)
[2025-09-13 06:33:52] 下载并规范化 payload -> ./Logitech/Logitech_OCD_IP.yaml (md5 a3f0fcb0f3a069ccf0bd8c58ad840a8b)
[2025-09-13 06:33:52] 处理 list 文件：./OKX/OKX.list
[2025-09-13 06:33:52] 下载并规范化 payload -> ./OKX/OKX_OCD_Domain.yaml (md5 545bd80ad1d3b14fed0829a81ffb8227)
[2025-09-13 06:33:52] 下载并规范化 payload -> ./OKX/OKX_OCD_IP.yaml (md5 a3f0fcb0f3a069ccf0bd8c58ad840a8b)
[2025-09-13 06:33:52] 处理 list 文件：./GoogleEarth/GoogleEarth.list
[2025-09-13 06:33:52] 下载并规范化 payload -> ./GoogleEarth/GoogleEarth_OCD_Domain.yaml (md5 9e27ad8a122b97486c08ae07d268e4dc)
[2025-09-13 06:33:52] 下载并规范化 payload -> ./GoogleEarth/GoogleEarth_OCD_IP.yaml (md5 a3f0fcb0f3a069ccf0bd8c58ad840a8b)
[2025-09-13 06:33:52] 处理 list 文件：./Fiio/Fiio.list
[2025-09-13 06:33:52] 下载并规范化 payload -> ./Fiio/Fiio_OCD_Domain.yaml (md5 2676f31ce96a34743ed5ffcac2c14516)
[2025-09-13 06:33:52] 下载并规范化 payload -> ./Fiio/Fiio_OCD_IP.yaml (md5 a3f0fcb0f3a069ccf0bd8c58ad840a8b)
[2025-09-13 06:33:52] 处理 list 文件：./Camera360/Camera360.list
[2025-09-13 06:33:52] 下载并规范化 payload -> ./Camera360/Camera360_OCD_Domain.yaml (md5 e29544c1e40e462d13bb50bb6c93421e)
[2025-09-13 06:33:52] 下载并规范化 payload -> ./Camera360/Camera360_OCD_IP.yaml (md5 a3f0fcb0f3a069ccf0bd8c58ad840a8b)
[2025-09-13 06:33:52] 处理 list 文件：./SkyGO/SkyGO.list
[2025-09-13 06:33:52] 下载并规范化 payload -> ./SkyGO/SkyGO_OCD_Domain.yaml (md5 7058800e9a83a64a89518ef8257268d1)
[2025-09-13 06:33:52] 下载并规范化 payload -> ./SkyGO/SkyGO_OCD_IP.yaml (md5 a3f0fcb0f3a069ccf0bd8c58ad840a8b)
[2025-09-13 06:33:52] 处理 list 文件：./VK/VK.list
[2025-09-13 06:33:52] 下载并规范化 payload -> ./VK/VK_OCD_Domain.yaml (md5 0cf2420e69896ef73d9934eac930d2d4)
[2025-09-13 06:33:52] 下载并规范化 payload -> ./VK/VK_OCD_IP.yaml (md5 a3f0fcb0f3a069ccf0bd8c58ad840a8b)
[2025-09-13 06:33:52] 处理 list 文件：./SMZDM/SMZDM.list
[2025-09-13 06:33:52] 下载并规范化 payload -> ./SMZDM/SMZDM_OCD_Domain.yaml (md5 7305056675e649b85be449f41a654f88)
[2025-09-13 06:33:52] 下载并规范化 payload -> ./SMZDM/SMZDM_OCD_IP.yaml (md5 a3f0fcb0f3a069ccf0bd8c58ad840a8b)
[2025-09-13 06:33:52] 处理 list 文件：./PBS/PBS.list
[2025-09-13 06:33:52] 下载并规范化 payload -> ./PBS/PBS_OCD_Domain.yaml (md5 0298c4f84c32544d32c0008246254c63)
[2025-09-13 06:33:52] 下载并规范化 payload -> ./PBS/PBS_OCD_IP.yaml (md5 a3f0fcb0f3a069ccf0bd8c58ad840a8b)
[2025-09-13 06:33:52] 处理 list 文件：./LivePerson/LivePerson.list
[2025-09-13 06:33:52] 下载并规范化 payload -> ./LivePerson/LivePerson_OCD_Domain.yaml (md5 7a59a735018e0819ce0ebe4553717e96)
[2025-09-13 06:33:52] 下载并规范化 payload -> ./LivePerson/LivePerson_OCD_IP.yaml (md5 a3f0fcb0f3a069ccf0bd8c58ad840a8b)
[2025-09-13 06:33:52] 处理 list 文件：./Developer/Developer.list
[2025-09-13 06:33:52] 下载并规范化 payload -> ./Developer/Developer_OCD_Domain.yaml (md5 14da2ce4f6b61fcd20c17c9f11ca7afa)
[2025-09-13 06:33:52] 下载并规范化 payload -> ./Developer/Developer_OCD_IP.yaml (md5 a3f0fcb0f3a069ccf0bd8c58ad840a8b)
[2025-09-13 06:33:52] 处理 list 文件：./JingDong/JingDong.list
[2025-09-13 06:33:52] 下载并规范化 payload -> ./JingDong/JingDong_OCD_Domain.yaml (md5 17c47c34d4e668e9060f3a3484cfa67b)
[2025-09-13 06:33:52] 下载并规范化 payload -> ./JingDong/JingDong_OCD_IP.yaml (md5 a3f0fcb0f3a069ccf0bd8c58ad840a8b)
[2025-09-13 06:33:52] 处理 list 文件：./UBI/UBI.list
[2025-09-13 06:33:53] 下载并规范化 payload -> ./UBI/UBI_OCD_Domain.yaml (md5 6642c58c983ab73474d9f758bb0d5fc0)
[2025-09-13 06:33:53] 下载并规范化 payload -> ./UBI/UBI_OCD_IP.yaml (md5 a3f0fcb0f3a069ccf0bd8c58ad840a8b)
[2025-09-13 06:33:53] 处理 list 文件：./NowE/NowE.list
[2025-09-13 06:33:53] 下载并规范化 payload -> ./NowE/NowE_OCD_Domain.yaml (md5 5edeeb5def99e76c953c2d86047a8c4a)
[2025-09-13 06:33:53] 下载并规范化 payload -> ./NowE/NowE_OCD_IP.yaml (md5 a3f0fcb0f3a069ccf0bd8c58ad840a8b)
[2025-09-13 06:33:53] 处理 list 文件：./EncoreTVB/EncoreTVB.list
[2025-09-13 06:33:53] 下载并规范化 payload -> ./EncoreTVB/EncoreTVB_OCD_Domain.yaml (md5 a0fa59310d272f8e16ff3ce10ea1c42f)
[2025-09-13 06:33:53] 下载并规范化 payload -> ./EncoreTVB/EncoreTVB_OCD_IP.yaml (md5 a3f0fcb0f3a069ccf0bd8c58ad840a8b)
[2025-09-13 06:33:53] 处理 list 文件：./ZDNS/ZDNS.list
[2025-09-13 06:33:53] 下载并规范化 payload -> ./ZDNS/ZDNS_OCD_Domain.yaml (md5 63ae0cb28d0b304ecdd1bf3816f8b523)
[2025-09-13 06:33:53] 下载并规范化 payload -> ./ZDNS/ZDNS_OCD_IP.yaml (md5 a3f0fcb0f3a069ccf0bd8c58ad840a8b)
[2025-09-13 06:33:53] 处理 list 文件：./LeJu/LeJu.list
[2025-09-13 06:33:53] 下载并规范化 payload -> ./LeJu/LeJu_OCD_Domain.yaml (md5 7193919e06a527cc0ee8ff910deb557d)
[2025-09-13 06:33:53] 下载并规范化 payload -> ./LeJu/LeJu_OCD_IP.yaml (md5 a3f0fcb0f3a069ccf0bd8c58ad840a8b)
[2025-09-13 06:33:53] 处理 list 文件：./Notion/Notion.list
[2025-09-13 06:33:53] 下载并规范化 payload -> ./Notion/Notion_OCD_Domain.yaml (md5 f6df09b9d9d1ef52c1cee8bc15973e53)
[2025-09-13 06:33:53] 下载并规范化 payload -> ./Notion/Notion_OCD_IP.yaml (md5 a3f0fcb0f3a069ccf0bd8c58ad840a8b)
[2025-09-13 06:33:53] 处理 list 文件：./PingAn/PingAn.list
[2025-09-13 06:33:53] 下载并规范化 payload -> ./PingAn/PingAn_OCD_Domain.yaml (md5 ef099cdd3a9fc0c3a0a0616e6add621f)
[2025-09-13 06:33:53] 下载并规范化 payload -> ./PingAn/PingAn_OCD_IP.yaml (md5 a3f0fcb0f3a069ccf0bd8c58ad840a8b)
[2025-09-13 06:33:53] 处理 list 文件：./MOMOShop/MOMOShop.list
[2025-09-13 06:33:53] 下载并规范化 payload -> ./MOMOShop/MOMOShop_OCD_Domain.yaml (md5 6c42b80425114400dbe558363020bd75)
[2025-09-13 06:33:53] 下载并规范化 payload -> ./MOMOShop/MOMOShop_OCD_IP.yaml (md5 a3f0fcb0f3a069ccf0bd8c58ad840a8b)
[2025-09-13 06:33:53] 处理 list 文件：./SystemOTA/SystemOTA.list
[2025-09-13 06:33:53] 下载并规范化 payload -> ./SystemOTA/SystemOTA_OCD_Domain.yaml (md5 89f4c95aa6f0c3e6ae4dfeac74693635)
[2025-09-13 06:33:53] 下载并规范化 payload -> ./SystemOTA/SystemOTA_OCD_IP.yaml (md5 a3f0fcb0f3a069ccf0bd8c58ad840a8b)
[2025-09-13 06:33:53] 处理 list 文件：./AOL/AOL.list
[2025-09-13 06:33:53] 下载并规范化 payload -> ./AOL/AOL_OCD_Domain.yaml (md5 d82bbf3aa08204f5835d66f172524da5)
[2025-09-13 06:33:53] 下载并规范化 payload -> ./AOL/AOL_OCD_IP.yaml (md5 a3f0fcb0f3a069ccf0bd8c58ad840a8b)
[2025-09-13 06:33:53] 处理 list 文件：./ZhihuAds/ZhihuAds.list
[2025-09-13 06:33:53] 下载并规范化 payload -> ./ZhihuAds/ZhihuAds_OCD_Domain.yaml (md5 7bb68c3c8adf267871c86ca05be2ecf5)
[2025-09-13 06:33:53] 下载并规范化 payload -> ./ZhihuAds/ZhihuAds_OCD_IP.yaml (md5 1df414bcef33bd1737365fb55a6c3530)
[2025-09-13 06:33:53] 处理 list 文件：./Figma/Figma.list
[2025-09-13 06:33:53] 下载并规范化 payload -> ./Figma/Figma_OCD_Domain.yaml (md5 f863f3a7649e593b8c6deb1c4047634b)
[2025-09-13 06:33:53] 下载并规范化 payload -> ./Figma/Figma_OCD_IP.yaml (md5 a3f0fcb0f3a069ccf0bd8c58ad840a8b)
[2025-09-13 06:33:53] 处理 list 文件：./HeMa/HeMa.list
[2025-09-13 06:33:53] 下载并规范化 payload -> ./HeMa/HeMa_OCD_Domain.yaml (md5 41f4df866dd46161454b54e1dd420f55)
[2025-09-13 06:33:53] 下载并规范化 payload -> ./HeMa/HeMa_OCD_IP.yaml (md5 a3f0fcb0f3a069ccf0bd8c58ad840a8b)
[2025-09-13 06:33:53] 处理 list 文件：./Collabora/Collabora.list
[2025-09-13 06:33:53] 下载并规范化 payload -> ./Collabora/Collabora_OCD_Domain.yaml (md5 41646e64fc205b1ceb6f7e0ba2b24f64)
[2025-09-13 06:33:53] 下载并规范化 payload -> ./Collabora/Collabora_OCD_IP.yaml (md5 a3f0fcb0f3a069ccf0bd8c58ad840a8b)
[2025-09-13 06:33:53] 处理 list 文件：./XueErSi/XueErSi.list
[2025-09-13 06:33:53] 下载并规范化 payload -> ./XueErSi/XueErSi_OCD_Domain.yaml (md5 cc2d1a051b3ed4a84e1f8b38fbacaf33)
[2025-09-13 06:33:53] 下载并规范化 payload -> ./XueErSi/XueErSi_OCD_IP.yaml (md5 a3f0fcb0f3a069ccf0bd8c58ad840a8b)
[2025-09-13 06:33:53] 处理 list 文件：./ZhongGuoShiHua/ZhongGuoShiHua.list
[2025-09-13 06:33:53] 下载并规范化 payload -> ./ZhongGuoShiHua/ZhongGuoShiHua_OCD_Domain.yaml (md5 0b687a382641644624c5853409224862)
[2025-09-13 06:33:53] 下载并规范化 payload -> ./ZhongGuoShiHua/ZhongGuoShiHua_OCD_IP.yaml (md5 a3f0fcb0f3a069ccf0bd8c58ad840a8b)
[2025-09-13 06:33:53] 处理 list 文件：./4399/4399.list
[2025-09-13 06:33:53] 下载并规范化 payload -> ./4399/4399_OCD_Domain.yaml (md5 394d99ed62d3346b4522bc9ba730d4fe)
[2025-09-13 06:33:53] 下载并规范化 payload -> ./4399/4399_OCD_IP.yaml (md5 a3f0fcb0f3a069ccf0bd8c58ad840a8b)
[2025-09-13 06:33:53] 处理 list 文件：./Synology/Synology.list
[2025-09-13 06:33:53] 下载并规范化 payload -> ./Synology/Synology_OCD_Domain.yaml (md5 d388184da96e49a09f9a467db128d867)
[2025-09-13 06:33:53] 下载并规范化 payload -> ./Synology/Synology_OCD_IP.yaml (md5 a3f0fcb0f3a069ccf0bd8c58ad840a8b)
[2025-09-13 06:33:53] 处理 list 文件：./iQIYI/iQIYI.list
[2025-09-13 06:33:53] 下载并规范化 payload -> ./iQIYI/iQIYI_OCD_Domain.yaml (md5 75b916e001b00e06dab05ac2af294c76)
[2025-09-13 06:33:53] 下载并规范化 payload -> ./iQIYI/iQIYI_OCD_IP.yaml (md5 e1f920162465e856616584b39e7f6b84)
[2025-09-13 06:33:53] 处理 list 文件：./Threads/Threads.list
[2025-09-13 06:33:53] 下载并规范化 payload -> ./Threads/Threads_OCD_Domain.yaml (md5 ca11242e1168cb3f0ee77652dae769d0)
[2025-09-13 06:33:53] 下载并规范化 payload -> ./Threads/Threads_OCD_IP.yaml (md5 a3f0fcb0f3a069ccf0bd8c58ad840a8b)
[2025-09-13 06:33:53] 处理 list 文件：./Embl/Embl.list
[2025-09-13 06:33:53] 下载并规范化 payload -> ./Embl/Embl_OCD_Domain.yaml (md5 344965827501547e6f94e7a214b41448)
[2025-09-13 06:33:53] 下载并规范化 payload -> ./Embl/Embl_OCD_IP.yaml (md5 a3f0fcb0f3a069ccf0bd8c58ad840a8b)
[2025-09-13 06:33:53] 处理 list 文件：./Dell/Dell.list
[2025-09-13 06:33:53] 下载并规范化 payload -> ./Dell/Dell_OCD_Domain.yaml (md5 f8700e178a82b5428abec22d1178f663)
[2025-09-13 06:33:53] 下载并规范化 payload -> ./Dell/Dell_OCD_IP.yaml (md5 a3f0fcb0f3a069ccf0bd8c58ad840a8b)
[2025-09-13 06:33:53] 处理 list 文件：./Jwplayer/Jwplayer.list
[2025-09-13 06:33:54] 下载并规范化 payload -> ./Jwplayer/Jwplayer_OCD_Domain.yaml (md5 8e209101ab7c2fa227a5266a510bc8b0)
[2025-09-13 06:33:54] 下载并规范化 payload -> ./Jwplayer/Jwplayer_OCD_IP.yaml (md5 a3f0fcb0f3a069ccf0bd8c58ad840a8b)
[2025-09-13 06:33:54] 处理 list 文件：./Pandora/Pandora.list
[2025-09-13 06:33:54] 下载并规范化 payload -> ./Pandora/Pandora_OCD_Domain.yaml (md5 ce7d1822ae89b750f9e5f1b6023780fa)
[2025-09-13 06:33:54] 下载并规范化 payload -> ./Pandora/Pandora_OCD_IP.yaml (md5 a3f0fcb0f3a069ccf0bd8c58ad840a8b)
[2025-09-13 06:33:54] 处理 list 文件：./AirChina/AirChina.list
[2025-09-13 06:33:54] 下载并规范化 payload -> ./AirChina/AirChina_OCD_Domain.yaml (md5 bf087d1bb794b087f1ea75c1e93953bb)
[2025-09-13 06:33:54] 下载并规范化 payload -> ./AirChina/AirChina_OCD_IP.yaml (md5 a3f0fcb0f3a069ccf0bd8c58ad840a8b)
[2025-09-13 06:33:54] 处理 list 文件：./Discord/Discord.list
[2025-09-13 06:33:54] 下载并规范化 payload -> ./Discord/Discord_OCD_Domain.yaml (md5 7c021117fe7d1ec1d262c85675397d6e)
[2025-09-13 06:33:54] 下载并规范化 payload -> ./Discord/Discord_OCD_IP.yaml (md5 a3f0fcb0f3a069ccf0bd8c58ad840a8b)
[2025-09-13 06:33:54] 处理 list 文件：./DigitalOcean/DigitalOcean.list
[2025-09-13 06:33:54] 下载并规范化 payload -> ./DigitalOcean/DigitalOcean_OCD_Domain.yaml (md5 544f60643711da30b69da3c753a6cac2)
[2025-09-13 06:33:54] 下载并规范化 payload -> ./DigitalOcean/DigitalOcean_OCD_IP.yaml (md5 a3f0fcb0f3a069ccf0bd8c58ad840a8b)
[2025-09-13 06:33:54] 处理 list 文件：./AMP/AMP.list
[2025-09-13 06:33:54] 下载并规范化 payload -> ./AMP/AMP_OCD_Domain.yaml (md5 b2afc37f36c2c4a0a8ebe9e6a025b5b6)
[2025-09-13 06:33:54] 下载并规范化 payload -> ./AMP/AMP_OCD_IP.yaml (md5 a3f0fcb0f3a069ccf0bd8c58ad840a8b)
[2025-09-13 06:33:54] 处理 list 文件：./JinJiangWenXue/JinJiangWenXue.list
[2025-09-13 06:33:54] 下载并规范化 payload -> ./JinJiangWenXue/JinJiangWenXue_OCD_Domain.yaml (md5 fdc3517992b0200dc8aa117e509bd5b7)
[2025-09-13 06:33:54] 下载并规范化 payload -> ./JinJiangWenXue/JinJiangWenXue_OCD_IP.yaml (md5 a3f0fcb0f3a069ccf0bd8c58ad840a8b)
[2025-09-13 06:33:54] 处理 list 文件：./Abema/Abema.list
[2025-09-13 06:33:54] 下载并规范化 payload -> ./Abema/Abema_OCD_Domain.yaml (md5 62260c4e1d02f54223d78ce068ce5421)
[2025-09-13 06:33:54] 下载并规范化 payload -> ./Abema/Abema_OCD_IP.yaml (md5 a3f0fcb0f3a069ccf0bd8c58ad840a8b)
[2025-09-13 06:33:54] 处理 list 文件：./Deepin/Deepin.list
[2025-09-13 06:33:54] 下载并规范化 payload -> ./Deepin/Deepin_OCD_Domain.yaml (md5 f824bb2782f43d9f4ce2c2f144b361db)
[2025-09-13 06:33:54] 下载并规范化 payload -> ./Deepin/Deepin_OCD_IP.yaml (md5 a3f0fcb0f3a069ccf0bd8c58ad840a8b)
[2025-09-13 06:33:54] 处理 list 文件：./Vivo/Vivo.list
[2025-09-13 06:33:54] 下载并规范化 payload -> ./Vivo/Vivo_OCD_Domain.yaml (md5 5050458f17b0303477631cccc80cd17c)
[2025-09-13 06:33:54] 下载并规范化 payload -> ./Vivo/Vivo_OCD_IP.yaml (md5 a3f0fcb0f3a069ccf0bd8c58ad840a8b)
[2025-09-13 06:33:54] 处理 list 文件：./BaiShanYunKeJi/BaiShanYunKeJi.list
[2025-09-13 06:33:54] 下载并规范化 payload -> ./BaiShanYunKeJi/BaiShanYunKeJi_OCD_Domain.yaml (md5 851bb0335b7dbc148264b89fb52078df)
[2025-09-13 06:33:54] 下载并规范化 payload -> ./BaiShanYunKeJi/BaiShanYunKeJi_OCD_IP.yaml (md5 a3f0fcb0f3a069ccf0bd8c58ad840a8b)
[2025-09-13 06:33:54] 处理 list 文件：./ChinaMax/ChinaMax.list
[2025-09-13 06:33:54] 下载并规范化 payload -> ./ChinaMax/ChinaMax_OCD_Domain.yaml (md5 a6255a6034c59a59280d7a76be49bbe9)
[2025-09-13 06:33:54] 下载并规范化 payload -> ./ChinaMax/ChinaMax_OCD_IP.yaml (md5 878a37239590e9c4faa466a840f22cd2)
[2025-09-13 06:33:54] 处理 list 文件：./Agora/Agora.list
[2025-09-13 06:33:54] 下载并规范化 payload -> ./Agora/Agora_OCD_Domain.yaml (md5 ce149f9e850f9a29a6dcbb5b795d2c9b)
[2025-09-13 06:33:54] 下载并规范化 payload -> ./Agora/Agora_OCD_IP.yaml (md5 a3f0fcb0f3a069ccf0bd8c58ad840a8b)
[2025-09-13 06:33:54] 处理 list 文件：./SMG/SMG.list
[2025-09-13 06:33:54] 下载并规范化 payload -> ./SMG/SMG_OCD_Domain.yaml (md5 13df06aa56ce8cf62f0b08e772f7f4df)
[2025-09-13 06:33:54] 下载并规范化 payload -> ./SMG/SMG_OCD_IP.yaml (md5 a3f0fcb0f3a069ccf0bd8c58ad840a8b)
[2025-09-13 06:33:54] 处理 list 文件：./Marketing/Marketing.list
[2025-09-13 06:33:55] 下载并规范化 payload -> ./Marketing/Marketing_OCD_Domain.yaml (md5 21daee27143b3c0ee6785bdc967c8046)
[2025-09-13 06:33:55] 下载并规范化 payload -> ./Marketing/Marketing_OCD_IP.yaml (md5 a3f0fcb0f3a069ccf0bd8c58ad840a8b)
[2025-09-13 06:33:55] 处理 list 文件：./DiSiFanShi/DiSiFanShi.list
[2025-09-13 06:33:55] 下载并规范化 payload -> ./DiSiFanShi/DiSiFanShi_OCD_Domain.yaml (md5 78fc1a7aec806be472139d67f8775f7d)
[2025-09-13 06:33:55] 下载并规范化 payload -> ./DiSiFanShi/DiSiFanShi_OCD_IP.yaml (md5 a3f0fcb0f3a069ccf0bd8c58ad840a8b)
[2025-09-13 06:33:55] 处理 list 文件：./Accuweather/Accuweather.list
[2025-09-13 06:33:55] 下载并规范化 payload -> ./Accuweather/Accuweather_OCD_Domain.yaml (md5 32ea9fd58d850ceb7756b363e129652a)
[2025-09-13 06:33:55] 下载并规范化 payload -> ./Accuweather/Accuweather_OCD_IP.yaml (md5 a3f0fcb0f3a069ccf0bd8c58ad840a8b)
[2025-09-13 06:33:55] 处理 list 文件：./PrivateTracker/PrivateTracker.list
[2025-09-13 06:33:55] 下载并规范化 payload -> ./PrivateTracker/PrivateTracker_OCD_Domain.yaml (md5 5e1bfe23ca04d3fb6396670bacdea999)
[2025-09-13 06:33:55] 下载并规范化 payload -> ./PrivateTracker/PrivateTracker_OCD_IP.yaml (md5 c10b1e267011bce4e2376cb90f72aa75)
[2025-09-13 06:33:55] 处理 list 文件：./Aerogard/Aerogard.list
[2025-09-13 06:33:55] 下载并规范化 payload -> ./Aerogard/Aerogard_OCD_Domain.yaml (md5 db822694507ce5df535752551d3a8341)
[2025-09-13 06:33:55] 下载并规范化 payload -> ./Aerogard/Aerogard_OCD_IP.yaml (md5 a3f0fcb0f3a069ccf0bd8c58ad840a8b)
[2025-09-13 06:33:55] 处理 list 文件：./IBM/IBM.list
[2025-09-13 06:33:55] 下载并规范化 payload -> ./IBM/IBM_OCD_Domain.yaml (md5 4032a1c453d018382027a0ba978f72fe)
[2025-09-13 06:33:55] 下载并规范化 payload -> ./IBM/IBM_OCD_IP.yaml (md5 a3f0fcb0f3a069ccf0bd8c58ad840a8b)
[2025-09-13 06:33:55] 处理 list 文件：./Pixiv/Pixiv.list
[2025-09-13 06:33:55] 下载并规范化 payload -> ./Pixiv/Pixiv_OCD_Domain.yaml (md5 d1180d36120716d353975ae43e9b94b1)
[2025-09-13 06:33:55] 下载并规范化 payload -> ./Pixiv/Pixiv_OCD_IP.yaml (md5 a3f0fcb0f3a069ccf0bd8c58ad840a8b)
[2025-09-13 06:33:55] 处理 list 文件：./Gigabyte/Gigabyte.list
[2025-09-13 06:33:55] 下载并规范化 payload -> ./Gigabyte/Gigabyte_OCD_Domain.yaml (md5 52c39b7792fa2d9a44a1b6d6961b20b0)
[2025-09-13 06:33:55] 下载并规范化 payload -> ./Gigabyte/Gigabyte_OCD_IP.yaml (md5 a3f0fcb0f3a069ccf0bd8c58ad840a8b)
[2025-09-13 06:33:55] 处理 list 文件：./Spotify/Spotify.list
[2025-09-13 06:33:55] 下载并规范化 payload -> ./Spotify/Spotify_OCD_Domain.yaml (md5 e6c3d23556c2fb30a01cd8ee89463091)
[2025-09-13 06:33:55] 下载并规范化 payload -> ./Spotify/Spotify_OCD_IP.yaml (md5 bffd55c1731837323f1f102a0250d7ee)
[2025-09-13 06:33:55] 处理 list 文件：./WeType/WeType.list
[2025-09-13 06:33:55] 下载并规范化 payload -> ./WeType/WeType_OCD_Domain.yaml (md5 e045537ad8311bef8da5aef3d706afd5)
[2025-09-13 06:33:55] 下载并规范化 payload -> ./WeType/WeType_OCD_IP.yaml (md5 a3f0fcb0f3a069ccf0bd8c58ad840a8b)
[2025-09-13 06:33:55] 处理 list 文件：./Twitter/Twitter.list
[2025-09-13 06:33:55] 下载并规范化 payload -> ./Twitter/Twitter_OCD_Domain.yaml (md5 37f898ea0bdb17e859efb6bf48f21d27)
[2025-09-13 06:33:55] 下载并规范化 payload -> ./Twitter/Twitter_OCD_IP.yaml (md5 e149816e5b703dda1099f5cedd690b82)
[2025-09-13 06:33:55] 处理 list 文件：./Android/Android.list
[2025-09-13 06:33:55] 下载并规范化 payload -> ./Android/Android_OCD_Domain.yaml (md5 d934e8e9b1ce6e3b0a7ae0126cf8d0f4)
[2025-09-13 06:33:55] 下载并规范化 payload -> ./Android/Android_OCD_IP.yaml (md5 a3f0fcb0f3a069ccf0bd8c58ad840a8b)
[2025-09-13 06:33:55] 处理 list 文件：./JueJin/JueJin.list
[2025-09-13 06:33:55] 下载并规范化 payload -> ./JueJin/JueJin_OCD_Domain.yaml (md5 cdf5d16a8db7fb0802bdebb6cad30e23)
[2025-09-13 06:33:55] 下载并规范化 payload -> ./JueJin/JueJin_OCD_IP.yaml (md5 a3f0fcb0f3a069ccf0bd8c58ad840a8b)
[2025-09-13 06:33:55] 处理 list 文件：./DouYin/DouYin.list
[2025-09-13 06:33:55] 下载并规范化 payload -> ./DouYin/DouYin_OCD_Domain.yaml (md5 79ecaf1546913014abbf463e04efd048)
[2025-09-13 06:33:55] 下载并规范化 payload -> ./DouYin/DouYin_OCD_IP.yaml (md5 a3f0fcb0f3a069ccf0bd8c58ad840a8b)
[2025-09-13 06:33:55] 处理 list 文件：./NBC/NBC.list
[2025-09-13 06:33:55] 下载并规范化 payload -> ./NBC/NBC_OCD_Domain.yaml (md5 bdd489bd82d03e7790a26a3964f4b53b)
[2025-09-13 06:33:55] 下载并规范化 payload -> ./NBC/NBC_OCD_IP.yaml (md5 a3f0fcb0f3a069ccf0bd8c58ad840a8b)
[2025-09-13 06:33:55] 处理 list 文件：./FanFou/FanFou.list
[2025-09-13 06:33:55] 下载并规范化 payload -> ./FanFou/FanFou_OCD_Domain.yaml (md5 1a950e4f18457f3b0311a07e15d81be4)
[2025-09-13 06:33:55] 下载并规范化 payload -> ./FanFou/FanFou_OCD_IP.yaml (md5 a3f0fcb0f3a069ccf0bd8c58ad840a8b)
[2025-09-13 06:33:55] 处理 list 文件：./PPTV/PPTV.list
[2025-09-13 06:33:55] 下载并规范化 payload -> ./PPTV/PPTV_OCD_Domain.yaml (md5 8bfe9e27399c2b5e7a60d3c0af3a9761)
[2025-09-13 06:33:55] 下载并规范化 payload -> ./PPTV/PPTV_OCD_IP.yaml (md5 a3f0fcb0f3a069ccf0bd8c58ad840a8b)
[2025-09-13 06:33:55] 处理 list 文件：./Apifox/Apifox.list
[2025-09-13 06:33:55] 下载并规范化 payload -> ./Apifox/Apifox_OCD_Domain.yaml (md5 a33984d8637a8d4827c09557fa49f1a8)
[2025-09-13 06:33:55] 下载并规范化 payload -> ./Apifox/Apifox_OCD_IP.yaml (md5 a3f0fcb0f3a069ccf0bd8c58ad840a8b)
[2025-09-13 06:33:55] 处理 list 文件：./GlobalScholar/GlobalScholar.list
[2025-09-13 06:33:55] 下载并规范化 payload -> ./GlobalScholar/GlobalScholar_OCD_Domain.yaml (md5 dd727183443a9524a00757962f092263)
[2025-09-13 06:33:55] 下载并规范化 payload -> ./GlobalScholar/GlobalScholar_OCD_IP.yaml (md5 a3f0fcb0f3a069ccf0bd8c58ad840a8b)
[2025-09-13 06:33:55] 处理 list 文件：./KingSmith/KingSmith.list
[2025-09-13 06:33:55] 下载并规范化 payload -> ./KingSmith/KingSmith_OCD_Domain.yaml (md5 cc16535cfe4d61f1e8b58a6165cb033f)
[2025-09-13 06:33:55] 下载并规范化 payload -> ./KingSmith/KingSmith_OCD_IP.yaml (md5 a3f0fcb0f3a069ccf0bd8c58ad840a8b)
[2025-09-13 06:33:55] 处理 list 文件：./UC/UC.list
[2025-09-13 06:33:55] 下载并规范化 payload -> ./UC/UC_OCD_Domain.yaml (md5 cbf5731cf300fd71dcaa231063a37ca5)
[2025-09-13 06:33:55] 下载并规范化 payload -> ./UC/UC_OCD_IP.yaml (md5 a3f0fcb0f3a069ccf0bd8c58ad840a8b)
[2025-09-13 06:33:55] 处理 list 文件：./36kr/36kr.list
[2025-09-13 06:33:55] 下载并规范化 payload -> ./36kr/36kr_OCD_Domain.yaml (md5 a6c6ab097487a8fec6adfd161f381b52)
[2025-09-13 06:33:56] 下载并规范化 payload -> ./36kr/36kr_OCD_IP.yaml (md5 a3f0fcb0f3a069ccf0bd8c58ad840a8b)
[2025-09-13 06:33:56] 处理 list 文件：./AppleMedia/AppleMedia.list
[2025-09-13 06:33:56] 下载并规范化 payload -> ./AppleMedia/AppleMedia_OCD_Domain.yaml (md5 378029cdf2f3d1c7a5ab8810cbe14fd4)
[2025-09-13 06:33:56] 下载并规范化 payload -> ./AppleMedia/AppleMedia_OCD_IP.yaml (md5 a3f0fcb0f3a069ccf0bd8c58ad840a8b)
[2025-09-13 06:33:56] 处理 list 文件：./DianCeWangKe/DianCeWangKe.list
[2025-09-13 06:33:56] 下载并规范化 payload -> ./DianCeWangKe/DianCeWangKe_OCD_Domain.yaml (md5 78a1c184a9abbc307601e21620ea683c)
[2025-09-13 06:33:56] 下载并规范化 payload -> ./DianCeWangKe/DianCeWangKe_OCD_IP.yaml (md5 a3f0fcb0f3a069ccf0bd8c58ad840a8b)
[2025-09-13 06:33:56] 处理 list 文件：./HuluJP/HuluJP.list
[2025-09-13 06:33:56] 下载并规范化 payload -> ./HuluJP/HuluJP_OCD_Domain.yaml (md5 be22cfdf9a894901c47b23bbbe020aca)
[2025-09-13 06:33:56] 下载并规范化 payload -> ./HuluJP/HuluJP_OCD_IP.yaml (md5 a3f0fcb0f3a069ccf0bd8c58ad840a8b)
[2025-09-13 06:33:56] 处理 list 文件：./YunFanJiaSu/YunFanJiaSu.list
[2025-09-13 06:33:56] 下载并规范化 payload -> ./YunFanJiaSu/YunFanJiaSu_OCD_Domain.yaml (md5 4a5af592e8c774eca244eb4c51be3d53)
[2025-09-13 06:33:56] 下载并规范化 payload -> ./YunFanJiaSu/YunFanJiaSu_OCD_IP.yaml (md5 a3f0fcb0f3a069ccf0bd8c58ad840a8b)
[2025-09-13 06:33:56] 处理 list 文件：./3dm/3dm.list
[2025-09-13 06:33:56] 下载并规范化 payload -> ./3dm/3dm_OCD_Domain.yaml (md5 d7a6e29393bda90c22dbf68f73d80483)
[2025-09-13 06:33:56] 下载并规范化 payload -> ./3dm/3dm_OCD_IP.yaml (md5 a3f0fcb0f3a069ccf0bd8c58ad840a8b)
[2025-09-13 06:33:56] 处理 list 文件：./Huffpost/Huffpost.list
[2025-09-13 06:33:56] 下载并规范化 payload -> ./Huffpost/Huffpost_OCD_Domain.yaml (md5 e76066a82ed7f71cfb3bc0c21a9529d1)
[2025-09-13 06:33:56] 下载并规范化 payload -> ./Huffpost/Huffpost_OCD_IP.yaml (md5 a3f0fcb0f3a069ccf0bd8c58ad840a8b)
[2025-09-13 06:33:56] 处理 list 文件：./ZhongXingTongXun/ZhongXingTongXun.list
[2025-09-13 06:33:56] 下载并规范化 payload -> ./ZhongXingTongXun/ZhongXingTongXun_OCD_Domain.yaml (md5 758a52cdefae513801829b0ded1625e5)
[2025-09-13 06:33:56] 下载并规范化 payload -> ./ZhongXingTongXun/ZhongXingTongXun_OCD_IP.yaml (md5 a3f0fcb0f3a069ccf0bd8c58ad840a8b)
[2025-09-13 06:33:56] 处理 list 文件：./51Job/51Job.list
[2025-09-13 06:33:56] 下载并规范化 payload -> ./51Job/51Job_OCD_Domain.yaml (md5 154fb485bae0279fa8c1336cd1c99d37)
[2025-09-13 06:33:56] 下载并规范化 payload -> ./51Job/51Job_OCD_IP.yaml (md5 a3f0fcb0f3a069ccf0bd8c58ad840a8b)
[2025-09-13 06:33:56] 处理 list 文件：./LianMeng/LianMeng.list
[2025-09-13 06:33:56] 下载并规范化 payload -> ./LianMeng/LianMeng_OCD_Domain.yaml (md5 bb1bb3c2390f442d4c52c96fe28b6913)
[2025-09-13 06:33:56] 下载并规范化 payload -> ./LianMeng/LianMeng_OCD_IP.yaml (md5 a3f0fcb0f3a069ccf0bd8c58ad840a8b)
[2025-09-13 06:33:56] 处理 list 文件：./NivodTV/NivodTV.list
[2025-09-13 06:33:56] 下载并规范化 payload -> ./NivodTV/NivodTV_OCD_Domain.yaml (md5 33bdab1a8bb527745829a6f51801ea2f)
[2025-09-13 06:33:56] 下载并规范化 payload -> ./NivodTV/NivodTV_OCD_IP.yaml (md5 a3f0fcb0f3a069ccf0bd8c58ad840a8b)
[2025-09-13 06:33:56] 处理 list 文件：./Google/Google.list
[2025-09-13 06:33:56] 下载并规范化 payload -> ./Google/Google_OCD_Domain.yaml (md5 56e743b60eb31db42f59c41b2cfa5418)
[2025-09-13 06:33:56] 下载并规范化 payload -> ./Google/Google_OCD_IP.yaml (md5 82f5598c9c1c56d80932ee7aec555a37)
[2025-09-13 06:33:56] 处理 list 文件：./Buypass/Buypass.list
[2025-09-13 06:33:56] 下载并规范化 payload -> ./Buypass/Buypass_OCD_Domain.yaml (md5 b31c0286e12f477a7ed5f7abe0058f93)
[2025-09-13 06:33:56] 下载并规范化 payload -> ./Buypass/Buypass_OCD_IP.yaml (md5 a3f0fcb0f3a069ccf0bd8c58ad840a8b)
[2025-09-13 06:33:56] 处理 list 文件：./DangDang/DangDang.list
[2025-09-13 06:33:56] 下载并规范化 payload -> ./DangDang/DangDang_OCD_Domain.yaml (md5 39f425437f4f9748c33c3346e98bc29c)
[2025-09-13 06:33:56] 下载并规范化 payload -> ./DangDang/DangDang_OCD_IP.yaml (md5 a3f0fcb0f3a069ccf0bd8c58ad840a8b)
[2025-09-13 06:33:56] 处理 list 文件：./Pubmatic/Pubmatic.list
[2025-09-13 06:33:56] 下载并规范化 payload -> ./Pubmatic/Pubmatic_OCD_Domain.yaml (md5 1b089ee20ab70ae2e7cbbdddbd053a65)
[2025-09-13 06:33:56] 下载并规范化 payload -> ./Pubmatic/Pubmatic_OCD_IP.yaml (md5 a3f0fcb0f3a069ccf0bd8c58ad840a8b)
[2025-09-13 06:33:56] 处理 list 文件：./Reddit/Reddit.list
[2025-09-13 06:33:56] 下载并规范化 payload -> ./Reddit/Reddit_OCD_Domain.yaml (md5 f7f495d9e691a9ba0e4ed9ec65d1f336)
[2025-09-13 06:33:56] 下载并规范化 payload -> ./Reddit/Reddit_OCD_IP.yaml (md5 a3f0fcb0f3a069ccf0bd8c58ad840a8b)
[2025-09-13 06:33:56] 处理 list 文件：./Mozilla/Mozilla.list
[2025-09-13 06:33:56] 下载并规范化 payload -> ./Mozilla/Mozilla_OCD_Domain.yaml (md5 859d21cc1f95e8be8644f19a0f6c217f)
[2025-09-13 06:33:56] 下载并规范化 payload -> ./Mozilla/Mozilla_OCD_IP.yaml (md5 a3f0fcb0f3a069ccf0bd8c58ad840a8b)
[2025-09-13 06:33:56] 处理 list 文件：./Mojitianqi/Mojitianqi.list
[2025-09-13 06:33:56] 下载并规范化 payload -> ./Mojitianqi/Mojitianqi_OCD_Domain.yaml (md5 48395e3e71d1ec6a4fd4a0fb1f1e21f0)
[2025-09-13 06:33:56] 下载并规范化 payload -> ./Mojitianqi/Mojitianqi_OCD_IP.yaml (md5 a3f0fcb0f3a069ccf0bd8c58ad840a8b)
[2025-09-13 06:33:56] 处理 list 文件：./Atlassian/Atlassian.list
[2025-09-13 06:33:56] 下载并规范化 payload -> ./Atlassian/Atlassian_OCD_Domain.yaml (md5 0f5984d7f492bd477c0675aea9caaeea)
[2025-09-13 06:33:56] 下载并规范化 payload -> ./Atlassian/Atlassian_OCD_IP.yaml (md5 a3f0fcb0f3a069ccf0bd8c58ad840a8b)
[2025-09-13 06:33:56] 结束阶段：.list -> .yaml/.txt
[2025-09-13 06:33:56] 检测到 /usr/bin/mihomo 可执行文件：/usr/bin/mihomo
[2025-09-13 06:33:56] 阶段：yaml -> mrs（优先 YAML）
[2025-09-13 06:33:56] 开始转换：./DingTalk/DingTalk_OCD_IP.yaml -> ./DingTalk/DingTalk_OCD_IP.mrs （临时 ./DingTalk/DingTalk_OCD_IP.mrs.tmp），之前 md5=3ae941e2c1937537ba5a07c4ac01521a
[2025-09-13 06:33:56] ℹ️ 转换结果与现有 .mrs 相同，未更新：./DingTalk/DingTalk_OCD_IP.mrs (md5 3ae941e2c1937537ba5a07c4ac01521a)
[2025-09-13 06:33:56] 转换无变化，已删除 per-log：./DingTalk/DingTalk_OCD_IP.mrs.log
[2025-09-13 06:33:56] 开始转换：./DingTalk/DingTalk_OCD_Domain.yaml -> ./DingTalk/DingTalk_OCD_Domain.mrs （临时 ./DingTalk/DingTalk_OCD_Domain.mrs.tmp），之前 md5=348c0d86dff991be76cca69b9c2c30a4
[2025-09-13 06:33:56] ℹ️ 转换结果与现有 .mrs 相同，未更新：./DingTalk/DingTalk_OCD_Domain.mrs (md5 348c0d86dff991be76cca69b9c2c30a4)
[2025-09-13 06:33:56] 转换无变化，已删除 per-log：./DingTalk/DingTalk_OCD_Domain.mrs.log
[2025-09-13 06:33:56] 开始转换：./WoLai/WoLai_OCD_Domain.yaml -> ./WoLai/WoLai_OCD_Domain.mrs （临时 ./WoLai/WoLai_OCD_Domain.mrs.tmp），之前 md5=530009e71e4b8a56fea7483b6a8bcb42
[2025-09-13 06:33:56] ℹ️ 转换结果与现有 .mrs 相同，未更新：./WoLai/WoLai_OCD_Domain.mrs (md5 530009e71e4b8a56fea7483b6a8bcb42)
[2025-09-13 06:33:56] 转换无变化，已删除 per-log：./WoLai/WoLai_OCD_Domain.mrs.log
[2025-09-13 06:33:56] 开始转换：./WoLai/WoLai_OCD_IP.yaml -> ./WoLai/WoLai_OCD_IP.mrs （临时 ./WoLai/WoLai_OCD_IP.mrs.tmp），之前 md5=3ae941e2c1937537ba5a07c4ac01521a
[2025-09-13 06:33:56] ℹ️ 转换结果与现有 .mrs 相同，未更新：./WoLai/WoLai_OCD_IP.mrs (md5 3ae941e2c1937537ba5a07c4ac01521a)
[2025-09-13 06:33:56] 转换无变化，已删除 per-log：./WoLai/WoLai_OCD_IP.mrs.log
[2025-09-13 06:33:56] 开始转换：./Sina/Sina_OCD_Domain.yaml -> ./Sina/Sina_OCD_Domain.mrs （临时 ./Sina/Sina_OCD_Domain.mrs.tmp），之前 md5=324f2233723c90012c5d031d4d933e2a
[2025-09-13 06:33:56] ℹ️ 转换结果与现有 .mrs 相同，未更新：./Sina/Sina_OCD_Domain.mrs (md5 324f2233723c90012c5d031d4d933e2a)
[2025-09-13 06:33:56] 转换无变化，已删除 per-log：./Sina/Sina_OCD_Domain.mrs.log
[2025-09-13 06:33:56] 开始转换：./Sina/Sina_OCD_IP.yaml -> ./Sina/Sina_OCD_IP.mrs （临时 ./Sina/Sina_OCD_IP.mrs.tmp），之前 md5=3ae941e2c1937537ba5a07c4ac01521a
[2025-09-13 06:33:57] ℹ️ 转换结果与现有 .mrs 相同，未更新：./Sina/Sina_OCD_IP.mrs (md5 3ae941e2c1937537ba5a07c4ac01521a)
[2025-09-13 06:33:57] 转换无变化，已删除 per-log：./Sina/Sina_OCD_IP.mrs.log
[2025-09-13 06:33:57] 开始转换：./LinkedIn/LinkedIn_OCD_IP.yaml -> ./LinkedIn/LinkedIn_OCD_IP.mrs （临时 ./LinkedIn/LinkedIn_OCD_IP.mrs.tmp），之前 md5=3ae941e2c1937537ba5a07c4ac01521a
[2025-09-13 06:33:57] ℹ️ 转换结果与现有 .mrs 相同，未更新：./LinkedIn/LinkedIn_OCD_IP.mrs (md5 3ae941e2c1937537ba5a07c4ac01521a)
[2025-09-13 06:33:57] 转换无变化，已删除 per-log：./LinkedIn/LinkedIn_OCD_IP.mrs.log
[2025-09-13 06:33:57] 开始转换：./LinkedIn/LinkedIn_OCD_Domain.yaml -> ./LinkedIn/LinkedIn_OCD_Domain.mrs （临时 ./LinkedIn/LinkedIn_OCD_Domain.mrs.tmp），之前 md5=25aafa64ca7a54825ae2a28c63105353
[2025-09-13 06:33:57] ℹ️ 转换结果与现有 .mrs 相同，未更新：./LinkedIn/LinkedIn_OCD_Domain.mrs (md5 25aafa64ca7a54825ae2a28c63105353)
[2025-09-13 06:33:57] 转换无变化，已删除 per-log：./LinkedIn/LinkedIn_OCD_Domain.mrs.log
[2025-09-13 06:33:57] 开始转换：./PotatoChat/PotatoChat_OCD_IP.yaml -> ./PotatoChat/PotatoChat_OCD_IP.mrs （临时 ./PotatoChat/PotatoChat_OCD_IP.mrs.tmp），之前 md5=a15abbc0a494dd3a6da61f615b0f52e4
[2025-09-13 06:33:57] ℹ️ 转换结果与现有 .mrs 相同，未更新：./PotatoChat/PotatoChat_OCD_IP.mrs (md5 a15abbc0a494dd3a6da61f615b0f52e4)
[2025-09-13 06:33:57] 转换无变化，已删除 per-log：./PotatoChat/PotatoChat_OCD_IP.mrs.log
[2025-09-13 06:33:57] 开始转换：./PotatoChat/PotatoChat_OCD_Domain.yaml -> ./PotatoChat/PotatoChat_OCD_Domain.mrs （临时 ./PotatoChat/PotatoChat_OCD_Domain.mrs.tmp），之前 md5=3b09ff0bd0293a12f4ddcfe99bd4d7b8
[2025-09-13 06:33:57] ✅ 转换并更新：./PotatoChat/PotatoChat_OCD_Domain.mrs （3b09ff0bd0293a12f4ddcfe99bd4d7b8 -> 017e43f277341d38bb8ae871a3770262）
[2025-09-13 06:33:57] 已删除成功转换产生的日志文件：./PotatoChat/PotatoChat_OCD_Domain.mrs.log
[2025-09-13 06:33:57] 开始转换：./HBOUSA/HBOUSA_OCD_IP.yaml -> ./HBOUSA/HBOUSA_OCD_IP.mrs （临时 ./HBOUSA/HBOUSA_OCD_IP.mrs.tmp），之前 md5=3ae941e2c1937537ba5a07c4ac01521a
[2025-09-13 06:33:57] ℹ️ 转换结果与现有 .mrs 相同，未更新：./HBOUSA/HBOUSA_OCD_IP.mrs (md5 3ae941e2c1937537ba5a07c4ac01521a)
[2025-09-13 06:33:57] 转换无变化，已删除 per-log：./HBOUSA/HBOUSA_OCD_IP.mrs.log
[2025-09-13 06:33:57] 开始转换：./HBOUSA/HBOUSA_OCD_Domain.yaml -> ./HBOUSA/HBOUSA_OCD_Domain.mrs （临时 ./HBOUSA/HBOUSA_OCD_Domain.mrs.tmp），之前 md5=bd434655ad12ac3d538b6fb74fbae2c8
[2025-09-13 06:33:57] ℹ️ 转换结果与现有 .mrs 相同，未更新：./HBOUSA/HBOUSA_OCD_Domain.mrs (md5 bd434655ad12ac3d538b6fb74fbae2c8)
[2025-09-13 06:33:57] 转换无变化，已删除 per-log：./HBOUSA/HBOUSA_OCD_Domain.mrs.log
[2025-09-13 06:33:57] 开始转换：./Rakuten/Rakuten_OCD_Domain.yaml -> ./Rakuten/Rakuten_OCD_Domain.mrs （临时 ./Rakuten/Rakuten_OCD_Domain.mrs.tmp），之前 md5=16ed75f80af0ff4013ef412117cc5b8d
[2025-09-13 06:33:57] ℹ️ 转换结果与现有 .mrs 相同，未更新：./Rakuten/Rakuten_OCD_Domain.mrs (md5 16ed75f80af0ff4013ef412117cc5b8d)
[2025-09-13 06:33:57] 转换无变化，已删除 per-log：./Rakuten/Rakuten_OCD_Domain.mrs.log
[2025-09-13 06:33:57] 开始转换：./Rakuten/Rakuten_OCD_IP.yaml -> ./Rakuten/Rakuten_OCD_IP.mrs （临时 ./Rakuten/Rakuten_OCD_IP.mrs.tmp），之前 md5=3ae941e2c1937537ba5a07c4ac01521a
[2025-09-13 06:33:57] ℹ️ 转换结果与现有 .mrs 相同，未更新：./Rakuten/Rakuten_OCD_IP.mrs (md5 3ae941e2c1937537ba5a07c4ac01521a)
[2025-09-13 06:33:57] 转换无变化，已删除 per-log：./Rakuten/Rakuten_OCD_IP.mrs.log
[2025-09-13 06:33:57] 开始转换：./6JianFang/6JianFang_OCD_Domain.yaml -> ./6JianFang/6JianFang_OCD_Domain.mrs （临时 ./6JianFang/6JianFang_OCD_Domain.mrs.tmp），之前 md5=2cbef4fc0e4e110dbb99de068ee36b36
[2025-09-13 06:33:57] ℹ️ 转换结果与现有 .mrs 相同，未更新：./6JianFang/6JianFang_OCD_Domain.mrs (md5 2cbef4fc0e4e110dbb99de068ee36b36)
[2025-09-13 06:33:57] 转换无变化，已删除 per-log：./6JianFang/6JianFang_OCD_Domain.mrs.log
[2025-09-13 06:33:57] 开始转换：./6JianFang/6JianFang_OCD_IP.yaml -> ./6JianFang/6JianFang_OCD_IP.mrs （临时 ./6JianFang/6JianFang_OCD_IP.mrs.tmp），之前 md5=3ae941e2c1937537ba5a07c4ac01521a
[2025-09-13 06:33:57] ℹ️ 转换结果与现有 .mrs 相同，未更新：./6JianFang/6JianFang_OCD_IP.mrs (md5 3ae941e2c1937537ba5a07c4ac01521a)
[2025-09-13 06:33:57] 转换无变化，已删除 per-log：./6JianFang/6JianFang_OCD_IP.mrs.log
[2025-09-13 06:33:57] 开始转换：./Bestbuy/Bestbuy_OCD_Domain.yaml -> ./Bestbuy/Bestbuy_OCD_Domain.mrs （临时 ./Bestbuy/Bestbuy_OCD_Domain.mrs.tmp），之前 md5=cf6d495e4dddb8cf1ff41a29b493c4c1
[2025-09-13 06:33:57] ℹ️ 转换结果与现有 .mrs 相同，未更新：./Bestbuy/Bestbuy_OCD_Domain.mrs (md5 cf6d495e4dddb8cf1ff41a29b493c4c1)
[2025-09-13 06:33:57] 转换无变化，已删除 per-log：./Bestbuy/Bestbuy_OCD_Domain.mrs.log
[2025-09-13 06:33:57] 开始转换：./Bestbuy/Bestbuy_OCD_IP.yaml -> ./Bestbuy/Bestbuy_OCD_IP.mrs （临时 ./Bestbuy/Bestbuy_OCD_IP.mrs.tmp），之前 md5=3ae941e2c1937537ba5a07c4ac01521a
[2025-09-13 06:33:57] ℹ️ 转换结果与现有 .mrs 相同，未更新：./Bestbuy/Bestbuy_OCD_IP.mrs (md5 3ae941e2c1937537ba5a07c4ac01521a)
[2025-09-13 06:33:57] 转换无变化，已删除 per-log：./Bestbuy/Bestbuy_OCD_IP.mrs.log
[2025-09-13 06:33:57] 开始转换：./PChomeTW/PChomeTW_OCD_Domain.yaml -> ./PChomeTW/PChomeTW_OCD_Domain.mrs （临时 ./PChomeTW/PChomeTW_OCD_Domain.mrs.tmp），之前 md5=48e78678d74be1c421290e8b8bbeeccd
[2025-09-13 06:33:57] ℹ️ 转换结果与现有 .mrs 相同，未更新：./PChomeTW/PChomeTW_OCD_Domain.mrs (md5 48e78678d74be1c421290e8b8bbeeccd)
[2025-09-13 06:33:57] 转换无变化，已删除 per-log：./PChomeTW/PChomeTW_OCD_Domain.mrs.log
[2025-09-13 06:33:57] 开始转换：./PChomeTW/PChomeTW_OCD_IP.yaml -> ./PChomeTW/PChomeTW_OCD_IP.mrs （临时 ./PChomeTW/PChomeTW_OCD_IP.mrs.tmp），之前 md5=3ae941e2c1937537ba5a07c4ac01521a
[2025-09-13 06:33:57] ℹ️ 转换结果与现有 .mrs 相同，未更新：./PChomeTW/PChomeTW_OCD_IP.mrs (md5 3ae941e2c1937537ba5a07c4ac01521a)
[2025-09-13 06:33:57] 转换无变化，已删除 per-log：./PChomeTW/PChomeTW_OCD_IP.mrs.log
[2025-09-13 06:33:57] 开始转换：./Facebook/Facebook_OCD_IP.yaml -> ./Facebook/Facebook_OCD_IP.mrs （临时 ./Facebook/Facebook_OCD_IP.mrs.tmp），之前 md5=7ab9cd31ba6e5ef1b076215d65242875
[2025-09-13 06:33:57] ℹ️ 转换结果与现有 .mrs 相同，未更新：./Facebook/Facebook_OCD_IP.mrs (md5 7ab9cd31ba6e5ef1b076215d65242875)
[2025-09-13 06:33:57] 转换无变化，已删除 per-log：./Facebook/Facebook_OCD_IP.mrs.log
[2025-09-13 06:33:57] 开始转换：./Facebook/Facebook_OCD_Domain.yaml -> ./Facebook/Facebook_OCD_Domain.mrs （临时 ./Facebook/Facebook_OCD_Domain.mrs.tmp），之前 md5=9b7e66571e52d80ced3154deaef76200
[2025-09-13 06:33:57] ℹ️ 转换结果与现有 .mrs 相同，未更新：./Facebook/Facebook_OCD_Domain.mrs (md5 9b7e66571e52d80ced3154deaef76200)
[2025-09-13 06:33:57] 转换无变化，已删除 per-log：./Facebook/Facebook_OCD_Domain.mrs.log
[2025-09-13 06:33:57] 开始转换：./LanZouYun/LanZouYun_OCD_IP.yaml -> ./LanZouYun/LanZouYun_OCD_IP.mrs （临时 ./LanZouYun/LanZouYun_OCD_IP.mrs.tmp），之前 md5=3ae941e2c1937537ba5a07c4ac01521a
[2025-09-13 06:33:57] ℹ️ 转换结果与现有 .mrs 相同，未更新：./LanZouYun/LanZouYun_OCD_IP.mrs (md5 3ae941e2c1937537ba5a07c4ac01521a)
[2025-09-13 06:33:57] 转换无变化，已删除 per-log：./LanZouYun/LanZouYun_OCD_IP.mrs.log
[2025-09-13 06:33:57] 开始转换：./LanZouYun/LanZouYun_OCD_Domain.yaml -> ./LanZouYun/LanZouYun_OCD_Domain.mrs （临时 ./LanZouYun/LanZouYun_OCD_Domain.mrs.tmp），之前 md5=7531721f761c9fd49f1ffc004f29ceb4
[2025-09-13 06:33:57] ℹ️ 转换结果与现有 .mrs 相同，未更新：./LanZouYun/LanZouYun_OCD_Domain.mrs (md5 7531721f761c9fd49f1ffc004f29ceb4)
[2025-09-13 06:33:57] 转换无变化，已删除 per-log：./LanZouYun/LanZouYun_OCD_Domain.mrs.log
[2025-09-13 06:33:57] 开始转换：./Tmdb/Tmdb_OCD_IP.yaml -> ./Tmdb/Tmdb_OCD_IP.mrs （临时 ./Tmdb/Tmdb_OCD_IP.mrs.tmp），之前 md5=3ae941e2c1937537ba5a07c4ac01521a
[2025-09-13 06:33:57] ℹ️ 转换结果与现有 .mrs 相同，未更新：./Tmdb/Tmdb_OCD_IP.mrs (md5 3ae941e2c1937537ba5a07c4ac01521a)
[2025-09-13 06:33:57] 转换无变化，已删除 per-log：./Tmdb/Tmdb_OCD_IP.mrs.log
[2025-09-13 06:33:57] 开始转换：./Tmdb/Tmdb_OCD_Domain.yaml -> ./Tmdb/Tmdb_OCD_Domain.mrs （临时 ./Tmdb/Tmdb_OCD_Domain.mrs.tmp），之前 md5=1cb60871c7ddb97a2c915ec3442c44aa
[2025-09-13 06:33:57] ℹ️ 转换结果与现有 .mrs 相同，未更新：./Tmdb/Tmdb_OCD_Domain.mrs (md5 1cb60871c7ddb97a2c915ec3442c44aa)
[2025-09-13 06:33:57] 转换无变化，已删除 per-log：./Tmdb/Tmdb_OCD_Domain.mrs.log
[2025-09-13 06:33:57] 开始转换：./DouBan/DouBan_OCD_Domain.yaml -> ./DouBan/DouBan_OCD_Domain.mrs （临时 ./DouBan/DouBan_OCD_Domain.mrs.tmp），之前 md5=ebd7ad6e4904f693ba21fa46c2a33d1b
[2025-09-13 06:33:57] ℹ️ 转换结果与现有 .mrs 相同，未更新：./DouBan/DouBan_OCD_Domain.mrs (md5 ebd7ad6e4904f693ba21fa46c2a33d1b)
[2025-09-13 06:33:57] 转换无变化，已删除 per-log：./DouBan/DouBan_OCD_Domain.mrs.log
[2025-09-13 06:33:57] 开始转换：./DouBan/DouBan_OCD_IP.yaml -> ./DouBan/DouBan_OCD_IP.mrs （临时 ./DouBan/DouBan_OCD_IP.mrs.tmp），之前 md5=3ae941e2c1937537ba5a07c4ac01521a
[2025-09-13 06:33:57] ℹ️ 转换结果与现有 .mrs 相同，未更新：./DouBan/DouBan_OCD_IP.mrs (md5 3ae941e2c1937537ba5a07c4ac01521a)
[2025-09-13 06:33:57] 转换无变化，已删除 per-log：./DouBan/DouBan_OCD_IP.mrs.log
[2025-09-13 06:33:57] 开始转换：./Civitai/Civitai_OCD_Domain.yaml -> ./Civitai/Civitai_OCD_Domain.mrs （临时 ./Civitai/Civitai_OCD_Domain.mrs.tmp），之前 md5=a3adde83749d434994f6e4af2b127509
[2025-09-13 06:33:57] ℹ️ 转换结果与现有 .mrs 相同，未更新：./Civitai/Civitai_OCD_Domain.mrs (md5 a3adde83749d434994f6e4af2b127509)
[2025-09-13 06:33:57] 转换无变化，已删除 per-log：./Civitai/Civitai_OCD_Domain.mrs.log
[2025-09-13 06:33:57] 开始转换：./Civitai/Civitai_OCD_IP.yaml -> ./Civitai/Civitai_OCD_IP.mrs （临时 ./Civitai/Civitai_OCD_IP.mrs.tmp），之前 md5=3ae941e2c1937537ba5a07c4ac01521a
[2025-09-13 06:33:57] ℹ️ 转换结果与现有 .mrs 相同，未更新：./Civitai/Civitai_OCD_IP.mrs (md5 3ae941e2c1937537ba5a07c4ac01521a)
[2025-09-13 06:33:57] 转换无变化，已删除 per-log：./Civitai/Civitai_OCD_IP.mrs.log
[2025-09-13 06:33:57] 开始转换：./GovCN/GovCN_OCD_IP.yaml -> ./GovCN/GovCN_OCD_IP.mrs （临时 ./GovCN/GovCN_OCD_IP.mrs.tmp），之前 md5=3ae941e2c1937537ba5a07c4ac01521a
[2025-09-13 06:33:57] ℹ️ 转换结果与现有 .mrs 相同，未更新：./GovCN/GovCN_OCD_IP.mrs (md5 3ae941e2c1937537ba5a07c4ac01521a)
[2025-09-13 06:33:57] 转换无变化，已删除 per-log：./GovCN/GovCN_OCD_IP.mrs.log
[2025-09-13 06:33:57] 开始转换：./GovCN/GovCN_OCD_Domain.yaml -> ./GovCN/GovCN_OCD_Domain.mrs （临时 ./GovCN/GovCN_OCD_Domain.mrs.tmp），之前 md5=ad9c2d845ff12f9426a8935e274347ca
[2025-09-13 06:33:57] ℹ️ 转换结果与现有 .mrs 相同，未更新：./GovCN/GovCN_OCD_Domain.mrs (md5 ad9c2d845ff12f9426a8935e274347ca)
[2025-09-13 06:33:57] 转换无变化，已删除 per-log：./GovCN/GovCN_OCD_Domain.mrs.log
[2025-09-13 06:33:57] 开始转换：./Overwatch/Overwatch_OCD_Domain.yaml -> ./Overwatch/Overwatch_OCD_Domain.mrs （临时 ./Overwatch/Overwatch_OCD_Domain.mrs.tmp），之前 md5=3b09ff0bd0293a12f4ddcfe99bd4d7b8
[2025-09-13 06:33:57] ✅ 转换并更新：./Overwatch/Overwatch_OCD_Domain.mrs （3b09ff0bd0293a12f4ddcfe99bd4d7b8 -> 017e43f277341d38bb8ae871a3770262）
[2025-09-13 06:33:57] 已删除成功转换产生的日志文件：./Overwatch/Overwatch_OCD_Domain.mrs.log
[2025-09-13 06:33:57] 开始转换：./Overwatch/Overwatch_OCD_IP.yaml -> ./Overwatch/Overwatch_OCD_IP.mrs （临时 ./Overwatch/Overwatch_OCD_IP.mrs.tmp），之前 md5=7b5f6d07bbe18d3d2a508965bc77b4c5
[2025-09-13 06:33:57] ℹ️ 转换结果与现有 .mrs 相同，未更新：./Overwatch/Overwatch_OCD_IP.mrs (md5 7b5f6d07bbe18d3d2a508965bc77b4c5)
[2025-09-13 06:33:57] 转换无变化，已删除 per-log：./Overwatch/Overwatch_OCD_IP.mrs.log
[2025-09-13 06:33:57] 开始转换：./Qobuz/Qobuz_OCD_Domain.yaml -> ./Qobuz/Qobuz_OCD_Domain.mrs （临时 ./Qobuz/Qobuz_OCD_Domain.mrs.tmp），之前 md5=8946437dac8e3de924d5dcb734c9d4d8
[2025-09-13 06:33:57] ℹ️ 转换结果与现有 .mrs 相同，未更新：./Qobuz/Qobuz_OCD_Domain.mrs (md5 8946437dac8e3de924d5dcb734c9d4d8)
[2025-09-13 06:33:57] 转换无变化，已删除 per-log：./Qobuz/Qobuz_OCD_Domain.mrs.log
[2025-09-13 06:33:57] 开始转换：./Qobuz/Qobuz_OCD_IP.yaml -> ./Qobuz/Qobuz_OCD_IP.mrs （临时 ./Qobuz/Qobuz_OCD_IP.mrs.tmp），之前 md5=9dfd1b2512c336169f2176c3baf2ee5b
[2025-09-13 06:33:57] ℹ️ 转换结果与现有 .mrs 相同，未更新：./Qobuz/Qobuz_OCD_IP.mrs (md5 9dfd1b2512c336169f2176c3baf2ee5b)
[2025-09-13 06:33:57] 转换无变化，已删除 per-log：./Qobuz/Qobuz_OCD_IP.mrs.log
[2025-09-13 06:33:57] 开始转换：./FuboTV/FuboTV_OCD_IP.yaml -> ./FuboTV/FuboTV_OCD_IP.mrs （临时 ./FuboTV/FuboTV_OCD_IP.mrs.tmp），之前 md5=3ae941e2c1937537ba5a07c4ac01521a
[2025-09-13 06:33:57] ℹ️ 转换结果与现有 .mrs 相同，未更新：./FuboTV/FuboTV_OCD_IP.mrs (md5 3ae941e2c1937537ba5a07c4ac01521a)
[2025-09-13 06:33:57] 转换无变化，已删除 per-log：./FuboTV/FuboTV_OCD_IP.mrs.log
[2025-09-13 06:33:57] 开始转换：./FuboTV/FuboTV_OCD_Domain.yaml -> ./FuboTV/FuboTV_OCD_Domain.mrs （临时 ./FuboTV/FuboTV_OCD_Domain.mrs.tmp），之前 md5=db96580afa0ca8ac6c54eb988ad7888d
[2025-09-13 06:33:57] ℹ️ 转换结果与现有 .mrs 相同，未更新：./FuboTV/FuboTV_OCD_Domain.mrs (md5 db96580afa0ca8ac6c54eb988ad7888d)
[2025-09-13 06:33:57] 转换无变化，已删除 per-log：./FuboTV/FuboTV_OCD_Domain.mrs.log
[2025-09-13 06:33:57] 开始转换：./Shopify/Shopify_OCD_Domain.yaml -> ./Shopify/Shopify_OCD_Domain.mrs （临时 ./Shopify/Shopify_OCD_Domain.mrs.tmp），之前 md5=b67c01bdc5748e5718cd8ab7058b3337
[2025-09-13 06:33:57] ℹ️ 转换结果与现有 .mrs 相同，未更新：./Shopify/Shopify_OCD_Domain.mrs (md5 b67c01bdc5748e5718cd8ab7058b3337)
[2025-09-13 06:33:57] 转换无变化，已删除 per-log：./Shopify/Shopify_OCD_Domain.mrs.log
[2025-09-13 06:33:57] 开始转换：./Shopify/Shopify_OCD_IP.yaml -> ./Shopify/Shopify_OCD_IP.mrs （临时 ./Shopify/Shopify_OCD_IP.mrs.tmp），之前 md5=3ae941e2c1937537ba5a07c4ac01521a
[2025-09-13 06:33:57] ℹ️ 转换结果与现有 .mrs 相同，未更新：./Shopify/Shopify_OCD_IP.mrs (md5 3ae941e2c1937537ba5a07c4ac01521a)
[2025-09-13 06:33:57] 转换无变化，已删除 per-log：./Shopify/Shopify_OCD_IP.mrs.log
[2025-09-13 06:33:57] 开始转换：./Cloudflarecn/Cloudflarecn_OCD_Domain.yaml -> ./Cloudflarecn/Cloudflarecn_OCD_Domain.mrs （临时 ./Cloudflarecn/Cloudflarecn_OCD_Domain.mrs.tmp），之前 md5=43264b39e3b60a8cc16c0e0cb59dc7ae
[2025-09-13 06:33:57] ℹ️ 转换结果与现有 .mrs 相同，未更新：./Cloudflarecn/Cloudflarecn_OCD_Domain.mrs (md5 43264b39e3b60a8cc16c0e0cb59dc7ae)
[2025-09-13 06:33:58] 转换无变化，已删除 per-log：./Cloudflarecn/Cloudflarecn_OCD_Domain.mrs.log
[2025-09-13 06:33:58] 开始转换：./Cloudflarecn/Cloudflarecn_OCD_IP.yaml -> ./Cloudflarecn/Cloudflarecn_OCD_IP.mrs （临时 ./Cloudflarecn/Cloudflarecn_OCD_IP.mrs.tmp），之前 md5=3ae941e2c1937537ba5a07c4ac01521a
[2025-09-13 06:33:58] ℹ️ 转换结果与现有 .mrs 相同，未更新：./Cloudflarecn/Cloudflarecn_OCD_IP.mrs (md5 3ae941e2c1937537ba5a07c4ac01521a)
[2025-09-13 06:33:58] 转换无变化，已删除 per-log：./Cloudflarecn/Cloudflarecn_OCD_IP.mrs.log
[2025-09-13 06:33:58] 开始转换：./Douyu/Douyu_OCD_Domain.yaml -> ./Douyu/Douyu_OCD_Domain.mrs （临时 ./Douyu/Douyu_OCD_Domain.mrs.tmp），之前 md5=9e1f60a2527cbb0a62a2f6888469822d
[2025-09-13 06:33:58] ℹ️ 转换结果与现有 .mrs 相同，未更新：./Douyu/Douyu_OCD_Domain.mrs (md5 9e1f60a2527cbb0a62a2f6888469822d)
[2025-09-13 06:33:58] 转换无变化，已删除 per-log：./Douyu/Douyu_OCD_Domain.mrs.log
[2025-09-13 06:33:58] 开始转换：./Douyu/Douyu_OCD_IP.yaml -> ./Douyu/Douyu_OCD_IP.mrs （临时 ./Douyu/Douyu_OCD_IP.mrs.tmp），之前 md5=3ae941e2c1937537ba5a07c4ac01521a
[2025-09-13 06:33:58] ℹ️ 转换结果与现有 .mrs 相同，未更新：./Douyu/Douyu_OCD_IP.mrs (md5 3ae941e2c1937537ba5a07c4ac01521a)
[2025-09-13 06:33:58] 转换无变化，已删除 per-log：./Douyu/Douyu_OCD_IP.mrs.log
[2025-09-13 06:33:58] 开始转换：./HuaShuTV/HuaShuTV_OCD_Domain.yaml -> ./HuaShuTV/HuaShuTV_OCD_Domain.mrs （临时 ./HuaShuTV/HuaShuTV_OCD_Domain.mrs.tmp），之前 md5=d5153714bfb610639766398c7a584108
[2025-09-13 06:33:58] ℹ️ 转换结果与现有 .mrs 相同，未更新：./HuaShuTV/HuaShuTV_OCD_Domain.mrs (md5 d5153714bfb610639766398c7a584108)
[2025-09-13 06:33:58] 转换无变化，已删除 per-log：./HuaShuTV/HuaShuTV_OCD_Domain.mrs.log
[2025-09-13 06:33:58] 开始转换：./HuaShuTV/HuaShuTV_OCD_IP.yaml -> ./HuaShuTV/HuaShuTV_OCD_IP.mrs （临时 ./HuaShuTV/HuaShuTV_OCD_IP.mrs.tmp），之前 md5=3ae941e2c1937537ba5a07c4ac01521a
[2025-09-13 06:33:58] ℹ️ 转换结果与现有 .mrs 相同，未更新：./HuaShuTV/HuaShuTV_OCD_IP.mrs (md5 3ae941e2c1937537ba5a07c4ac01521a)
[2025-09-13 06:33:58] 转换无变化，已删除 per-log：./HuaShuTV/HuaShuTV_OCD_IP.mrs.log
[2025-09-13 06:33:58] 开始转换：./Battle/Battle_OCD_Domain.yaml -> ./Battle/Battle_OCD_Domain.mrs （临时 ./Battle/Battle_OCD_Domain.mrs.tmp），之前 md5=54ac5d9208a51f3f3725eaa08773b2a3
[2025-09-13 06:33:58] ℹ️ 转换结果与现有 .mrs 相同，未更新：./Battle/Battle_OCD_Domain.mrs (md5 54ac5d9208a51f3f3725eaa08773b2a3)
[2025-09-13 06:33:58] 转换无变化，已删除 per-log：./Battle/Battle_OCD_Domain.mrs.log
[2025-09-13 06:33:58] 开始转换：./Battle/Battle_OCD_IP.yaml -> ./Battle/Battle_OCD_IP.mrs （临时 ./Battle/Battle_OCD_IP.mrs.tmp），之前 md5=3ae941e2c1937537ba5a07c4ac01521a
[2025-09-13 06:33:58] ℹ️ 转换结果与现有 .mrs 相同，未更新：./Battle/Battle_OCD_IP.mrs (md5 3ae941e2c1937537ba5a07c4ac01521a)
[2025-09-13 06:33:58] 转换无变化，已删除 per-log：./Battle/Battle_OCD_IP.mrs.log
[2025-09-13 06:33:58] 开始转换：./Akamai/Akamai_OCD_Domain.yaml -> ./Akamai/Akamai_OCD_Domain.mrs （临时 ./Akamai/Akamai_OCD_Domain.mrs.tmp），之前 md5=7f64515059800eed96bd81ef52b2ff9e
[2025-09-13 06:33:58] ℹ️ 转换结果与现有 .mrs 相同，未更新：./Akamai/Akamai_OCD_Domain.mrs (md5 7f64515059800eed96bd81ef52b2ff9e)
[2025-09-13 06:33:58] 转换无变化，已删除 per-log：./Akamai/Akamai_OCD_Domain.mrs.log
[2025-09-13 06:33:58] 开始转换：./Akamai/Akamai_OCD_IP.yaml -> ./Akamai/Akamai_OCD_IP.mrs （临时 ./Akamai/Akamai_OCD_IP.mrs.tmp），之前 md5=3ae941e2c1937537ba5a07c4ac01521a
[2025-09-13 06:33:58] ℹ️ 转换结果与现有 .mrs 相同，未更新：./Akamai/Akamai_OCD_IP.mrs (md5 3ae941e2c1937537ba5a07c4ac01521a)
[2025-09-13 06:33:58] 转换无变化，已删除 per-log：./Akamai/Akamai_OCD_IP.mrs.log
[2025-09-13 06:33:58] 开始转换：./Nvidia/Nvidia_OCD_IP.yaml -> ./Nvidia/Nvidia_OCD_IP.mrs （临时 ./Nvidia/Nvidia_OCD_IP.mrs.tmp），之前 md5=3ae941e2c1937537ba5a07c4ac01521a
[2025-09-13 06:33:58] ℹ️ 转换结果与现有 .mrs 相同，未更新：./Nvidia/Nvidia_OCD_IP.mrs (md5 3ae941e2c1937537ba5a07c4ac01521a)
[2025-09-13 06:33:58] 转换无变化，已删除 per-log：./Nvidia/Nvidia_OCD_IP.mrs.log
[2025-09-13 06:33:58] 开始转换：./Nvidia/Nvidia_OCD_Domain.yaml -> ./Nvidia/Nvidia_OCD_Domain.mrs （临时 ./Nvidia/Nvidia_OCD_Domain.mrs.tmp），之前 md5=54c351abac9507750f25b27e2587b5f7
[2025-09-13 06:33:58] ℹ️ 转换结果与现有 .mrs 相同，未更新：./Nvidia/Nvidia_OCD_Domain.mrs (md5 54c351abac9507750f25b27e2587b5f7)
[2025-09-13 06:33:58] 转换无变化，已删除 per-log：./Nvidia/Nvidia_OCD_Domain.mrs.log
[2025-09-13 06:33:58] 开始转换：./Zalo/Zalo_OCD_Domain.yaml -> ./Zalo/Zalo_OCD_Domain.mrs （临时 ./Zalo/Zalo_OCD_Domain.mrs.tmp），之前 md5=607819f7c8e98654d801c79ba8acbaf8
[2025-09-13 06:33:58] ℹ️ 转换结果与现有 .mrs 相同，未更新：./Zalo/Zalo_OCD_Domain.mrs (md5 607819f7c8e98654d801c79ba8acbaf8)
[2025-09-13 06:33:58] 转换无变化，已删除 per-log：./Zalo/Zalo_OCD_Domain.mrs.log
[2025-09-13 06:33:58] 开始转换：./Zalo/Zalo_OCD_IP.yaml -> ./Zalo/Zalo_OCD_IP.mrs （临时 ./Zalo/Zalo_OCD_IP.mrs.tmp），之前 md5=3ae941e2c1937537ba5a07c4ac01521a
[2025-09-13 06:33:58] ℹ️ 转换结果与现有 .mrs 相同，未更新：./Zalo/Zalo_OCD_IP.mrs (md5 3ae941e2c1937537ba5a07c4ac01521a)
[2025-09-13 06:33:58] 转换无变化，已删除 per-log：./Zalo/Zalo_OCD_IP.mrs.log
[2025-09-13 06:33:58] 开始转换：./SuNing/SuNing_OCD_IP.yaml -> ./SuNing/SuNing_OCD_IP.mrs （临时 ./SuNing/SuNing_OCD_IP.mrs.tmp），之前 md5=3ae941e2c1937537ba5a07c4ac01521a
[2025-09-13 06:33:58] ℹ️ 转换结果与现有 .mrs 相同，未更新：./SuNing/SuNing_OCD_IP.mrs (md5 3ae941e2c1937537ba5a07c4ac01521a)
[2025-09-13 06:33:58] 转换无变化，已删除 per-log：./SuNing/SuNing_OCD_IP.mrs.log
[2025-09-13 06:33:58] 开始转换：./SuNing/SuNing_OCD_Domain.yaml -> ./SuNing/SuNing_OCD_Domain.mrs （临时 ./SuNing/SuNing_OCD_Domain.mrs.tmp），之前 md5=9d4a3554537ad5b76ad2a138e564d8bf
[2025-09-13 06:33:58] ℹ️ 转换结果与现有 .mrs 相同，未更新：./SuNing/SuNing_OCD_Domain.mrs (md5 9d4a3554537ad5b76ad2a138e564d8bf)
[2025-09-13 06:33:58] 转换无变化，已删除 per-log：./SuNing/SuNing_OCD_Domain.mrs.log
[2025-09-13 06:33:58] 开始转换：./ZhangYue/ZhangYue_OCD_IP.yaml -> ./ZhangYue/ZhangYue_OCD_IP.mrs （临时 ./ZhangYue/ZhangYue_OCD_IP.mrs.tmp），之前 md5=3ae941e2c1937537ba5a07c4ac01521a
[2025-09-13 06:33:58] ℹ️ 转换结果与现有 .mrs 相同，未更新：./ZhangYue/ZhangYue_OCD_IP.mrs (md5 3ae941e2c1937537ba5a07c4ac01521a)
[2025-09-13 06:33:58] 转换无变化，已删除 per-log：./ZhangYue/ZhangYue_OCD_IP.mrs.log
[2025-09-13 06:33:58] 开始转换：./ZhangYue/ZhangYue_OCD_Domain.yaml -> ./ZhangYue/ZhangYue_OCD_Domain.mrs （临时 ./ZhangYue/ZhangYue_OCD_Domain.mrs.tmp），之前 md5=b707c7e3af09da3175699ee2c7fbb392
[2025-09-13 06:33:58] ℹ️ 转换结果与现有 .mrs 相同，未更新：./ZhangYue/ZhangYue_OCD_Domain.mrs (md5 b707c7e3af09da3175699ee2c7fbb392)
[2025-09-13 06:33:58] 转换无变化，已删除 per-log：./ZhangYue/ZhangYue_OCD_Domain.mrs.log
[2025-09-13 06:33:58] 开始转换：./Dandanplay/Dandanplay_OCD_Domain.yaml -> ./Dandanplay/Dandanplay_OCD_Domain.mrs （临时 ./Dandanplay/Dandanplay_OCD_Domain.mrs.tmp），之前 md5=e9f04fd2aa53303f9d5fe3c0500037fe
[2025-09-13 06:33:58] ℹ️ 转换结果与现有 .mrs 相同，未更新：./Dandanplay/Dandanplay_OCD_Domain.mrs (md5 e9f04fd2aa53303f9d5fe3c0500037fe)
[2025-09-13 06:33:58] 转换无变化，已删除 per-log：./Dandanplay/Dandanplay_OCD_Domain.mrs.log
[2025-09-13 06:33:58] 开始转换：./Dandanplay/Dandanplay_OCD_IP.yaml -> ./Dandanplay/Dandanplay_OCD_IP.mrs （临时 ./Dandanplay/Dandanplay_OCD_IP.mrs.tmp），之前 md5=3ae941e2c1937537ba5a07c4ac01521a
[2025-09-13 06:33:58] ℹ️ 转换结果与现有 .mrs 相同，未更新：./Dandanplay/Dandanplay_OCD_IP.mrs (md5 3ae941e2c1937537ba5a07c4ac01521a)
[2025-09-13 06:33:58] 转换无变化，已删除 per-log：./Dandanplay/Dandanplay_OCD_IP.mrs.log
[2025-09-13 06:33:58] 开始转换：./AmazonTrust/AmazonTrust_OCD_IP.yaml -> ./AmazonTrust/AmazonTrust_OCD_IP.mrs （临时 ./AmazonTrust/AmazonTrust_OCD_IP.mrs.tmp），之前 md5=3ae941e2c1937537ba5a07c4ac01521a
[2025-09-13 06:33:58] ℹ️ 转换结果与现有 .mrs 相同，未更新：./AmazonTrust/AmazonTrust_OCD_IP.mrs (md5 3ae941e2c1937537ba5a07c4ac01521a)
[2025-09-13 06:33:58] 转换无变化，已删除 per-log：./AmazonTrust/AmazonTrust_OCD_IP.mrs.log
[2025-09-13 06:33:58] 开始转换：./AmazonTrust/AmazonTrust_OCD_Domain.yaml -> ./AmazonTrust/AmazonTrust_OCD_Domain.mrs （临时 ./AmazonTrust/AmazonTrust_OCD_Domain.mrs.tmp），之前 md5=b4e42daeed0a952d539ea10cae7d961d
[2025-09-13 06:33:58] ℹ️ 转换结果与现有 .mrs 相同，未更新：./AmazonTrust/AmazonTrust_OCD_Domain.mrs (md5 b4e42daeed0a952d539ea10cae7d961d)
[2025-09-13 06:33:58] 转换无变化，已删除 per-log：./AmazonTrust/AmazonTrust_OCD_Domain.mrs.log
[2025-09-13 06:33:58] 开始转换：./PChome/PChome_OCD_Domain.yaml -> ./PChome/PChome_OCD_Domain.mrs （临时 ./PChome/PChome_OCD_Domain.mrs.tmp），之前 md5=48e78678d74be1c421290e8b8bbeeccd
[2025-09-13 06:33:58] ℹ️ 转换结果与现有 .mrs 相同，未更新：./PChome/PChome_OCD_Domain.mrs (md5 48e78678d74be1c421290e8b8bbeeccd)
[2025-09-13 06:33:58] 转换无变化，已删除 per-log：./PChome/PChome_OCD_Domain.mrs.log
[2025-09-13 06:33:58] 开始转换：./PChome/PChome_OCD_IP.yaml -> ./PChome/PChome_OCD_IP.mrs （临时 ./PChome/PChome_OCD_IP.mrs.tmp），之前 md5=3ae941e2c1937537ba5a07c4ac01521a
[2025-09-13 06:33:58] ℹ️ 转换结果与现有 .mrs 相同，未更新：./PChome/PChome_OCD_IP.mrs (md5 3ae941e2c1937537ba5a07c4ac01521a)
[2025-09-13 06:33:58] 转换无变化，已删除 per-log：./PChome/PChome_OCD_IP.mrs.log
[2025-09-13 06:33:58] 开始转换：./KuaiDi100/KuaiDi100_OCD_Domain.yaml -> ./KuaiDi100/KuaiDi100_OCD_Domain.mrs （临时 ./KuaiDi100/KuaiDi100_OCD_Domain.mrs.tmp），之前 md5=66ecbe7cf6aec5878039e6a1e8fc85d8
[2025-09-13 06:33:58] ℹ️ 转换结果与现有 .mrs 相同，未更新：./KuaiDi100/KuaiDi100_OCD_Domain.mrs (md5 66ecbe7cf6aec5878039e6a1e8fc85d8)
[2025-09-13 06:33:58] 转换无变化，已删除 per-log：./KuaiDi100/KuaiDi100_OCD_Domain.mrs.log
[2025-09-13 06:33:58] 开始转换：./KuaiDi100/KuaiDi100_OCD_IP.yaml -> ./KuaiDi100/KuaiDi100_OCD_IP.mrs （临时 ./KuaiDi100/KuaiDi100_OCD_IP.mrs.tmp），之前 md5=3ae941e2c1937537ba5a07c4ac01521a
[2025-09-13 06:33:58] ℹ️ 转换结果与现有 .mrs 相同，未更新：./KuaiDi100/KuaiDi100_OCD_IP.mrs (md5 3ae941e2c1937537ba5a07c4ac01521a)
[2025-09-13 06:33:58] 转换无变化，已删除 per-log：./KuaiDi100/KuaiDi100_OCD_IP.mrs.log
[2025-09-13 06:33:58] 开始转换：./Limelight/Limelight_OCD_IP.yaml -> ./Limelight/Limelight_OCD_IP.mrs （临时 ./Limelight/Limelight_OCD_IP.mrs.tmp），之前 md5=3ae941e2c1937537ba5a07c4ac01521a
[2025-09-13 06:33:58] ℹ️ 转换结果与现有 .mrs 相同，未更新：./Limelight/Limelight_OCD_IP.mrs (md5 3ae941e2c1937537ba5a07c4ac01521a)
[2025-09-13 06:33:58] 转换无变化，已删除 per-log：./Limelight/Limelight_OCD_IP.mrs.log
[2025-09-13 06:33:58] 开始转换：./Limelight/Limelight_OCD_Domain.yaml -> ./Limelight/Limelight_OCD_Domain.mrs （临时 ./Limelight/Limelight_OCD_Domain.mrs.tmp），之前 md5=d2e5e6818e37b1c609c2530c4d528d9e
[2025-09-13 06:33:58] ℹ️ 转换结果与现有 .mrs 相同，未更新：./Limelight/Limelight_OCD_Domain.mrs (md5 d2e5e6818e37b1c609c2530c4d528d9e)
[2025-09-13 06:33:58] 转换无变化，已删除 per-log：./Limelight/Limelight_OCD_Domain.mrs.log
[2025-09-13 06:33:58] 开始转换：./CIBN/CIBN_OCD_Domain.yaml -> ./CIBN/CIBN_OCD_Domain.mrs （临时 ./CIBN/CIBN_OCD_Domain.mrs.tmp），之前 md5=a6be366b35cb7d8aabfde725028a1c08
[2025-09-13 06:33:58] ℹ️ 转换结果与现有 .mrs 相同，未更新：./CIBN/CIBN_OCD_Domain.mrs (md5 a6be366b35cb7d8aabfde725028a1c08)
[2025-09-13 06:33:58] 转换无变化，已删除 per-log：./CIBN/CIBN_OCD_Domain.mrs.log
[2025-09-13 06:33:58] 开始转换：./CIBN/CIBN_OCD_IP.yaml -> ./CIBN/CIBN_OCD_IP.mrs （临时 ./CIBN/CIBN_OCD_IP.mrs.tmp），之前 md5=3ae941e2c1937537ba5a07c4ac01521a
[2025-09-13 06:33:58] ℹ️ 转换结果与现有 .mrs 相同，未更新：./CIBN/CIBN_OCD_IP.mrs (md5 3ae941e2c1937537ba5a07c4ac01521a)
[2025-09-13 06:33:58] 转换无变化，已删除 per-log：./CIBN/CIBN_OCD_IP.mrs.log
[2025-09-13 06:33:58] 开始转换：./NGAA/NGAA_OCD_IP.yaml -> ./NGAA/NGAA_OCD_IP.mrs （临时 ./NGAA/NGAA_OCD_IP.mrs.tmp），之前 md5=3ae941e2c1937537ba5a07c4ac01521a
[2025-09-13 06:33:58] ℹ️ 转换结果与现有 .mrs 相同，未更新：./NGAA/NGAA_OCD_IP.mrs (md5 3ae941e2c1937537ba5a07c4ac01521a)
[2025-09-13 06:33:58] 转换无变化，已删除 per-log：./NGAA/NGAA_OCD_IP.mrs.log
[2025-09-13 06:33:58] 开始转换：./NGAA/NGAA_OCD_Domain.yaml -> ./NGAA/NGAA_OCD_Domain.mrs （临时 ./NGAA/NGAA_OCD_Domain.mrs.tmp），之前 md5=ebcb8b4af8be71e756e407ffb97b95b6
[2025-09-13 06:33:58] ℹ️ 转换结果与现有 .mrs 相同，未更新：./NGAA/NGAA_OCD_Domain.mrs (md5 ebcb8b4af8be71e756e407ffb97b95b6)
[2025-09-13 06:33:58] 转换无变化，已删除 per-log：./NGAA/NGAA_OCD_Domain.mrs.log
[2025-09-13 06:33:58] 开始转换：./XiamiMusic/XiamiMusic_OCD_Domain.yaml -> ./XiamiMusic/XiamiMusic_OCD_Domain.mrs （临时 ./XiamiMusic/XiamiMusic_OCD_Domain.mrs.tmp），之前 md5=2729f7782552e407ee341352b62ce592
[2025-09-13 06:33:58] ℹ️ 转换结果与现有 .mrs 相同，未更新：./XiamiMusic/XiamiMusic_OCD_Domain.mrs (md5 2729f7782552e407ee341352b62ce592)
[2025-09-13 06:33:58] 转换无变化，已删除 per-log：./XiamiMusic/XiamiMusic_OCD_Domain.mrs.log
[2025-09-13 06:33:58] 开始转换：./XiamiMusic/XiamiMusic_OCD_IP.yaml -> ./XiamiMusic/XiamiMusic_OCD_IP.mrs （临时 ./XiamiMusic/XiamiMusic_OCD_IP.mrs.tmp），之前 md5=3ae941e2c1937537ba5a07c4ac01521a
[2025-09-13 06:33:58] ℹ️ 转换结果与现有 .mrs 相同，未更新：./XiamiMusic/XiamiMusic_OCD_IP.mrs (md5 3ae941e2c1937537ba5a07c4ac01521a)
[2025-09-13 06:33:58] 转换无变化，已删除 per-log：./XiamiMusic/XiamiMusic_OCD_IP.mrs.log
[2025-09-13 06:33:58] 开始转换：./9News/9News_OCD_IP.yaml -> ./9News/9News_OCD_IP.mrs （临时 ./9News/9News_OCD_IP.mrs.tmp），之前 md5=3ae941e2c1937537ba5a07c4ac01521a
[2025-09-13 06:33:58] ℹ️ 转换结果与现有 .mrs 相同，未更新：./9News/9News_OCD_IP.mrs (md5 3ae941e2c1937537ba5a07c4ac01521a)
[2025-09-13 06:33:58] 转换无变化，已删除 per-log：./9News/9News_OCD_IP.mrs.log
[2025-09-13 06:33:58] 开始转换：./9News/9News_OCD_Domain.yaml -> ./9News/9News_OCD_Domain.mrs （临时 ./9News/9News_OCD_Domain.mrs.tmp），之前 md5=490b4df30169a99920354667c3589a4a
[2025-09-13 06:33:58] ℹ️ 转换结果与现有 .mrs 相同，未更新：./9News/9News_OCD_Domain.mrs (md5 490b4df30169a99920354667c3589a4a)
[2025-09-13 06:33:58] 转换无变化，已删除 per-log：./9News/9News_OCD_Domain.mrs.log
[2025-09-13 06:33:58] 开始转换：./AddToAny/AddToAny_OCD_Domain.yaml -> ./AddToAny/AddToAny_OCD_Domain.mrs （临时 ./AddToAny/AddToAny_OCD_Domain.mrs.tmp），之前 md5=2b179aa38779c54f609db47ab60552e8
[2025-09-13 06:33:58] ℹ️ 转换结果与现有 .mrs 相同，未更新：./AddToAny/AddToAny_OCD_Domain.mrs (md5 2b179aa38779c54f609db47ab60552e8)
[2025-09-13 06:33:58] 转换无变化，已删除 per-log：./AddToAny/AddToAny_OCD_Domain.mrs.log
[2025-09-13 06:33:59] 开始转换：./AddToAny/AddToAny_OCD_IP.yaml -> ./AddToAny/AddToAny_OCD_IP.mrs （临时 ./AddToAny/AddToAny_OCD_IP.mrs.tmp），之前 md5=3ae941e2c1937537ba5a07c4ac01521a
[2025-09-13 06:33:59] ℹ️ 转换结果与现有 .mrs 相同，未更新：./AddToAny/AddToAny_OCD_IP.mrs (md5 3ae941e2c1937537ba5a07c4ac01521a)
[2025-09-13 06:33:59] 转换无变化，已删除 per-log：./AddToAny/AddToAny_OCD_IP.mrs.log
[2025-09-13 06:33:59] 开始转换：./360/360_OCD_Domain.yaml -> ./360/360_OCD_Domain.mrs （临时 ./360/360_OCD_Domain.mrs.tmp），之前 md5=f27a5acee85850d21a2d1241c5d0fdaa
[2025-09-13 06:33:59] ℹ️ 转换结果与现有 .mrs 相同，未更新：./360/360_OCD_Domain.mrs (md5 f27a5acee85850d21a2d1241c5d0fdaa)
[2025-09-13 06:33:59] 转换无变化，已删除 per-log：./360/360_OCD_Domain.mrs.log
[2025-09-13 06:33:59] 开始转换：./360/360_OCD_IP.yaml -> ./360/360_OCD_IP.mrs （临时 ./360/360_OCD_IP.mrs.tmp），之前 md5=3ae941e2c1937537ba5a07c4ac01521a
[2025-09-13 06:33:59] ℹ️ 转换结果与现有 .mrs 相同，未更新：./360/360_OCD_IP.mrs (md5 3ae941e2c1937537ba5a07c4ac01521a)
[2025-09-13 06:33:59] 转换无变化，已删除 per-log：./360/360_OCD_IP.mrs.log
[2025-09-13 06:33:59] 开始转换：./HuluUSA/HuluUSA_OCD_IP.yaml -> ./HuluUSA/HuluUSA_OCD_IP.mrs （临时 ./HuluUSA/HuluUSA_OCD_IP.mrs.tmp），之前 md5=3ae941e2c1937537ba5a07c4ac01521a
[2025-09-13 06:33:59] ℹ️ 转换结果与现有 .mrs 相同，未更新：./HuluUSA/HuluUSA_OCD_IP.mrs (md5 3ae941e2c1937537ba5a07c4ac01521a)
[2025-09-13 06:33:59] 转换无变化，已删除 per-log：./HuluUSA/HuluUSA_OCD_IP.mrs.log
[2025-09-13 06:33:59] 开始转换：./HuluUSA/HuluUSA_OCD_Domain.yaml -> ./HuluUSA/HuluUSA_OCD_Domain.mrs （临时 ./HuluUSA/HuluUSA_OCD_Domain.mrs.tmp），之前 md5=a719ab7f660cda0f61b7aa49e9628fa8
[2025-09-13 06:33:59] ℹ️ 转换结果与现有 .mrs 相同，未更新：./HuluUSA/HuluUSA_OCD_Domain.mrs (md5 a719ab7f660cda0f61b7aa49e9628fa8)
[2025-09-13 06:33:59] 转换无变化，已删除 per-log：./HuluUSA/HuluUSA_OCD_Domain.mrs.log
[2025-09-13 06:33:59] 开始转换：./Classic/Classic_OCD_IP.yaml -> ./Classic/Classic_OCD_IP.mrs （临时 ./Classic/Classic_OCD_IP.mrs.tmp），之前 md5=3ae941e2c1937537ba5a07c4ac01521a
[2025-09-13 06:33:59] ℹ️ 转换结果与现有 .mrs 相同，未更新：./Classic/Classic_OCD_IP.mrs (md5 3ae941e2c1937537ba5a07c4ac01521a)
[2025-09-13 06:33:59] 转换无变化，已删除 per-log：./Classic/Classic_OCD_IP.mrs.log
[2025-09-13 06:33:59] 开始转换：./Classic/Classic_OCD_Domain.yaml -> ./Classic/Classic_OCD_Domain.mrs （临时 ./Classic/Classic_OCD_Domain.mrs.tmp），之前 md5=c3650a55530fc4ffdd2b372974d9d3b5
[2025-09-13 06:33:59] ℹ️ 转换结果与现有 .mrs 相同，未更新：./Classic/Classic_OCD_Domain.mrs (md5 c3650a55530fc4ffdd2b372974d9d3b5)
[2025-09-13 06:33:59] 转换无变化，已删除 per-log：./Classic/Classic_OCD_Domain.mrs.log
[2025-09-13 06:33:59] 开始转换：./Westerndigital/Westerndigital_OCD_IP.yaml -> ./Westerndigital/Westerndigital_OCD_IP.mrs （临时 ./Westerndigital/Westerndigital_OCD_IP.mrs.tmp），之前 md5=3ae941e2c1937537ba5a07c4ac01521a
[2025-09-13 06:33:59] ℹ️ 转换结果与现有 .mrs 相同，未更新：./Westerndigital/Westerndigital_OCD_IP.mrs (md5 3ae941e2c1937537ba5a07c4ac01521a)
[2025-09-13 06:33:59] 转换无变化，已删除 per-log：./Westerndigital/Westerndigital_OCD_IP.mrs.log
[2025-09-13 06:33:59] 开始转换：./Westerndigital/Westerndigital_OCD_Domain.yaml -> ./Westerndigital/Westerndigital_OCD_Domain.mrs （临时 ./Westerndigital/Westerndigital_OCD_Domain.mrs.tmp），之前 md5=0be182ceeb63907a476c50717198882c
[2025-09-13 06:33:59] ℹ️ 转换结果与现有 .mrs 相同，未更新：./Westerndigital/Westerndigital_OCD_Domain.mrs (md5 0be182ceeb63907a476c50717198882c)
[2025-09-13 06:33:59] 转换无变化，已删除 per-log：./Westerndigital/Westerndigital_OCD_Domain.mrs.log
[2025-09-13 06:33:59] 开始转换：./Shanling/Shanling_OCD_IP.yaml -> ./Shanling/Shanling_OCD_IP.mrs （临时 ./Shanling/Shanling_OCD_IP.mrs.tmp），之前 md5=3ae941e2c1937537ba5a07c4ac01521a
[2025-09-13 06:33:59] ℹ️ 转换结果与现有 .mrs 相同，未更新：./Shanling/Shanling_OCD_IP.mrs (md5 3ae941e2c1937537ba5a07c4ac01521a)
[2025-09-13 06:33:59] 转换无变化，已删除 per-log：./Shanling/Shanling_OCD_IP.mrs.log
[2025-09-13 06:33:59] 开始转换：./Shanling/Shanling_OCD_Domain.yaml -> ./Shanling/Shanling_OCD_Domain.mrs （临时 ./Shanling/Shanling_OCD_Domain.mrs.tmp），之前 md5=b1d807ba291480f021a74f189834ad8e
[2025-09-13 06:33:59] ℹ️ 转换结果与现有 .mrs 相同，未更新：./Shanling/Shanling_OCD_Domain.mrs (md5 b1d807ba291480f021a74f189834ad8e)
[2025-09-13 06:33:59] 转换无变化，已删除 per-log：./Shanling/Shanling_OCD_Domain.mrs.log
[2025-09-13 06:33:59] 开始转换：./GitLab/GitLab_OCD_IP.yaml -> ./GitLab/GitLab_OCD_IP.mrs （临时 ./GitLab/GitLab_OCD_IP.mrs.tmp），之前 md5=3ae941e2c1937537ba5a07c4ac01521a
[2025-09-13 06:33:59] ℹ️ 转换结果与现有 .mrs 相同，未更新：./GitLab/GitLab_OCD_IP.mrs (md5 3ae941e2c1937537ba5a07c4ac01521a)
[2025-09-13 06:33:59] 转换无变化，已删除 per-log：./GitLab/GitLab_OCD_IP.mrs.log
[2025-09-13 06:33:59] 开始转换：./GitLab/GitLab_OCD_Domain.yaml -> ./GitLab/GitLab_OCD_Domain.mrs （临时 ./GitLab/GitLab_OCD_Domain.mrs.tmp），之前 md5=b6f4b5e942e9e3a1724388a2fc8d9296
[2025-09-13 06:33:59] ℹ️ 转换结果与现有 .mrs 相同，未更新：./GitLab/GitLab_OCD_Domain.mrs (md5 b6f4b5e942e9e3a1724388a2fc8d9296)
[2025-09-13 06:33:59] 转换无变化，已删除 per-log：./GitLab/GitLab_OCD_Domain.mrs.log
[2025-09-13 06:33:59] 开始转换：./Overcast/Overcast_OCD_Domain.yaml -> ./Overcast/Overcast_OCD_Domain.mrs （临时 ./Overcast/Overcast_OCD_Domain.mrs.tmp），之前 md5=b1368771d87345c680d810fc9ae36746
[2025-09-13 06:33:59] ℹ️ 转换结果与现有 .mrs 相同，未更新：./Overcast/Overcast_OCD_Domain.mrs (md5 b1368771d87345c680d810fc9ae36746)
[2025-09-13 06:33:59] 转换无变化，已删除 per-log：./Overcast/Overcast_OCD_Domain.mrs.log
[2025-09-13 06:33:59] 开始转换：./Overcast/Overcast_OCD_IP.yaml -> ./Overcast/Overcast_OCD_IP.mrs （临时 ./Overcast/Overcast_OCD_IP.mrs.tmp），之前 md5=3ae941e2c1937537ba5a07c4ac01521a
[2025-09-13 06:33:59] ℹ️ 转换结果与现有 .mrs 相同，未更新：./Overcast/Overcast_OCD_IP.mrs (md5 3ae941e2c1937537ba5a07c4ac01521a)
[2025-09-13 06:33:59] 转换无变化，已删除 per-log：./Overcast/Overcast_OCD_IP.mrs.log
[2025-09-13 06:33:59] 开始转换：./17173/17173_OCD_Domain.yaml -> ./17173/17173_OCD_Domain.mrs （临时 ./17173/17173_OCD_Domain.mrs.tmp），之前 md5=7e1b70124db5227a680ba48c520b16d6
[2025-09-13 06:33:59] ℹ️ 转换结果与现有 .mrs 相同，未更新：./17173/17173_OCD_Domain.mrs (md5 7e1b70124db5227a680ba48c520b16d6)
[2025-09-13 06:33:59] 转换无变化，已删除 per-log：./17173/17173_OCD_Domain.mrs.log
[2025-09-13 06:33:59] 开始转换：./17173/17173_OCD_IP.yaml -> ./17173/17173_OCD_IP.mrs （临时 ./17173/17173_OCD_IP.mrs.tmp），之前 md5=3ae941e2c1937537ba5a07c4ac01521a
[2025-09-13 06:33:59] ℹ️ 转换结果与现有 .mrs 相同，未更新：./17173/17173_OCD_IP.mrs (md5 3ae941e2c1937537ba5a07c4ac01521a)
[2025-09-13 06:33:59] 转换无变化，已删除 per-log：./17173/17173_OCD_IP.mrs.log
[2025-09-13 06:33:59] 开始转换：./UnionPay/UnionPay_OCD_Domain.yaml -> ./UnionPay/UnionPay_OCD_Domain.mrs （临时 ./UnionPay/UnionPay_OCD_Domain.mrs.tmp），之前 md5=13a6ea9c484e5b882a5d416aa65a5a7a
[2025-09-13 06:33:59] ℹ️ 转换结果与现有 .mrs 相同，未更新：./UnionPay/UnionPay_OCD_Domain.mrs (md5 13a6ea9c484e5b882a5d416aa65a5a7a)
[2025-09-13 06:33:59] 转换无变化，已删除 per-log：./UnionPay/UnionPay_OCD_Domain.mrs.log
[2025-09-13 06:33:59] 开始转换：./UnionPay/UnionPay_OCD_IP.yaml -> ./UnionPay/UnionPay_OCD_IP.mrs （临时 ./UnionPay/UnionPay_OCD_IP.mrs.tmp），之前 md5=3ae941e2c1937537ba5a07c4ac01521a
[2025-09-13 06:33:59] ℹ️ 转换结果与现有 .mrs 相同，未更新：./UnionPay/UnionPay_OCD_IP.mrs (md5 3ae941e2c1937537ba5a07c4ac01521a)
[2025-09-13 06:33:59] 转换无变化，已删除 per-log：./UnionPay/UnionPay_OCD_IP.mrs.log
[2025-09-13 06:33:59] 开始转换：./KakaoTalk/KakaoTalk_OCD_Domain.yaml -> ./KakaoTalk/KakaoTalk_OCD_Domain.mrs （临时 ./KakaoTalk/KakaoTalk_OCD_Domain.mrs.tmp），之前 md5=7dfd461bc9330b3b991a604deee0e33f
[2025-09-13 06:33:59] ℹ️ 转换结果与现有 .mrs 相同，未更新：./KakaoTalk/KakaoTalk_OCD_Domain.mrs (md5 7dfd461bc9330b3b991a604deee0e33f)
[2025-09-13 06:33:59] 转换无变化，已删除 per-log：./KakaoTalk/KakaoTalk_OCD_Domain.mrs.log
[2025-09-13 06:33:59] 开始转换：./KakaoTalk/KakaoTalk_OCD_IP.yaml -> ./KakaoTalk/KakaoTalk_OCD_IP.mrs （临时 ./KakaoTalk/KakaoTalk_OCD_IP.mrs.tmp），之前 md5=5cfb39ed2ed794f93ca494c6e8feb54e
[2025-09-13 06:33:59] ℹ️ 转换结果与现有 .mrs 相同，未更新：./KakaoTalk/KakaoTalk_OCD_IP.mrs (md5 5cfb39ed2ed794f93ca494c6e8feb54e)
[2025-09-13 06:33:59] 转换无变化，已删除 per-log：./KakaoTalk/KakaoTalk_OCD_IP.mrs.log
[2025-09-13 06:33:59] 开始转换：./Line/Line_OCD_Domain.yaml -> ./Line/Line_OCD_Domain.mrs （临时 ./Line/Line_OCD_Domain.mrs.tmp），之前 md5=b73aaa03d4747861f564743fb71d8375
[2025-09-13 06:33:59] ℹ️ 转换结果与现有 .mrs 相同，未更新：./Line/Line_OCD_Domain.mrs (md5 b73aaa03d4747861f564743fb71d8375)
[2025-09-13 06:33:59] 转换无变化，已删除 per-log：./Line/Line_OCD_Domain.mrs.log
[2025-09-13 06:33:59] 开始转换：./Line/Line_OCD_IP.yaml -> ./Line/Line_OCD_IP.mrs （临时 ./Line/Line_OCD_IP.mrs.tmp），之前 md5=3ab92985a4c3627435c55b1dbf89ae87
[2025-09-13 06:33:59] ℹ️ 转换结果与现有 .mrs 相同，未更新：./Line/Line_OCD_IP.mrs (md5 3ab92985a4c3627435c55b1dbf89ae87)
[2025-09-13 06:33:59] 转换无变化，已删除 per-log：./Line/Line_OCD_IP.mrs.log
[2025-09-13 06:33:59] 开始转换：./Nikkei/Nikkei_OCD_IP.yaml -> ./Nikkei/Nikkei_OCD_IP.mrs （临时 ./Nikkei/Nikkei_OCD_IP.mrs.tmp），之前 md5=3ae941e2c1937537ba5a07c4ac01521a
[2025-09-13 06:33:59] ℹ️ 转换结果与现有 .mrs 相同，未更新：./Nikkei/Nikkei_OCD_IP.mrs (md5 3ae941e2c1937537ba5a07c4ac01521a)
[2025-09-13 06:33:59] 转换无变化，已删除 per-log：./Nikkei/Nikkei_OCD_IP.mrs.log
[2025-09-13 06:33:59] 开始转换：./Nikkei/Nikkei_OCD_Domain.yaml -> ./Nikkei/Nikkei_OCD_Domain.mrs （临时 ./Nikkei/Nikkei_OCD_Domain.mrs.tmp），之前 md5=a8f8a3ed4492291072d0e03e6f3fb9c3
[2025-09-13 06:33:59] ℹ️ 转换结果与现有 .mrs 相同，未更新：./Nikkei/Nikkei_OCD_Domain.mrs (md5 a8f8a3ed4492291072d0e03e6f3fb9c3)
[2025-09-13 06:33:59] 转换无变化，已删除 per-log：./Nikkei/Nikkei_OCD_Domain.mrs.log
[2025-09-13 06:33:59] 开始转换：./Blizzard/Blizzard_OCD_IP.yaml -> ./Blizzard/Blizzard_OCD_IP.mrs （临时 ./Blizzard/Blizzard_OCD_IP.mrs.tmp），之前 md5=32b60ffda35c1eca3056afd78b683e79
[2025-09-13 06:33:59] ℹ️ 转换结果与现有 .mrs 相同，未更新：./Blizzard/Blizzard_OCD_IP.mrs (md5 32b60ffda35c1eca3056afd78b683e79)
[2025-09-13 06:33:59] 转换无变化，已删除 per-log：./Blizzard/Blizzard_OCD_IP.mrs.log
[2025-09-13 06:33:59] 开始转换：./Blizzard/Blizzard_OCD_Domain.yaml -> ./Blizzard/Blizzard_OCD_Domain.mrs （临时 ./Blizzard/Blizzard_OCD_Domain.mrs.tmp），之前 md5=d00623148a838e2e13e3721d6f1fbc2f
[2025-09-13 06:33:59] ℹ️ 转换结果与现有 .mrs 相同，未更新：./Blizzard/Blizzard_OCD_Domain.mrs (md5 d00623148a838e2e13e3721d6f1fbc2f)
[2025-09-13 06:33:59] 转换无变化，已删除 per-log：./Blizzard/Blizzard_OCD_Domain.mrs.log
[2025-09-13 06:33:59] 开始转换：./Ali213/Ali213_OCD_Domain.yaml -> ./Ali213/Ali213_OCD_Domain.mrs （临时 ./Ali213/Ali213_OCD_Domain.mrs.tmp），之前 md5=a8a8dd8853592a4254a1418945abd016
[2025-09-13 06:33:59] ℹ️ 转换结果与现有 .mrs 相同，未更新：./Ali213/Ali213_OCD_Domain.mrs (md5 a8a8dd8853592a4254a1418945abd016)
[2025-09-13 06:33:59] 转换无变化，已删除 per-log：./Ali213/Ali213_OCD_Domain.mrs.log
[2025-09-13 06:33:59] 开始转换：./Ali213/Ali213_OCD_IP.yaml -> ./Ali213/Ali213_OCD_IP.mrs （临时 ./Ali213/Ali213_OCD_IP.mrs.tmp），之前 md5=3ae941e2c1937537ba5a07c4ac01521a
[2025-09-13 06:33:59] ℹ️ 转换结果与现有 .mrs 相同，未更新：./Ali213/Ali213_OCD_IP.mrs (md5 3ae941e2c1937537ba5a07c4ac01521a)
[2025-09-13 06:33:59] 转换无变化，已删除 per-log：./Ali213/Ali213_OCD_IP.mrs.log
[2025-09-13 06:33:59] 开始转换：./Nintendo/Nintendo_OCD_IP.yaml -> ./Nintendo/Nintendo_OCD_IP.mrs （临时 ./Nintendo/Nintendo_OCD_IP.mrs.tmp），之前 md5=21f3fcba59ec2297e8cb7cd0b62ba17c
[2025-09-13 06:33:59] ℹ️ 转换结果与现有 .mrs 相同，未更新：./Nintendo/Nintendo_OCD_IP.mrs (md5 21f3fcba59ec2297e8cb7cd0b62ba17c)
[2025-09-13 06:33:59] 转换无变化，已删除 per-log：./Nintendo/Nintendo_OCD_IP.mrs.log
[2025-09-13 06:33:59] 开始转换：./Nintendo/Nintendo_OCD_Domain.yaml -> ./Nintendo/Nintendo_OCD_Domain.mrs （临时 ./Nintendo/Nintendo_OCD_Domain.mrs.tmp），之前 md5=8dde4d879b0f8619577ed35f91546875
[2025-09-13 06:33:59] ℹ️ 转换结果与现有 .mrs 相同，未更新：./Nintendo/Nintendo_OCD_Domain.mrs (md5 8dde4d879b0f8619577ed35f91546875)
[2025-09-13 06:33:59] 转换无变化，已删除 per-log：./Nintendo/Nintendo_OCD_Domain.mrs.log
[2025-09-13 06:33:59] 开始转换：./Binance/Binance_OCD_IP.yaml -> ./Binance/Binance_OCD_IP.mrs （临时 ./Binance/Binance_OCD_IP.mrs.tmp），之前 md5=3ae941e2c1937537ba5a07c4ac01521a
[2025-09-13 06:33:59] ℹ️ 转换结果与现有 .mrs 相同，未更新：./Binance/Binance_OCD_IP.mrs (md5 3ae941e2c1937537ba5a07c4ac01521a)
[2025-09-13 06:33:59] 转换无变化，已删除 per-log：./Binance/Binance_OCD_IP.mrs.log
[2025-09-13 06:33:59] 开始转换：./Binance/Binance_OCD_Domain.yaml -> ./Binance/Binance_OCD_Domain.mrs （临时 ./Binance/Binance_OCD_Domain.mrs.tmp），之前 md5=e30d15079ba606790563303e5e6379ec
[2025-09-13 06:33:59] ℹ️ 转换结果与现有 .mrs 相同，未更新：./Binance/Binance_OCD_Domain.mrs (md5 e30d15079ba606790563303e5e6379ec)
[2025-09-13 06:33:59] 转换无变化，已删除 per-log：./Binance/Binance_OCD_Domain.mrs.log
[2025-09-13 06:33:59] 开始转换：./MicrosoftEdge/MicrosoftEdge_OCD_Domain.yaml -> ./MicrosoftEdge/MicrosoftEdge_OCD_Domain.mrs （临时 ./MicrosoftEdge/MicrosoftEdge_OCD_Domain.mrs.tmp），之前 md5=44d0006c3f04e0b46fcc9e706ee69415
[2025-09-13 06:33:59] ℹ️ 转换结果与现有 .mrs 相同，未更新：./MicrosoftEdge/MicrosoftEdge_OCD_Domain.mrs (md5 44d0006c3f04e0b46fcc9e706ee69415)
[2025-09-13 06:33:59] 转换无变化，已删除 per-log：./MicrosoftEdge/MicrosoftEdge_OCD_Domain.mrs.log
[2025-09-13 06:33:59] 开始转换：./MicrosoftEdge/MicrosoftEdge_OCD_IP.yaml -> ./MicrosoftEdge/MicrosoftEdge_OCD_IP.mrs （临时 ./MicrosoftEdge/MicrosoftEdge_OCD_IP.mrs.tmp），之前 md5=3ae941e2c1937537ba5a07c4ac01521a
[2025-09-13 06:34:00] ℹ️ 转换结果与现有 .mrs 相同，未更新：./MicrosoftEdge/MicrosoftEdge_OCD_IP.mrs (md5 3ae941e2c1937537ba5a07c4ac01521a)
[2025-09-13 06:34:00] 转换无变化，已删除 per-log：./MicrosoftEdge/MicrosoftEdge_OCD_IP.mrs.log
[2025-09-13 06:34:00] 开始转换：./Patreon/Patreon_OCD_Domain.yaml -> ./Patreon/Patreon_OCD_Domain.mrs （临时 ./Patreon/Patreon_OCD_Domain.mrs.tmp），之前 md5=7d39ec5299325598d82da98e96810e3e
[2025-09-13 06:34:00] ℹ️ 转换结果与现有 .mrs 相同，未更新：./Patreon/Patreon_OCD_Domain.mrs (md5 7d39ec5299325598d82da98e96810e3e)
[2025-09-13 06:34:00] 转换无变化，已删除 per-log：./Patreon/Patreon_OCD_Domain.mrs.log
[2025-09-13 06:34:00] 开始转换：./Patreon/Patreon_OCD_IP.yaml -> ./Patreon/Patreon_OCD_IP.mrs （临时 ./Patreon/Patreon_OCD_IP.mrs.tmp），之前 md5=3ae941e2c1937537ba5a07c4ac01521a
[2025-09-13 06:34:00] ℹ️ 转换结果与现有 .mrs 相同，未更新：./Patreon/Patreon_OCD_IP.mrs (md5 3ae941e2c1937537ba5a07c4ac01521a)
[2025-09-13 06:34:00] 转换无变化，已删除 per-log：./Patreon/Patreon_OCD_IP.mrs.log
[2025-09-13 06:34:00] 开始转换：./Dropbox/Dropbox_OCD_IP.yaml -> ./Dropbox/Dropbox_OCD_IP.mrs （临时 ./Dropbox/Dropbox_OCD_IP.mrs.tmp），之前 md5=3ae941e2c1937537ba5a07c4ac01521a
[2025-09-13 06:34:00] ℹ️ 转换结果与现有 .mrs 相同，未更新：./Dropbox/Dropbox_OCD_IP.mrs (md5 3ae941e2c1937537ba5a07c4ac01521a)
[2025-09-13 06:34:00] 转换无变化，已删除 per-log：./Dropbox/Dropbox_OCD_IP.mrs.log
[2025-09-13 06:34:00] 开始转换：./Dropbox/Dropbox_OCD_Domain.yaml -> ./Dropbox/Dropbox_OCD_Domain.mrs （临时 ./Dropbox/Dropbox_OCD_Domain.mrs.tmp），之前 md5=0bc266a552a88a78325fa47a6fe2a7cc
[2025-09-13 06:34:00] ℹ️ 转换结果与现有 .mrs 相同，未更新：./Dropbox/Dropbox_OCD_Domain.mrs (md5 0bc266a552a88a78325fa47a6fe2a7cc)
[2025-09-13 06:34:00] 转换无变化，已删除 per-log：./Dropbox/Dropbox_OCD_Domain.mrs.log
[2025-09-13 06:34:00] 开始转换：./GuiGuDongLi/GuiGuDongLi_OCD_IP.yaml -> ./GuiGuDongLi/GuiGuDongLi_OCD_IP.mrs （临时 ./GuiGuDongLi/GuiGuDongLi_OCD_IP.mrs.tmp），之前 md5=3ae941e2c1937537ba5a07c4ac01521a
[2025-09-13 06:34:00] ℹ️ 转换结果与现有 .mrs 相同，未更新：./GuiGuDongLi/GuiGuDongLi_OCD_IP.mrs (md5 3ae941e2c1937537ba5a07c4ac01521a)
[2025-09-13 06:34:00] 转换无变化，已删除 per-log：./GuiGuDongLi/GuiGuDongLi_OCD_IP.mrs.log
[2025-09-13 06:34:00] 开始转换：./GuiGuDongLi/GuiGuDongLi_OCD_Domain.yaml -> ./GuiGuDongLi/GuiGuDongLi_OCD_Domain.mrs （临时 ./GuiGuDongLi/GuiGuDongLi_OCD_Domain.mrs.tmp），之前 md5=eb7eab716d6ed496b615855bd6470ce1
[2025-09-13 06:34:00] ℹ️ 转换结果与现有 .mrs 相同，未更新：./GuiGuDongLi/GuiGuDongLi_OCD_Domain.mrs (md5 eb7eab716d6ed496b615855bd6470ce1)
[2025-09-13 06:34:00] 转换无变化，已删除 per-log：./GuiGuDongLi/GuiGuDongLi_OCD_Domain.mrs.log
[2025-09-13 06:34:00] 开始转换：./TikTok/TikTok_OCD_Domain.yaml -> ./TikTok/TikTok_OCD_Domain.mrs （临时 ./TikTok/TikTok_OCD_Domain.mrs.tmp），之前 md5=ab99bb0a7b23cc11652d1fdeba5d103d
[2025-09-13 06:34:00] ℹ️ 转换结果与现有 .mrs 相同，未更新：./TikTok/TikTok_OCD_Domain.mrs (md5 ab99bb0a7b23cc11652d1fdeba5d103d)
[2025-09-13 06:34:00] 转换无变化，已删除 per-log：./TikTok/TikTok_OCD_Domain.mrs.log
[2025-09-13 06:34:00] 开始转换：./TikTok/TikTok_OCD_IP.yaml -> ./TikTok/TikTok_OCD_IP.mrs （临时 ./TikTok/TikTok_OCD_IP.mrs.tmp），之前 md5=3ae941e2c1937537ba5a07c4ac01521a
[2025-09-13 06:34:00] ℹ️ 转换结果与现有 .mrs 相同，未更新：./TikTok/TikTok_OCD_IP.mrs (md5 3ae941e2c1937537ba5a07c4ac01521a)
[2025-09-13 06:34:00] 转换无变化，已删除 per-log：./TikTok/TikTok_OCD_IP.mrs.log
[2025-09-13 06:34:00] 开始转换：./1337x/1337x_OCD_Domain.yaml -> ./1337x/1337x_OCD_Domain.mrs （临时 ./1337x/1337x_OCD_Domain.mrs.tmp），之前 md5=d64736eb1e5493c7251947097d21309e
[2025-09-13 06:34:00] ℹ️ 转换结果与现有 .mrs 相同，未更新：./1337x/1337x_OCD_Domain.mrs (md5 d64736eb1e5493c7251947097d21309e)
[2025-09-13 06:34:00] 转换无变化，已删除 per-log：./1337x/1337x_OCD_Domain.mrs.log
[2025-09-13 06:34:00] 开始转换：./1337x/1337x_OCD_IP.yaml -> ./1337x/1337x_OCD_IP.mrs （临时 ./1337x/1337x_OCD_IP.mrs.tmp），之前 md5=3ae941e2c1937537ba5a07c4ac01521a
[2025-09-13 06:34:00] ℹ️ 转换结果与现有 .mrs 相同，未更新：./1337x/1337x_OCD_IP.mrs (md5 3ae941e2c1937537ba5a07c4ac01521a)
[2025-09-13 06:34:00] 转换无变化，已删除 per-log：./1337x/1337x_OCD_IP.mrs.log
[2025-09-13 06:34:00] 开始转换：./BOCOM/BOCOM_OCD_IP.yaml -> ./BOCOM/BOCOM_OCD_IP.mrs （临时 ./BOCOM/BOCOM_OCD_IP.mrs.tmp），之前 md5=3ae941e2c1937537ba5a07c4ac01521a
[2025-09-13 06:34:00] ℹ️ 转换结果与现有 .mrs 相同，未更新：./BOCOM/BOCOM_OCD_IP.mrs (md5 3ae941e2c1937537ba5a07c4ac01521a)
[2025-09-13 06:34:00] 转换无变化，已删除 per-log：./BOCOM/BOCOM_OCD_IP.mrs.log
[2025-09-13 06:34:00] 开始转换：./BOCOM/BOCOM_OCD_Domain.yaml -> ./BOCOM/BOCOM_OCD_Domain.mrs （临时 ./BOCOM/BOCOM_OCD_Domain.mrs.tmp），之前 md5=f814fa50cf62999a313713463a5d0cf1
[2025-09-13 06:34:00] ℹ️ 转换结果与现有 .mrs 相同，未更新：./BOCOM/BOCOM_OCD_Domain.mrs (md5 f814fa50cf62999a313713463a5d0cf1)
[2025-09-13 06:34:00] 转换无变化，已删除 per-log：./BOCOM/BOCOM_OCD_Domain.mrs.log
[2025-09-13 06:34:00] 开始转换：./WangSuKeJi/WangSuKeJi_OCD_IP.yaml -> ./WangSuKeJi/WangSuKeJi_OCD_IP.mrs （临时 ./WangSuKeJi/WangSuKeJi_OCD_IP.mrs.tmp），之前 md5=3ae941e2c1937537ba5a07c4ac01521a
[2025-09-13 06:34:00] ℹ️ 转换结果与现有 .mrs 相同，未更新：./WangSuKeJi/WangSuKeJi_OCD_IP.mrs (md5 3ae941e2c1937537ba5a07c4ac01521a)
[2025-09-13 06:34:00] 转换无变化，已删除 per-log：./WangSuKeJi/WangSuKeJi_OCD_IP.mrs.log
[2025-09-13 06:34:00] 开始转换：./WangSuKeJi/WangSuKeJi_OCD_Domain.yaml -> ./WangSuKeJi/WangSuKeJi_OCD_Domain.mrs （临时 ./WangSuKeJi/WangSuKeJi_OCD_Domain.mrs.tmp），之前 md5=aef60c2f143399df95d4e86a414f8756
[2025-09-13 06:34:00] ℹ️ 转换结果与现有 .mrs 相同，未更新：./WangSuKeJi/WangSuKeJi_OCD_Domain.mrs (md5 aef60c2f143399df95d4e86a414f8756)
[2025-09-13 06:34:00] 转换无变化，已删除 per-log：./WangSuKeJi/WangSuKeJi_OCD_Domain.mrs.log
[2025-09-13 06:34:00] 开始转换：./IPTVMainland/IPTVMainland_OCD_Domain.yaml -> ./IPTVMainland/IPTVMainland_OCD_Domain.mrs （临时 ./IPTVMainland/IPTVMainland_OCD_Domain.mrs.tmp），之前 md5=f650ff87d27a1731259fa951e27a104b
[2025-09-13 06:34:00] ℹ️ 转换结果与现有 .mrs 相同，未更新：./IPTVMainland/IPTVMainland_OCD_Domain.mrs (md5 f650ff87d27a1731259fa951e27a104b)
[2025-09-13 06:34:00] 转换无变化，已删除 per-log：./IPTVMainland/IPTVMainland_OCD_Domain.mrs.log
[2025-09-13 06:34:00] 开始转换：./IPTVMainland/IPTVMainland_OCD_IP.yaml -> ./IPTVMainland/IPTVMainland_OCD_IP.mrs （临时 ./IPTVMainland/IPTVMainland_OCD_IP.mrs.tmp），之前 md5=696bc30207a49c6ec24362eec9405613
[2025-09-13 06:34:00] ℹ️ 转换结果与现有 .mrs 相同，未更新：./IPTVMainland/IPTVMainland_OCD_IP.mrs (md5 696bc30207a49c6ec24362eec9405613)
[2025-09-13 06:34:00] 转换无变化，已删除 per-log：./IPTVMainland/IPTVMainland_OCD_IP.mrs.log
[2025-09-13 06:34:00] 开始转换：./Hkgolden/Hkgolden_OCD_Domain.yaml -> ./Hkgolden/Hkgolden_OCD_Domain.mrs （临时 ./Hkgolden/Hkgolden_OCD_Domain.mrs.tmp），之前 md5=b7e1cafb7436544dc45cd71035565cb7
[2025-09-13 06:34:00] ℹ️ 转换结果与现有 .mrs 相同，未更新：./Hkgolden/Hkgolden_OCD_Domain.mrs (md5 b7e1cafb7436544dc45cd71035565cb7)
[2025-09-13 06:34:00] 转换无变化，已删除 per-log：./Hkgolden/Hkgolden_OCD_Domain.mrs.log
[2025-09-13 06:34:00] 开始转换：./Hkgolden/Hkgolden_OCD_IP.yaml -> ./Hkgolden/Hkgolden_OCD_IP.mrs （临时 ./Hkgolden/Hkgolden_OCD_IP.mrs.tmp），之前 md5=3ae941e2c1937537ba5a07c4ac01521a
[2025-09-13 06:34:00] ℹ️ 转换结果与现有 .mrs 相同，未更新：./Hkgolden/Hkgolden_OCD_IP.mrs (md5 3ae941e2c1937537ba5a07c4ac01521a)
[2025-09-13 06:34:00] 转换无变化，已删除 per-log：./Hkgolden/Hkgolden_OCD_IP.mrs.log
[2025-09-13 06:34:00] 开始转换：./AppleID/AppleID_OCD_IP.yaml -> ./AppleID/AppleID_OCD_IP.mrs （临时 ./AppleID/AppleID_OCD_IP.mrs.tmp），之前 md5=3ae941e2c1937537ba5a07c4ac01521a
[2025-09-13 06:34:00] ℹ️ 转换结果与现有 .mrs 相同，未更新：./AppleID/AppleID_OCD_IP.mrs (md5 3ae941e2c1937537ba5a07c4ac01521a)
[2025-09-13 06:34:00] 转换无变化，已删除 per-log：./AppleID/AppleID_OCD_IP.mrs.log
[2025-09-13 06:34:00] 开始转换：./AppleID/AppleID_OCD_Domain.yaml -> ./AppleID/AppleID_OCD_Domain.mrs （临时 ./AppleID/AppleID_OCD_Domain.mrs.tmp），之前 md5=0baf9758f7d1dc26eb7d45991482f2e3
[2025-09-13 06:34:00] ℹ️ 转换结果与现有 .mrs 相同，未更新：./AppleID/AppleID_OCD_Domain.mrs (md5 0baf9758f7d1dc26eb7d45991482f2e3)
[2025-09-13 06:34:00] 转换无变化，已删除 per-log：./AppleID/AppleID_OCD_Domain.mrs.log
[2025-09-13 06:34:00] 开始转换：./Purikonejp/Purikonejp_OCD_Domain.yaml -> ./Purikonejp/Purikonejp_OCD_Domain.mrs （临时 ./Purikonejp/Purikonejp_OCD_Domain.mrs.tmp），之前 md5=23cc129ff82433bffcf44ddb32cbf2ca
[2025-09-13 06:34:00] ℹ️ 转换结果与现有 .mrs 相同，未更新：./Purikonejp/Purikonejp_OCD_Domain.mrs (md5 23cc129ff82433bffcf44ddb32cbf2ca)
[2025-09-13 06:34:00] 转换无变化，已删除 per-log：./Purikonejp/Purikonejp_OCD_Domain.mrs.log
[2025-09-13 06:34:00] 开始转换：./Purikonejp/Purikonejp_OCD_IP.yaml -> ./Purikonejp/Purikonejp_OCD_IP.mrs （临时 ./Purikonejp/Purikonejp_OCD_IP.mrs.tmp），之前 md5=3ae941e2c1937537ba5a07c4ac01521a
[2025-09-13 06:34:00] ℹ️ 转换结果与现有 .mrs 相同，未更新：./Purikonejp/Purikonejp_OCD_IP.mrs (md5 3ae941e2c1937537ba5a07c4ac01521a)
[2025-09-13 06:34:00] 转换无变化，已删除 per-log：./Purikonejp/Purikonejp_OCD_IP.mrs.log
[2025-09-13 06:34:00] 开始转换：./Cryptocurrency/Cryptocurrency_OCD_Domain.yaml -> ./Cryptocurrency/Cryptocurrency_OCD_Domain.mrs （临时 ./Cryptocurrency/Cryptocurrency_OCD_Domain.mrs.tmp），之前 md5=c2e889dc7b57e9c9f7b3da31e924522f
[2025-09-13 06:34:00] ℹ️ 转换结果与现有 .mrs 相同，未更新：./Cryptocurrency/Cryptocurrency_OCD_Domain.mrs (md5 c2e889dc7b57e9c9f7b3da31e924522f)
[2025-09-13 06:34:00] 转换无变化，已删除 per-log：./Cryptocurrency/Cryptocurrency_OCD_Domain.mrs.log
[2025-09-13 06:34:00] 开始转换：./Cryptocurrency/Cryptocurrency_OCD_IP.yaml -> ./Cryptocurrency/Cryptocurrency_OCD_IP.mrs （临时 ./Cryptocurrency/Cryptocurrency_OCD_IP.mrs.tmp），之前 md5=3ae941e2c1937537ba5a07c4ac01521a
[2025-09-13 06:34:00] ℹ️ 转换结果与现有 .mrs 相同，未更新：./Cryptocurrency/Cryptocurrency_OCD_IP.mrs (md5 3ae941e2c1937537ba5a07c4ac01521a)
[2025-09-13 06:34:00] 转换无变化，已删除 per-log：./Cryptocurrency/Cryptocurrency_OCD_IP.mrs.log
[2025-09-13 06:34:00] 开始转换：./Direct/Direct_OCD_Domain.yaml -> ./Direct/Direct_OCD_Domain.mrs （临时 ./Direct/Direct_OCD_Domain.mrs.tmp），之前 md5=9ea8a2610fc9393d175928273e437b7d
[2025-09-13 06:34:00] ℹ️ 转换结果与现有 .mrs 相同，未更新：./Direct/Direct_OCD_Domain.mrs (md5 9ea8a2610fc9393d175928273e437b7d)
[2025-09-13 06:34:00] 转换无变化，已删除 per-log：./Direct/Direct_OCD_Domain.mrs.log
[2025-09-13 06:34:00] 开始转换：./Direct/Direct_OCD_IP.yaml -> ./Direct/Direct_OCD_IP.mrs （临时 ./Direct/Direct_OCD_IP.mrs.tmp），之前 md5=3ae941e2c1937537ba5a07c4ac01521a
[2025-09-13 06:34:00] ℹ️ 转换结果与现有 .mrs 相同，未更新：./Direct/Direct_OCD_IP.mrs (md5 3ae941e2c1937537ba5a07c4ac01521a)
[2025-09-13 06:34:00] 转换无变化，已删除 per-log：./Direct/Direct_OCD_IP.mrs.log
[2025-09-13 06:34:00] 开始转换：./ChinaMaxNoMedia/ChinaMaxNoMedia_OCD_Domain.yaml -> ./ChinaMaxNoMedia/ChinaMaxNoMedia_OCD_Domain.mrs （临时 ./ChinaMaxNoMedia/ChinaMaxNoMedia_OCD_Domain.mrs.tmp），之前 md5=f65f90e8773655877a7994775b71b460
[2025-09-13 06:34:02] ℹ️ 转换结果与现有 .mrs 相同，未更新：./ChinaMaxNoMedia/ChinaMaxNoMedia_OCD_Domain.mrs (md5 f65f90e8773655877a7994775b71b460)
[2025-09-13 06:34:02] 转换无变化，已删除 per-log：./ChinaMaxNoMedia/ChinaMaxNoMedia_OCD_Domain.mrs.log
[2025-09-13 06:34:02] 开始转换：./ChinaMaxNoMedia/ChinaMaxNoMedia_OCD_IP.yaml -> ./ChinaMaxNoMedia/ChinaMaxNoMedia_OCD_IP.mrs （临时 ./ChinaMaxNoMedia/ChinaMaxNoMedia_OCD_IP.mrs.tmp），之前 md5=56b7d087440481d23fec9a21c8cce41f
[2025-09-13 06:34:02] ℹ️ 转换结果与现有 .mrs 相同，未更新：./ChinaMaxNoMedia/ChinaMaxNoMedia_OCD_IP.mrs (md5 56b7d087440481d23fec9a21c8cce41f)
[2025-09-13 06:34:02] 转换无变化，已删除 per-log：./ChinaMaxNoMedia/ChinaMaxNoMedia_OCD_IP.mrs.log
[2025-09-13 06:34:02] 开始转换：./ChunYou/ChunYou_OCD_IP.yaml -> ./ChunYou/ChunYou_OCD_IP.mrs （临时 ./ChunYou/ChunYou_OCD_IP.mrs.tmp），之前 md5=3ae941e2c1937537ba5a07c4ac01521a
[2025-09-13 06:34:02] ℹ️ 转换结果与现有 .mrs 相同，未更新：./ChunYou/ChunYou_OCD_IP.mrs (md5 3ae941e2c1937537ba5a07c4ac01521a)
[2025-09-13 06:34:02] 转换无变化，已删除 per-log：./ChunYou/ChunYou_OCD_IP.mrs.log
[2025-09-13 06:34:02] 开始转换：./ChunYou/ChunYou_OCD_Domain.yaml -> ./ChunYou/ChunYou_OCD_Domain.mrs （临时 ./ChunYou/ChunYou_OCD_Domain.mrs.tmp），之前 md5=42b91b28de2e7cd76c8f27cc7b24580e
[2025-09-13 06:34:02] ℹ️ 转换结果与现有 .mrs 相同，未更新：./ChunYou/ChunYou_OCD_Domain.mrs (md5 42b91b28de2e7cd76c8f27cc7b24580e)
[2025-09-13 06:34:02] 转换无变化，已删除 per-log：./ChunYou/ChunYou_OCD_Domain.mrs.log
[2025-09-13 06:34:02] 开始转换：./APKCombo/APKCombo_OCD_IP.yaml -> ./APKCombo/APKCombo_OCD_IP.mrs （临时 ./APKCombo/APKCombo_OCD_IP.mrs.tmp），之前 md5=3ae941e2c1937537ba5a07c4ac01521a
[2025-09-13 06:34:02] ℹ️ 转换结果与现有 .mrs 相同，未更新：./APKCombo/APKCombo_OCD_IP.mrs (md5 3ae941e2c1937537ba5a07c4ac01521a)
[2025-09-13 06:34:02] 转换无变化，已删除 per-log：./APKCombo/APKCombo_OCD_IP.mrs.log
[2025-09-13 06:34:02] 开始转换：./APKCombo/APKCombo_OCD_Domain.yaml -> ./APKCombo/APKCombo_OCD_Domain.mrs （临时 ./APKCombo/APKCombo_OCD_Domain.mrs.tmp），之前 md5=2ca95a8624498fcca5c0d31191685d4e
[2025-09-13 06:34:02] ℹ️ 转换结果与现有 .mrs 相同，未更新：./APKCombo/APKCombo_OCD_Domain.mrs (md5 2ca95a8624498fcca5c0d31191685d4e)
[2025-09-13 06:34:02] 转换无变化，已删除 per-log：./APKCombo/APKCombo_OCD_Domain.mrs.log
[2025-09-13 06:34:02] 开始转换：./Vercel/Vercel_OCD_Domain.yaml -> ./Vercel/Vercel_OCD_Domain.mrs （临时 ./Vercel/Vercel_OCD_Domain.mrs.tmp），之前 md5=fb2db6a1b97ea900cdd8b08ae8904ad6
[2025-09-13 06:34:02] ℹ️ 转换结果与现有 .mrs 相同，未更新：./Vercel/Vercel_OCD_Domain.mrs (md5 fb2db6a1b97ea900cdd8b08ae8904ad6)
[2025-09-13 06:34:02] 转换无变化，已删除 per-log：./Vercel/Vercel_OCD_Domain.mrs.log
[2025-09-13 06:34:02] 开始转换：./Vercel/Vercel_OCD_IP.yaml -> ./Vercel/Vercel_OCD_IP.mrs （临时 ./Vercel/Vercel_OCD_IP.mrs.tmp），之前 md5=3ae941e2c1937537ba5a07c4ac01521a
[2025-09-13 06:34:02] ℹ️ 转换结果与现有 .mrs 相同，未更新：./Vercel/Vercel_OCD_IP.mrs (md5 3ae941e2c1937537ba5a07c4ac01521a)
[2025-09-13 06:34:02] 转换无变化，已删除 per-log：./Vercel/Vercel_OCD_IP.mrs.log
[2025-09-13 06:34:02] 开始转换：./TianTianKanKan/TianTianKanKan_OCD_IP.yaml -> ./TianTianKanKan/TianTianKanKan_OCD_IP.mrs （临时 ./TianTianKanKan/TianTianKanKan_OCD_IP.mrs.tmp），之前 md5=3ae941e2c1937537ba5a07c4ac01521a
[2025-09-13 06:34:02] ℹ️ 转换结果与现有 .mrs 相同，未更新：./TianTianKanKan/TianTianKanKan_OCD_IP.mrs (md5 3ae941e2c1937537ba5a07c4ac01521a)
[2025-09-13 06:34:02] 转换无变化，已删除 per-log：./TianTianKanKan/TianTianKanKan_OCD_IP.mrs.log
[2025-09-13 06:34:02] 开始转换：./TianTianKanKan/TianTianKanKan_OCD_Domain.yaml -> ./TianTianKanKan/TianTianKanKan_OCD_Domain.mrs （临时 ./TianTianKanKan/TianTianKanKan_OCD_Domain.mrs.tmp），之前 md5=7b38112025d8b0bc64aad966e367344b
[2025-09-13 06:34:02] ℹ️ 转换结果与现有 .mrs 相同，未更新：./TianTianKanKan/TianTianKanKan_OCD_Domain.mrs (md5 7b38112025d8b0bc64aad966e367344b)
[2025-09-13 06:34:02] 转换无变化，已删除 per-log：./TianTianKanKan/TianTianKanKan_OCD_Domain.mrs.log
[2025-09-13 06:34:02] 开始转换：./HashiCorp/HashiCorp_OCD_IP.yaml -> ./HashiCorp/HashiCorp_OCD_IP.mrs （临时 ./HashiCorp/HashiCorp_OCD_IP.mrs.tmp），之前 md5=3ae941e2c1937537ba5a07c4ac01521a
[2025-09-13 06:34:02] ℹ️ 转换结果与现有 .mrs 相同，未更新：./HashiCorp/HashiCorp_OCD_IP.mrs (md5 3ae941e2c1937537ba5a07c4ac01521a)
[2025-09-13 06:34:02] 转换无变化，已删除 per-log：./HashiCorp/HashiCorp_OCD_IP.mrs.log
[2025-09-13 06:34:02] 开始转换：./HashiCorp/HashiCorp_OCD_Domain.yaml -> ./HashiCorp/HashiCorp_OCD_Domain.mrs （临时 ./HashiCorp/HashiCorp_OCD_Domain.mrs.tmp），之前 md5=b357f57e6ad3619796da2815bec9700b
[2025-09-13 06:34:02] ℹ️ 转换结果与现有 .mrs 相同，未更新：./HashiCorp/HashiCorp_OCD_Domain.mrs (md5 b357f57e6ad3619796da2815bec9700b)
[2025-09-13 06:34:02] 转换无变化，已删除 per-log：./HashiCorp/HashiCorp_OCD_Domain.mrs.log
[2025-09-13 06:34:02] 开始转换：./Vimeo/Vimeo_OCD_IP.yaml -> ./Vimeo/Vimeo_OCD_IP.mrs （临时 ./Vimeo/Vimeo_OCD_IP.mrs.tmp），之前 md5=3ae941e2c1937537ba5a07c4ac01521a
[2025-09-13 06:34:02] ℹ️ 转换结果与现有 .mrs 相同，未更新：./Vimeo/Vimeo_OCD_IP.mrs (md5 3ae941e2c1937537ba5a07c4ac01521a)
[2025-09-13 06:34:02] 转换无变化，已删除 per-log：./Vimeo/Vimeo_OCD_IP.mrs.log
[2025-09-13 06:34:02] 开始转换：./Vimeo/Vimeo_OCD_Domain.yaml -> ./Vimeo/Vimeo_OCD_Domain.mrs （临时 ./Vimeo/Vimeo_OCD_Domain.mrs.tmp），之前 md5=5c2e63ba5ae22e4e367d161916407cc4
[2025-09-13 06:34:02] ℹ️ 转换结果与现有 .mrs 相同，未更新：./Vimeo/Vimeo_OCD_Domain.mrs (md5 5c2e63ba5ae22e4e367d161916407cc4)
[2025-09-13 06:34:02] 转换无变化，已删除 per-log：./Vimeo/Vimeo_OCD_Domain.mrs.log
[2025-09-13 06:34:02] 开始转换：./ZhiYunZhong/ZhiYunZhong_OCD_Domain.yaml -> ./ZhiYunZhong/ZhiYunZhong_OCD_Domain.mrs （临时 ./ZhiYunZhong/ZhiYunZhong_OCD_Domain.mrs.tmp），之前 md5=1d273296017c4a5f37f2fb525adf3889
[2025-09-13 06:34:02] ℹ️ 转换结果与现有 .mrs 相同，未更新：./ZhiYunZhong/ZhiYunZhong_OCD_Domain.mrs (md5 1d273296017c4a5f37f2fb525adf3889)
[2025-09-13 06:34:02] 转换无变化，已删除 per-log：./ZhiYunZhong/ZhiYunZhong_OCD_Domain.mrs.log
[2025-09-13 06:34:02] 开始转换：./ZhiYunZhong/ZhiYunZhong_OCD_IP.yaml -> ./ZhiYunZhong/ZhiYunZhong_OCD_IP.mrs （临时 ./ZhiYunZhong/ZhiYunZhong_OCD_IP.mrs.tmp），之前 md5=3ae941e2c1937537ba5a07c4ac01521a
[2025-09-13 06:34:02] ℹ️ 转换结果与现有 .mrs 相同，未更新：./ZhiYunZhong/ZhiYunZhong_OCD_IP.mrs (md5 3ae941e2c1937537ba5a07c4ac01521a)
[2025-09-13 06:34:02] 转换无变化，已删除 per-log：./ZhiYunZhong/ZhiYunZhong_OCD_IP.mrs.log
[2025-09-13 06:34:02] 开始转换：./Qyyjt/Qyyjt_OCD_Domain.yaml -> ./Qyyjt/Qyyjt_OCD_Domain.mrs （临时 ./Qyyjt/Qyyjt_OCD_Domain.mrs.tmp），之前 md5=b0b580807e661635f08ee1d7bc6476ce
[2025-09-13 06:34:02] ℹ️ 转换结果与现有 .mrs 相同，未更新：./Qyyjt/Qyyjt_OCD_Domain.mrs (md5 b0b580807e661635f08ee1d7bc6476ce)
[2025-09-13 06:34:02] 转换无变化，已删除 per-log：./Qyyjt/Qyyjt_OCD_Domain.mrs.log
[2025-09-13 06:34:02] 开始转换：./Qyyjt/Qyyjt_OCD_IP.yaml -> ./Qyyjt/Qyyjt_OCD_IP.mrs （临时 ./Qyyjt/Qyyjt_OCD_IP.mrs.tmp），之前 md5=3ae941e2c1937537ba5a07c4ac01521a
[2025-09-13 06:34:02] ℹ️ 转换结果与现有 .mrs 相同，未更新：./Qyyjt/Qyyjt_OCD_IP.mrs (md5 3ae941e2c1937537ba5a07c4ac01521a)
[2025-09-13 06:34:02] 转换无变化，已删除 per-log：./Qyyjt/Qyyjt_OCD_IP.mrs.log
[2025-09-13 06:34:02] 开始转换：./Funshion/Funshion_OCD_Domain.yaml -> ./Funshion/Funshion_OCD_Domain.mrs （临时 ./Funshion/Funshion_OCD_Domain.mrs.tmp），之前 md5=af1da8eb9a056b6427d52a9dcbbb305f
[2025-09-13 06:34:02] ℹ️ 转换结果与现有 .mrs 相同，未更新：./Funshion/Funshion_OCD_Domain.mrs (md5 af1da8eb9a056b6427d52a9dcbbb305f)
[2025-09-13 06:34:02] 转换无变化，已删除 per-log：./Funshion/Funshion_OCD_Domain.mrs.log
[2025-09-13 06:34:02] 开始转换：./Funshion/Funshion_OCD_IP.yaml -> ./Funshion/Funshion_OCD_IP.mrs （临时 ./Funshion/Funshion_OCD_IP.mrs.tmp），之前 md5=3ae941e2c1937537ba5a07c4ac01521a
[2025-09-13 06:34:02] ℹ️ 转换结果与现有 .mrs 相同，未更新：./Funshion/Funshion_OCD_IP.mrs (md5 3ae941e2c1937537ba5a07c4ac01521a)
[2025-09-13 06:34:02] 转换无变化，已删除 per-log：./Funshion/Funshion_OCD_IP.mrs.log
[2025-09-13 06:34:02] 开始转换：./YouZan/YouZan_OCD_IP.yaml -> ./YouZan/YouZan_OCD_IP.mrs （临时 ./YouZan/YouZan_OCD_IP.mrs.tmp），之前 md5=3ae941e2c1937537ba5a07c4ac01521a
[2025-09-13 06:34:02] ℹ️ 转换结果与现有 .mrs 相同，未更新：./YouZan/YouZan_OCD_IP.mrs (md5 3ae941e2c1937537ba5a07c4ac01521a)
[2025-09-13 06:34:02] 转换无变化，已删除 per-log：./YouZan/YouZan_OCD_IP.mrs.log
[2025-09-13 06:34:02] 开始转换：./YouZan/YouZan_OCD_Domain.yaml -> ./YouZan/YouZan_OCD_Domain.mrs （临时 ./YouZan/YouZan_OCD_Domain.mrs.tmp），之前 md5=f90181be3c46b2f0f39e39774b4cc16a
[2025-09-13 06:34:02] ℹ️ 转换结果与现有 .mrs 相同，未更新：./YouZan/YouZan_OCD_Domain.mrs (md5 f90181be3c46b2f0f39e39774b4cc16a)
[2025-09-13 06:34:02] 转换无变化，已删除 per-log：./YouZan/YouZan_OCD_Domain.mrs.log
[2025-09-13 06:34:02] 开始转换：./Youku/Youku_OCD_Domain.yaml -> ./Youku/Youku_OCD_Domain.mrs （临时 ./Youku/Youku_OCD_Domain.mrs.tmp），之前 md5=d15b50816354ce15106083ae3caf5a05
[2025-09-13 06:34:02] ℹ️ 转换结果与现有 .mrs 相同，未更新：./Youku/Youku_OCD_Domain.mrs (md5 d15b50816354ce15106083ae3caf5a05)
[2025-09-13 06:34:02] 转换无变化，已删除 per-log：./Youku/Youku_OCD_Domain.mrs.log
[2025-09-13 06:34:02] 开始转换：./Youku/Youku_OCD_IP.yaml -> ./Youku/Youku_OCD_IP.mrs （临时 ./Youku/Youku_OCD_IP.mrs.tmp），之前 md5=6a5e62074aa01571053a28161f0de94c
[2025-09-13 06:34:02] ℹ️ 转换结果与现有 .mrs 相同，未更新：./Youku/Youku_OCD_IP.mrs (md5 6a5e62074aa01571053a28161f0de94c)
[2025-09-13 06:34:02] 转换无变化，已删除 per-log：./Youku/Youku_OCD_IP.mrs.log
[2025-09-13 06:34:02] 开始转换：./WangXinKeJi/WangXinKeJi_OCD_Domain.yaml -> ./WangXinKeJi/WangXinKeJi_OCD_Domain.mrs （临时 ./WangXinKeJi/WangXinKeJi_OCD_Domain.mrs.tmp），之前 md5=0aa8052c83305725ec7c28f6bbc5dd52
[2025-09-13 06:34:02] ℹ️ 转换结果与现有 .mrs 相同，未更新：./WangXinKeJi/WangXinKeJi_OCD_Domain.mrs (md5 0aa8052c83305725ec7c28f6bbc5dd52)
[2025-09-13 06:34:02] 转换无变化，已删除 per-log：./WangXinKeJi/WangXinKeJi_OCD_Domain.mrs.log
[2025-09-13 06:34:02] 开始转换：./WangXinKeJi/WangXinKeJi_OCD_IP.yaml -> ./WangXinKeJi/WangXinKeJi_OCD_IP.mrs （临时 ./WangXinKeJi/WangXinKeJi_OCD_IP.mrs.tmp），之前 md5=3ae941e2c1937537ba5a07c4ac01521a
[2025-09-13 06:34:02] ℹ️ 转换结果与现有 .mrs 相同，未更新：./WangXinKeJi/WangXinKeJi_OCD_IP.mrs (md5 3ae941e2c1937537ba5a07c4ac01521a)
[2025-09-13 06:34:02] 转换无变化，已删除 per-log：./WangXinKeJi/WangXinKeJi_OCD_IP.mrs.log
[2025-09-13 06:34:02] 开始转换：./AliPay/AliPay_OCD_Domain.yaml -> ./AliPay/AliPay_OCD_Domain.mrs （临时 ./AliPay/AliPay_OCD_Domain.mrs.tmp），之前 md5=2b9feede1fb603cbc4237f70f49ee6b0
[2025-09-13 06:34:02] ℹ️ 转换结果与现有 .mrs 相同，未更新：./AliPay/AliPay_OCD_Domain.mrs (md5 2b9feede1fb603cbc4237f70f49ee6b0)
[2025-09-13 06:34:02] 转换无变化，已删除 per-log：./AliPay/AliPay_OCD_Domain.mrs.log
[2025-09-13 06:34:02] 开始转换：./AliPay/AliPay_OCD_IP.yaml -> ./AliPay/AliPay_OCD_IP.mrs （临时 ./AliPay/AliPay_OCD_IP.mrs.tmp），之前 md5=3ae941e2c1937537ba5a07c4ac01521a
[2025-09-13 06:34:03] ℹ️ 转换结果与现有 .mrs 相同，未更新：./AliPay/AliPay_OCD_IP.mrs (md5 3ae941e2c1937537ba5a07c4ac01521a)
[2025-09-13 06:34:03] 转换无变化，已删除 per-log：./AliPay/AliPay_OCD_IP.mrs.log
[2025-09-13 06:34:03] 开始转换：./Acer/Acer_OCD_Domain.yaml -> ./Acer/Acer_OCD_Domain.mrs （临时 ./Acer/Acer_OCD_Domain.mrs.tmp），之前 md5=a7c2cb60ec45a7ff6f6e17aca8723e07
[2025-09-13 06:34:03] ℹ️ 转换结果与现有 .mrs 相同，未更新：./Acer/Acer_OCD_Domain.mrs (md5 a7c2cb60ec45a7ff6f6e17aca8723e07)
[2025-09-13 06:34:03] 转换无变化，已删除 per-log：./Acer/Acer_OCD_Domain.mrs.log
[2025-09-13 06:34:03] 开始转换：./Acer/Acer_OCD_IP.yaml -> ./Acer/Acer_OCD_IP.mrs （临时 ./Acer/Acer_OCD_IP.mrs.tmp），之前 md5=3ae941e2c1937537ba5a07c4ac01521a
[2025-09-13 06:34:03] ℹ️ 转换结果与现有 .mrs 相同，未更新：./Acer/Acer_OCD_IP.mrs (md5 3ae941e2c1937537ba5a07c4ac01521a)
[2025-09-13 06:34:03] 转换无变化，已删除 per-log：./Acer/Acer_OCD_IP.mrs.log
[2025-09-13 06:34:03] 开始转换：./CAS/CAS_OCD_IP.yaml -> ./CAS/CAS_OCD_IP.mrs （临时 ./CAS/CAS_OCD_IP.mrs.tmp），之前 md5=3ae941e2c1937537ba5a07c4ac01521a
[2025-09-13 06:34:03] ℹ️ 转换结果与现有 .mrs 相同，未更新：./CAS/CAS_OCD_IP.mrs (md5 3ae941e2c1937537ba5a07c4ac01521a)
[2025-09-13 06:34:03] 转换无变化，已删除 per-log：./CAS/CAS_OCD_IP.mrs.log
[2025-09-13 06:34:03] 开始转换：./CAS/CAS_OCD_Domain.yaml -> ./CAS/CAS_OCD_Domain.mrs （临时 ./CAS/CAS_OCD_Domain.mrs.tmp），之前 md5=4dd7650c2ef55625658f32bfbb474a5e
[2025-09-13 06:34:03] ℹ️ 转换结果与现有 .mrs 相同，未更新：./CAS/CAS_OCD_Domain.mrs (md5 4dd7650c2ef55625658f32bfbb474a5e)
[2025-09-13 06:34:03] 转换无变化，已删除 per-log：./CAS/CAS_OCD_Domain.mrs.log
[2025-09-13 06:34:03] 开始转换：./ChinaIPsBGP/ChinaIPsBGP_OCD_Domain.yaml -> ./ChinaIPsBGP/ChinaIPsBGP_OCD_Domain.mrs （临时 ./ChinaIPsBGP/ChinaIPsBGP_OCD_Domain.mrs.tmp），之前 md5=3b09ff0bd0293a12f4ddcfe99bd4d7b8
[2025-09-13 06:34:03] ✅ 转换并更新：./ChinaIPsBGP/ChinaIPsBGP_OCD_Domain.mrs （3b09ff0bd0293a12f4ddcfe99bd4d7b8 -> 017e43f277341d38bb8ae871a3770262）
[2025-09-13 06:34:03] 已删除成功转换产生的日志文件：./ChinaIPsBGP/ChinaIPsBGP_OCD_Domain.mrs.log
[2025-09-13 06:34:03] 开始转换：./ChinaIPsBGP/ChinaIPsBGP_OCD_IP.yaml -> ./ChinaIPsBGP/ChinaIPsBGP_OCD_IP.mrs （临时 ./ChinaIPsBGP/ChinaIPsBGP_OCD_IP.mrs.tmp），之前 md5=c06ca4e0ee2d19df8bec1374e244c927
[2025-09-13 06:34:03] ℹ️ 转换结果与现有 .mrs 相同，未更新：./ChinaIPsBGP/ChinaIPsBGP_OCD_IP.mrs (md5 c06ca4e0ee2d19df8bec1374e244c927)
[2025-09-13 06:34:03] 转换无变化，已删除 per-log：./ChinaIPsBGP/ChinaIPsBGP_OCD_IP.mrs.log
[2025-09-13 06:34:03] 开始转换：./WorldofWarcraft/WorldofWarcraft_OCD_IP.yaml -> ./WorldofWarcraft/WorldofWarcraft_OCD_IP.mrs （临时 ./WorldofWarcraft/WorldofWarcraft_OCD_IP.mrs.tmp），之前 md5=61e39bc03f0fc14564144767cd8ee8be
[2025-09-13 06:34:03] ℹ️ 转换结果与现有 .mrs 相同，未更新：./WorldofWarcraft/WorldofWarcraft_OCD_IP.mrs (md5 61e39bc03f0fc14564144767cd8ee8be)
[2025-09-13 06:34:03] 转换无变化，已删除 per-log：./WorldofWarcraft/WorldofWarcraft_OCD_IP.mrs.log
[2025-09-13 06:34:03] 开始转换：./WorldofWarcraft/WorldofWarcraft_OCD_Domain.yaml -> ./WorldofWarcraft/WorldofWarcraft_OCD_Domain.mrs （临时 ./WorldofWarcraft/WorldofWarcraft_OCD_Domain.mrs.tmp），之前 md5=3b09ff0bd0293a12f4ddcfe99bd4d7b8
[2025-09-13 06:34:03] ✅ 转换并更新：./WorldofWarcraft/WorldofWarcraft_OCD_Domain.mrs （3b09ff0bd0293a12f4ddcfe99bd4d7b8 -> 017e43f277341d38bb8ae871a3770262）
[2025-09-13 06:34:03] 已删除成功转换产生的日志文件：./WorldofWarcraft/WorldofWarcraft_OCD_Domain.mrs.log
[2025-09-13 06:34:03] 开始转换：./YouMengChuangXiang/YouMengChuangXiang_OCD_Domain.yaml -> ./YouMengChuangXiang/YouMengChuangXiang_OCD_Domain.mrs （临时 ./YouMengChuangXiang/YouMengChuangXiang_OCD_Domain.mrs.tmp），之前 md5=d8c7045ab6aff0f0fc2b008d361d1b2b
[2025-09-13 06:34:03] ℹ️ 转换结果与现有 .mrs 相同，未更新：./YouMengChuangXiang/YouMengChuangXiang_OCD_Domain.mrs (md5 d8c7045ab6aff0f0fc2b008d361d1b2b)
[2025-09-13 06:34:03] 转换无变化，已删除 per-log：./YouMengChuangXiang/YouMengChuangXiang_OCD_Domain.mrs.log
[2025-09-13 06:34:03] 开始转换：./YouMengChuangXiang/YouMengChuangXiang_OCD_IP.yaml -> ./YouMengChuangXiang/YouMengChuangXiang_OCD_IP.mrs （临时 ./YouMengChuangXiang/YouMengChuangXiang_OCD_IP.mrs.tmp），之前 md5=3ae941e2c1937537ba5a07c4ac01521a
[2025-09-13 06:34:03] ℹ️ 转换结果与现有 .mrs 相同，未更新：./YouMengChuangXiang/YouMengChuangXiang_OCD_IP.mrs (md5 3ae941e2c1937537ba5a07c4ac01521a)
[2025-09-13 06:34:03] 转换无变化，已删除 per-log：./YouMengChuangXiang/YouMengChuangXiang_OCD_IP.mrs.log
[2025-09-13 06:34:03] 开始转换：./MiWu/MiWu_OCD_IP.yaml -> ./MiWu/MiWu_OCD_IP.mrs （临时 ./MiWu/MiWu_OCD_IP.mrs.tmp），之前 md5=3ae941e2c1937537ba5a07c4ac01521a
[2025-09-13 06:34:03] ℹ️ 转换结果与现有 .mrs 相同，未更新：./MiWu/MiWu_OCD_IP.mrs (md5 3ae941e2c1937537ba5a07c4ac01521a)
[2025-09-13 06:34:03] 转换无变化，已删除 per-log：./MiWu/MiWu_OCD_IP.mrs.log
[2025-09-13 06:34:03] 开始转换：./MiWu/MiWu_OCD_Domain.yaml -> ./MiWu/MiWu_OCD_Domain.mrs （临时 ./MiWu/MiWu_OCD_Domain.mrs.tmp），之前 md5=0505eaa8f6ac90fce10c43aaec6d13a5
[2025-09-13 06:34:03] ℹ️ 转换结果与现有 .mrs 相同，未更新：./MiWu/MiWu_OCD_Domain.mrs (md5 0505eaa8f6ac90fce10c43aaec6d13a5)
[2025-09-13 06:34:03] 转换无变化，已删除 per-log：./MiWu/MiWu_OCD_Domain.mrs.log
[2025-09-13 06:34:03] 开始转换：./TVB/TVB_OCD_Domain.yaml -> ./TVB/TVB_OCD_Domain.mrs （临时 ./TVB/TVB_OCD_Domain.mrs.tmp），之前 md5=2cfcd76a189b06a91e2e3f8a051f8ee0
[2025-09-13 06:34:03] ℹ️ 转换结果与现有 .mrs 相同，未更新：./TVB/TVB_OCD_Domain.mrs (md5 2cfcd76a189b06a91e2e3f8a051f8ee0)
[2025-09-13 06:34:03] 转换无变化，已删除 per-log：./TVB/TVB_OCD_Domain.mrs.log
[2025-09-13 06:34:03] 开始转换：./TVB/TVB_OCD_IP.yaml -> ./TVB/TVB_OCD_IP.mrs （临时 ./TVB/TVB_OCD_IP.mrs.tmp），之前 md5=3ae941e2c1937537ba5a07c4ac01521a
[2025-09-13 06:34:03] ℹ️ 转换结果与现有 .mrs 相同，未更新：./TVB/TVB_OCD_IP.mrs (md5 3ae941e2c1937537ba5a07c4ac01521a)
[2025-09-13 06:34:03] 转换无变化，已删除 per-log：./TVB/TVB_OCD_IP.mrs.log
[2025-09-13 06:34:03] 开始转换：./TruthSocial/TruthSocial_OCD_IP.yaml -> ./TruthSocial/TruthSocial_OCD_IP.mrs （临时 ./TruthSocial/TruthSocial_OCD_IP.mrs.tmp），之前 md5=3ae941e2c1937537ba5a07c4ac01521a
[2025-09-13 06:34:03] ℹ️ 转换结果与现有 .mrs 相同，未更新：./TruthSocial/TruthSocial_OCD_IP.mrs (md5 3ae941e2c1937537ba5a07c4ac01521a)
[2025-09-13 06:34:03] 转换无变化，已删除 per-log：./TruthSocial/TruthSocial_OCD_IP.mrs.log
[2025-09-13 06:34:03] 开始转换：./TruthSocial/TruthSocial_OCD_Domain.yaml -> ./TruthSocial/TruthSocial_OCD_Domain.mrs （临时 ./TruthSocial/TruthSocial_OCD_Domain.mrs.tmp），之前 md5=d77ca1abe86ce5ee830f72aa56412a89
[2025-09-13 06:34:03] ℹ️ 转换结果与现有 .mrs 相同，未更新：./TruthSocial/TruthSocial_OCD_Domain.mrs (md5 d77ca1abe86ce5ee830f72aa56412a89)
[2025-09-13 06:34:03] 转换无变化，已删除 per-log：./TruthSocial/TruthSocial_OCD_Domain.mrs.log
[2025-09-13 06:34:03] 开始转换：./58TongCheng/58TongCheng_OCD_IP.yaml -> ./58TongCheng/58TongCheng_OCD_IP.mrs （临时 ./58TongCheng/58TongCheng_OCD_IP.mrs.tmp），之前 md5=3ae941e2c1937537ba5a07c4ac01521a
[2025-09-13 06:34:03] ℹ️ 转换结果与现有 .mrs 相同，未更新：./58TongCheng/58TongCheng_OCD_IP.mrs (md5 3ae941e2c1937537ba5a07c4ac01521a)
[2025-09-13 06:34:03] 转换无变化，已删除 per-log：./58TongCheng/58TongCheng_OCD_IP.mrs.log
[2025-09-13 06:34:03] 开始转换：./58TongCheng/58TongCheng_OCD_Domain.yaml -> ./58TongCheng/58TongCheng_OCD_Domain.mrs （临时 ./58TongCheng/58TongCheng_OCD_Domain.mrs.tmp），之前 md5=157cfaab51117cfdbe9605eeaf5c4c15
[2025-09-13 06:34:03] ℹ️ 转换结果与现有 .mrs 相同，未更新：./58TongCheng/58TongCheng_OCD_Domain.mrs (md5 157cfaab51117cfdbe9605eeaf5c4c15)
[2025-09-13 06:34:03] 转换无变化，已删除 per-log：./58TongCheng/58TongCheng_OCD_Domain.mrs.log
[2025-09-13 06:34:03] 开始转换：./KuKeMusic/KuKeMusic_OCD_Domain.yaml -> ./KuKeMusic/KuKeMusic_OCD_Domain.mrs （临时 ./KuKeMusic/KuKeMusic_OCD_Domain.mrs.tmp），之前 md5=903bea27e9d703b15703a6fdefcb1e24
[2025-09-13 06:34:03] ℹ️ 转换结果与现有 .mrs 相同，未更新：./KuKeMusic/KuKeMusic_OCD_Domain.mrs (md5 903bea27e9d703b15703a6fdefcb1e24)
[2025-09-13 06:34:03] 转换无变化，已删除 per-log：./KuKeMusic/KuKeMusic_OCD_Domain.mrs.log
[2025-09-13 06:34:03] 开始转换：./KuKeMusic/KuKeMusic_OCD_IP.yaml -> ./KuKeMusic/KuKeMusic_OCD_IP.mrs （临时 ./KuKeMusic/KuKeMusic_OCD_IP.mrs.tmp），之前 md5=3ae941e2c1937537ba5a07c4ac01521a
[2025-09-13 06:34:03] ℹ️ 转换结果与现有 .mrs 相同，未更新：./KuKeMusic/KuKeMusic_OCD_IP.mrs (md5 3ae941e2c1937537ba5a07c4ac01521a)
[2025-09-13 06:34:03] 转换无变化，已删除 per-log：./KuKeMusic/KuKeMusic_OCD_IP.mrs.log
[2025-09-13 06:34:03] 开始转换：./BlockHttpDNS/BlockHttpDNS_OCD_IP.yaml -> ./BlockHttpDNS/BlockHttpDNS_OCD_IP.mrs （临时 ./BlockHttpDNS/BlockHttpDNS_OCD_IP.mrs.tmp），之前 md5=753e4499eaf8d203b9090b49b0d94402
[2025-09-13 06:34:03] ℹ️ 转换结果与现有 .mrs 相同，未更新：./BlockHttpDNS/BlockHttpDNS_OCD_IP.mrs (md5 753e4499eaf8d203b9090b49b0d94402)
[2025-09-13 06:34:03] 转换无变化，已删除 per-log：./BlockHttpDNS/BlockHttpDNS_OCD_IP.mrs.log
[2025-09-13 06:34:03] 开始转换：./BlockHttpDNS/BlockHttpDNS_OCD_Domain.yaml -> ./BlockHttpDNS/BlockHttpDNS_OCD_Domain.mrs （临时 ./BlockHttpDNS/BlockHttpDNS_OCD_Domain.mrs.tmp），之前 md5=68dba7c8055c319b2db594ba6f4cf4a0
[2025-09-13 06:34:03] ℹ️ 转换结果与现有 .mrs 相同，未更新：./BlockHttpDNS/BlockHttpDNS_OCD_Domain.mrs (md5 68dba7c8055c319b2db594ba6f4cf4a0)
[2025-09-13 06:34:03] 转换无变化，已删除 per-log：./BlockHttpDNS/BlockHttpDNS_OCD_Domain.mrs.log
[2025-09-13 06:34:03] 开始转换：./Dubox/Dubox_OCD_IP.yaml -> ./Dubox/Dubox_OCD_IP.mrs （临时 ./Dubox/Dubox_OCD_IP.mrs.tmp），之前 md5=3ae941e2c1937537ba5a07c4ac01521a
[2025-09-13 06:34:03] ℹ️ 转换结果与现有 .mrs 相同，未更新：./Dubox/Dubox_OCD_IP.mrs (md5 3ae941e2c1937537ba5a07c4ac01521a)
[2025-09-13 06:34:03] 转换无变化，已删除 per-log：./Dubox/Dubox_OCD_IP.mrs.log
[2025-09-13 06:34:03] 开始转换：./Dubox/Dubox_OCD_Domain.yaml -> ./Dubox/Dubox_OCD_Domain.mrs （临时 ./Dubox/Dubox_OCD_Domain.mrs.tmp），之前 md5=726c66b0c7d4a22f756a9221aeb2518c
[2025-09-13 06:34:03] ℹ️ 转换结果与现有 .mrs 相同，未更新：./Dubox/Dubox_OCD_Domain.mrs (md5 726c66b0c7d4a22f756a9221aeb2518c)
[2025-09-13 06:34:03] 转换无变化，已删除 per-log：./Dubox/Dubox_OCD_Domain.mrs.log
[2025-09-13 06:34:03] 开始转换：./Samsung/Samsung_OCD_Domain.yaml -> ./Samsung/Samsung_OCD_Domain.mrs （临时 ./Samsung/Samsung_OCD_Domain.mrs.tmp），之前 md5=2cc859316623c0b2ea5369dfa80d3058
[2025-09-13 06:34:03] ℹ️ 转换结果与现有 .mrs 相同，未更新：./Samsung/Samsung_OCD_Domain.mrs (md5 2cc859316623c0b2ea5369dfa80d3058)
[2025-09-13 06:34:03] 转换无变化，已删除 per-log：./Samsung/Samsung_OCD_Domain.mrs.log
[2025-09-13 06:34:03] 开始转换：./Samsung/Samsung_OCD_IP.yaml -> ./Samsung/Samsung_OCD_IP.mrs （临时 ./Samsung/Samsung_OCD_IP.mrs.tmp），之前 md5=3ae941e2c1937537ba5a07c4ac01521a
[2025-09-13 06:34:03] ℹ️ 转换结果与现有 .mrs 相同，未更新：./Samsung/Samsung_OCD_IP.mrs (md5 3ae941e2c1937537ba5a07c4ac01521a)
[2025-09-13 06:34:03] 转换无变化，已删除 per-log：./Samsung/Samsung_OCD_IP.mrs.log
[2025-09-13 06:34:03] 开始转换：./HBOHK/HBOHK_OCD_Domain.yaml -> ./HBOHK/HBOHK_OCD_Domain.mrs （临时 ./HBOHK/HBOHK_OCD_Domain.mrs.tmp），之前 md5=71de9dcd9584fd54283fc73dfd724cec
[2025-09-13 06:34:03] ℹ️ 转换结果与现有 .mrs 相同，未更新：./HBOHK/HBOHK_OCD_Domain.mrs (md5 71de9dcd9584fd54283fc73dfd724cec)
[2025-09-13 06:34:03] 转换无变化，已删除 per-log：./HBOHK/HBOHK_OCD_Domain.mrs.log
[2025-09-13 06:34:03] 开始转换：./HBOHK/HBOHK_OCD_IP.yaml -> ./HBOHK/HBOHK_OCD_IP.mrs （临时 ./HBOHK/HBOHK_OCD_IP.mrs.tmp），之前 md5=3ae941e2c1937537ba5a07c4ac01521a
[2025-09-13 06:34:03] ℹ️ 转换结果与现有 .mrs 相同，未更新：./HBOHK/HBOHK_OCD_IP.mrs (md5 3ae941e2c1937537ba5a07c4ac01521a)
[2025-09-13 06:34:03] 转换无变化，已删除 per-log：./HBOHK/HBOHK_OCD_IP.mrs.log
[2025-09-13 06:34:03] 开始转换：./GoogleVoice/GoogleVoice_OCD_IP.yaml -> ./GoogleVoice/GoogleVoice_OCD_IP.mrs （临时 ./GoogleVoice/GoogleVoice_OCD_IP.mrs.tmp），之前 md5=3ae941e2c1937537ba5a07c4ac01521a
[2025-09-13 06:34:03] ℹ️ 转换结果与现有 .mrs 相同，未更新：./GoogleVoice/GoogleVoice_OCD_IP.mrs (md5 3ae941e2c1937537ba5a07c4ac01521a)
[2025-09-13 06:34:03] 转换无变化，已删除 per-log：./GoogleVoice/GoogleVoice_OCD_IP.mrs.log
[2025-09-13 06:34:03] 开始转换：./GoogleVoice/GoogleVoice_OCD_Domain.yaml -> ./GoogleVoice/GoogleVoice_OCD_Domain.mrs （临时 ./GoogleVoice/GoogleVoice_OCD_Domain.mrs.tmp），之前 md5=f3803e520dbfe087ef6365ca398dc610
[2025-09-13 06:34:03] ℹ️ 转换结果与现有 .mrs 相同，未更新：./GoogleVoice/GoogleVoice_OCD_Domain.mrs (md5 f3803e520dbfe087ef6365ca398dc610)
[2025-09-13 06:34:03] 转换无变化，已删除 per-log：./GoogleVoice/GoogleVoice_OCD_Domain.mrs.log
[2025-09-13 06:34:03] 开始转换：./YuanFuDao/YuanFuDao_OCD_Domain.yaml -> ./YuanFuDao/YuanFuDao_OCD_Domain.mrs （临时 ./YuanFuDao/YuanFuDao_OCD_Domain.mrs.tmp），之前 md5=125b55b08619b4d757705aadeb1db7aa
[2025-09-13 06:34:03] ℹ️ 转换结果与现有 .mrs 相同，未更新：./YuanFuDao/YuanFuDao_OCD_Domain.mrs (md5 125b55b08619b4d757705aadeb1db7aa)
[2025-09-13 06:34:03] 转换无变化，已删除 per-log：./YuanFuDao/YuanFuDao_OCD_Domain.mrs.log
[2025-09-13 06:34:03] 开始转换：./YuanFuDao/YuanFuDao_OCD_IP.yaml -> ./YuanFuDao/YuanFuDao_OCD_IP.mrs （临时 ./YuanFuDao/YuanFuDao_OCD_IP.mrs.tmp），之前 md5=3ae941e2c1937537ba5a07c4ac01521a
[2025-09-13 06:34:03] ℹ️ 转换结果与现有 .mrs 相同，未更新：./YuanFuDao/YuanFuDao_OCD_IP.mrs (md5 3ae941e2c1937537ba5a07c4ac01521a)
[2025-09-13 06:34:03] 转换无变化，已删除 per-log：./YuanFuDao/YuanFuDao_OCD_IP.mrs.log
[2025-09-13 06:34:03] 开始转换：./4chan/4chan_OCD_IP.yaml -> ./4chan/4chan_OCD_IP.mrs （临时 ./4chan/4chan_OCD_IP.mrs.tmp），之前 md5=3ae941e2c1937537ba5a07c4ac01521a
[2025-09-13 06:34:04] ℹ️ 转换结果与现有 .mrs 相同，未更新：./4chan/4chan_OCD_IP.mrs (md5 3ae941e2c1937537ba5a07c4ac01521a)
[2025-09-13 06:34:04] 转换无变化，已删除 per-log：./4chan/4chan_OCD_IP.mrs.log
[2025-09-13 06:34:04] 开始转换：./4chan/4chan_OCD_Domain.yaml -> ./4chan/4chan_OCD_Domain.mrs （临时 ./4chan/4chan_OCD_Domain.mrs.tmp），之前 md5=76f352e4a82fac51e893bc823da2f3ad
[2025-09-13 06:34:04] ℹ️ 转换结果与现有 .mrs 相同，未更新：./4chan/4chan_OCD_Domain.mrs (md5 76f352e4a82fac51e893bc823da2f3ad)
[2025-09-13 06:34:04] 转换无变化，已删除 per-log：./4chan/4chan_OCD_Domain.mrs.log
[2025-09-13 06:34:04] 开始转换：./AppleFirmware/AppleFirmware_OCD_Domain.yaml -> ./AppleFirmware/AppleFirmware_OCD_Domain.mrs （临时 ./AppleFirmware/AppleFirmware_OCD_Domain.mrs.tmp），之前 md5=04149fa9174564462ed47742d0ef42fe
[2025-09-13 06:34:04] ℹ️ 转换结果与现有 .mrs 相同，未更新：./AppleFirmware/AppleFirmware_OCD_Domain.mrs (md5 04149fa9174564462ed47742d0ef42fe)
[2025-09-13 06:34:04] 转换无变化，已删除 per-log：./AppleFirmware/AppleFirmware_OCD_Domain.mrs.log
[2025-09-13 06:34:04] 开始转换：./AppleFirmware/AppleFirmware_OCD_IP.yaml -> ./AppleFirmware/AppleFirmware_OCD_IP.mrs （临时 ./AppleFirmware/AppleFirmware_OCD_IP.mrs.tmp），之前 md5=3ae941e2c1937537ba5a07c4ac01521a
[2025-09-13 06:34:04] ℹ️ 转换结果与现有 .mrs 相同，未更新：./AppleFirmware/AppleFirmware_OCD_IP.mrs (md5 3ae941e2c1937537ba5a07c4ac01521a)
[2025-09-13 06:34:04] 转换无变化，已删除 per-log：./AppleFirmware/AppleFirmware_OCD_IP.mrs.log
[2025-09-13 06:34:04] 开始转换：./Olevod/Olevod_OCD_IP.yaml -> ./Olevod/Olevod_OCD_IP.mrs （临时 ./Olevod/Olevod_OCD_IP.mrs.tmp），之前 md5=3ae941e2c1937537ba5a07c4ac01521a
[2025-09-13 06:34:04] ℹ️ 转换结果与现有 .mrs 相同，未更新：./Olevod/Olevod_OCD_IP.mrs (md5 3ae941e2c1937537ba5a07c4ac01521a)
[2025-09-13 06:34:04] 转换无变化，已删除 per-log：./Olevod/Olevod_OCD_IP.mrs.log
[2025-09-13 06:34:04] 开始转换：./Olevod/Olevod_OCD_Domain.yaml -> ./Olevod/Olevod_OCD_Domain.mrs （临时 ./Olevod/Olevod_OCD_Domain.mrs.tmp），之前 md5=9da2ccb3b61c73eeb8ae757753f4d1f1
[2025-09-13 06:34:04] ℹ️ 转换结果与现有 .mrs 相同，未更新：./Olevod/Olevod_OCD_Domain.mrs (md5 9da2ccb3b61c73eeb8ae757753f4d1f1)
[2025-09-13 06:34:04] 转换无变化，已删除 per-log：./Olevod/Olevod_OCD_Domain.mrs.log
[2025-09-13 06:34:04] 开始转换：./Fox/Fox_OCD_Domain.yaml -> ./Fox/Fox_OCD_Domain.mrs （临时 ./Fox/Fox_OCD_Domain.mrs.tmp），之前 md5=1cb27b922bb8ca1d54ffb33bd5a03d2f
[2025-09-13 06:34:04] ℹ️ 转换结果与现有 .mrs 相同，未更新：./Fox/Fox_OCD_Domain.mrs (md5 1cb27b922bb8ca1d54ffb33bd5a03d2f)
[2025-09-13 06:34:04] 转换无变化，已删除 per-log：./Fox/Fox_OCD_Domain.mrs.log
[2025-09-13 06:34:04] 开始转换：./Fox/Fox_OCD_IP.yaml -> ./Fox/Fox_OCD_IP.mrs （临时 ./Fox/Fox_OCD_IP.mrs.tmp），之前 md5=3ae941e2c1937537ba5a07c4ac01521a
[2025-09-13 06:34:04] ℹ️ 转换结果与现有 .mrs 相同，未更新：./Fox/Fox_OCD_IP.mrs (md5 3ae941e2c1937537ba5a07c4ac01521a)
[2025-09-13 06:34:04] 转换无变化，已删除 per-log：./Fox/Fox_OCD_IP.mrs.log
[2025-09-13 06:34:04] 开始转换：./Stripe/Stripe_OCD_IP.yaml -> ./Stripe/Stripe_OCD_IP.mrs （临时 ./Stripe/Stripe_OCD_IP.mrs.tmp），之前 md5=3ae941e2c1937537ba5a07c4ac01521a
[2025-09-13 06:34:04] ℹ️ 转换结果与现有 .mrs 相同，未更新：./Stripe/Stripe_OCD_IP.mrs (md5 3ae941e2c1937537ba5a07c4ac01521a)
[2025-09-13 06:34:04] 转换无变化，已删除 per-log：./Stripe/Stripe_OCD_IP.mrs.log
[2025-09-13 06:34:04] 开始转换：./Stripe/Stripe_OCD_Domain.yaml -> ./Stripe/Stripe_OCD_Domain.mrs （临时 ./Stripe/Stripe_OCD_Domain.mrs.tmp），之前 md5=3b09ff0bd0293a12f4ddcfe99bd4d7b8
[2025-09-13 06:34:04] ✅ 转换并更新：./Stripe/Stripe_OCD_Domain.mrs （3b09ff0bd0293a12f4ddcfe99bd4d7b8 -> 017e43f277341d38bb8ae871a3770262）
[2025-09-13 06:34:04] 已删除成功转换产生的日志文件：./Stripe/Stripe_OCD_Domain.mrs.log
[2025-09-13 06:34:04] 开始转换：./HuanJu/HuanJu_OCD_IP.yaml -> ./HuanJu/HuanJu_OCD_IP.mrs （临时 ./HuanJu/HuanJu_OCD_IP.mrs.tmp），之前 md5=3ae941e2c1937537ba5a07c4ac01521a
[2025-09-13 06:34:04] ℹ️ 转换结果与现有 .mrs 相同，未更新：./HuanJu/HuanJu_OCD_IP.mrs (md5 3ae941e2c1937537ba5a07c4ac01521a)
[2025-09-13 06:34:04] 转换无变化，已删除 per-log：./HuanJu/HuanJu_OCD_IP.mrs.log
[2025-09-13 06:34:04] 开始转换：./HuanJu/HuanJu_OCD_Domain.yaml -> ./HuanJu/HuanJu_OCD_Domain.mrs （临时 ./HuanJu/HuanJu_OCD_Domain.mrs.tmp），之前 md5=c0604ca9a06119399dc3a160a7cd2418
[2025-09-13 06:34:04] ℹ️ 转换结果与现有 .mrs 相同，未更新：./HuanJu/HuanJu_OCD_Domain.mrs (md5 c0604ca9a06119399dc3a160a7cd2418)
[2025-09-13 06:34:04] 转换无变化，已删除 per-log：./HuanJu/HuanJu_OCD_Domain.mrs.log
[2025-09-13 06:34:04] 开始转换：./GoogleFCM/GoogleFCM_OCD_IP.yaml -> ./GoogleFCM/GoogleFCM_OCD_IP.mrs （临时 ./GoogleFCM/GoogleFCM_OCD_IP.mrs.tmp），之前 md5=18647605d9f228e5fbbd7981b0b53e75
[2025-09-13 06:34:04] ℹ️ 转换结果与现有 .mrs 相同，未更新：./GoogleFCM/GoogleFCM_OCD_IP.mrs (md5 18647605d9f228e5fbbd7981b0b53e75)
[2025-09-13 06:34:04] 转换无变化，已删除 per-log：./GoogleFCM/GoogleFCM_OCD_IP.mrs.log
[2025-09-13 06:34:04] 开始转换：./GoogleFCM/GoogleFCM_OCD_Domain.yaml -> ./GoogleFCM/GoogleFCM_OCD_Domain.mrs （临时 ./GoogleFCM/GoogleFCM_OCD_Domain.mrs.tmp），之前 md5=8d4a3fa6b916e011f9c0297c52d36395
[2025-09-13 06:34:04] ℹ️ 转换结果与现有 .mrs 相同，未更新：./GoogleFCM/GoogleFCM_OCD_Domain.mrs (md5 8d4a3fa6b916e011f9c0297c52d36395)
[2025-09-13 06:34:04] 转换无变化，已删除 per-log：./GoogleFCM/GoogleFCM_OCD_Domain.mrs.log
[2025-09-13 06:34:04] 开始转换：./Snap/Snap_OCD_IP.yaml -> ./Snap/Snap_OCD_IP.mrs （临时 ./Snap/Snap_OCD_IP.mrs.tmp），之前 md5=3ae941e2c1937537ba5a07c4ac01521a
[2025-09-13 06:34:04] ℹ️ 转换结果与现有 .mrs 相同，未更新：./Snap/Snap_OCD_IP.mrs (md5 3ae941e2c1937537ba5a07c4ac01521a)
[2025-09-13 06:34:04] 转换无变化，已删除 per-log：./Snap/Snap_OCD_IP.mrs.log
[2025-09-13 06:34:04] 开始转换：./Snap/Snap_OCD_Domain.yaml -> ./Snap/Snap_OCD_Domain.mrs （临时 ./Snap/Snap_OCD_Domain.mrs.tmp），之前 md5=72311f3b3a6beba069cc4d5d66084dfc
[2025-09-13 06:34:04] ℹ️ 转换结果与现有 .mrs 相同，未更新：./Snap/Snap_OCD_Domain.mrs (md5 72311f3b3a6beba069cc4d5d66084dfc)
[2025-09-13 06:34:04] 转换无变化，已删除 per-log：./Snap/Snap_OCD_Domain.mrs.log
[2025-09-13 06:34:04] 开始转换：./Hijacking/Hijacking_OCD_Domain.yaml -> ./Hijacking/Hijacking_OCD_Domain.mrs （临时 ./Hijacking/Hijacking_OCD_Domain.mrs.tmp），之前 md5=f8654f935f65f612af581423cccae108
[2025-09-13 06:34:04] ℹ️ 转换结果与现有 .mrs 相同，未更新：./Hijacking/Hijacking_OCD_Domain.mrs (md5 f8654f935f65f612af581423cccae108)
[2025-09-13 06:34:04] 转换无变化，已删除 per-log：./Hijacking/Hijacking_OCD_Domain.mrs.log
[2025-09-13 06:34:04] 开始转换：./Hijacking/Hijacking_OCD_IP.yaml -> ./Hijacking/Hijacking_OCD_IP.mrs （临时 ./Hijacking/Hijacking_OCD_IP.mrs.tmp），之前 md5=65295ad465de35a209fa48272922d6a3
[2025-09-13 06:34:04] ℹ️ 转换结果与现有 .mrs 相同，未更新：./Hijacking/Hijacking_OCD_IP.mrs (md5 65295ad465de35a209fa48272922d6a3)
[2025-09-13 06:34:04] 转换无变化，已删除 per-log：./Hijacking/Hijacking_OCD_IP.mrs.log
[2025-09-13 06:34:04] 开始转换：./Zendesk/Zendesk_OCD_IP.yaml -> ./Zendesk/Zendesk_OCD_IP.mrs （临时 ./Zendesk/Zendesk_OCD_IP.mrs.tmp），之前 md5=3ae941e2c1937537ba5a07c4ac01521a
[2025-09-13 06:34:04] ℹ️ 转换结果与现有 .mrs 相同，未更新：./Zendesk/Zendesk_OCD_IP.mrs (md5 3ae941e2c1937537ba5a07c4ac01521a)
[2025-09-13 06:34:04] 转换无变化，已删除 per-log：./Zendesk/Zendesk_OCD_IP.mrs.log
[2025-09-13 06:34:04] 开始转换：./Zendesk/Zendesk_OCD_Domain.yaml -> ./Zendesk/Zendesk_OCD_Domain.mrs （临时 ./Zendesk/Zendesk_OCD_Domain.mrs.tmp），之前 md5=812d5af14f5bcd24bd0c23bc1a054515
[2025-09-13 06:34:04] ℹ️ 转换结果与现有 .mrs 相同，未更新：./Zendesk/Zendesk_OCD_Domain.mrs (md5 812d5af14f5bcd24bd0c23bc1a054515)
[2025-09-13 06:34:04] 转换无变化，已删除 per-log：./Zendesk/Zendesk_OCD_Domain.mrs.log
[2025-09-13 06:34:04] 开始转换：./Actalis/Actalis_OCD_IP.yaml -> ./Actalis/Actalis_OCD_IP.mrs （临时 ./Actalis/Actalis_OCD_IP.mrs.tmp），之前 md5=3ae941e2c1937537ba5a07c4ac01521a
[2025-09-13 06:34:04] ℹ️ 转换结果与现有 .mrs 相同，未更新：./Actalis/Actalis_OCD_IP.mrs (md5 3ae941e2c1937537ba5a07c4ac01521a)
[2025-09-13 06:34:04] 转换无变化，已删除 per-log：./Actalis/Actalis_OCD_IP.mrs.log
[2025-09-13 06:34:04] 开始转换：./Actalis/Actalis_OCD_Domain.yaml -> ./Actalis/Actalis_OCD_Domain.mrs （临时 ./Actalis/Actalis_OCD_Domain.mrs.tmp），之前 md5=271f9b46dbb04954ae5bc492452d2d9f
[2025-09-13 06:34:04] ℹ️ 转换结果与现有 .mrs 相同，未更新：./Actalis/Actalis_OCD_Domain.mrs (md5 271f9b46dbb04954ae5bc492452d2d9f)
[2025-09-13 06:34:04] 转换无变化，已删除 per-log：./Actalis/Actalis_OCD_Domain.mrs.log
[2025-09-13 06:34:04] 开始转换：./Jquery/Jquery_OCD_IP.yaml -> ./Jquery/Jquery_OCD_IP.mrs （临时 ./Jquery/Jquery_OCD_IP.mrs.tmp），之前 md5=3ae941e2c1937537ba5a07c4ac01521a
[2025-09-13 06:34:04] ℹ️ 转换结果与现有 .mrs 相同，未更新：./Jquery/Jquery_OCD_IP.mrs (md5 3ae941e2c1937537ba5a07c4ac01521a)
[2025-09-13 06:34:04] 转换无变化，已删除 per-log：./Jquery/Jquery_OCD_IP.mrs.log
[2025-09-13 06:34:04] 开始转换：./Jquery/Jquery_OCD_Domain.yaml -> ./Jquery/Jquery_OCD_Domain.mrs （临时 ./Jquery/Jquery_OCD_Domain.mrs.tmp），之前 md5=568ed4241d9e00119689a1d948c06ec4
[2025-09-13 06:34:04] ℹ️ 转换结果与现有 .mrs 相同，未更新：./Jquery/Jquery_OCD_Domain.mrs (md5 568ed4241d9e00119689a1d948c06ec4)
[2025-09-13 06:34:04] 转换无变化，已删除 per-log：./Jquery/Jquery_OCD_Domain.mrs.log
[2025-09-13 06:34:04] 开始转换：./IMDB/IMDB_OCD_IP.yaml -> ./IMDB/IMDB_OCD_IP.mrs （临时 ./IMDB/IMDB_OCD_IP.mrs.tmp），之前 md5=3ae941e2c1937537ba5a07c4ac01521a
[2025-09-13 06:34:04] ℹ️ 转换结果与现有 .mrs 相同，未更新：./IMDB/IMDB_OCD_IP.mrs (md5 3ae941e2c1937537ba5a07c4ac01521a)
[2025-09-13 06:34:04] 转换无变化，已删除 per-log：./IMDB/IMDB_OCD_IP.mrs.log
[2025-09-13 06:34:04] 开始转换：./IMDB/IMDB_OCD_Domain.yaml -> ./IMDB/IMDB_OCD_Domain.mrs （临时 ./IMDB/IMDB_OCD_Domain.mrs.tmp），之前 md5=e793c8b16d9ba6b3afe23f8fe91eabce
[2025-09-13 06:34:04] ℹ️ 转换结果与现有 .mrs 相同，未更新：./IMDB/IMDB_OCD_Domain.mrs (md5 e793c8b16d9ba6b3afe23f8fe91eabce)
[2025-09-13 06:34:04] 转换无变化，已删除 per-log：./IMDB/IMDB_OCD_Domain.mrs.log
[2025-09-13 06:34:04] 开始转换：./GoogleDrive/GoogleDrive_OCD_Domain.yaml -> ./GoogleDrive/GoogleDrive_OCD_Domain.mrs （临时 ./GoogleDrive/GoogleDrive_OCD_Domain.mrs.tmp），之前 md5=504b0cba24f9af11635d93518aceaf63
[2025-09-13 06:34:04] ℹ️ 转换结果与现有 .mrs 相同，未更新：./GoogleDrive/GoogleDrive_OCD_Domain.mrs (md5 504b0cba24f9af11635d93518aceaf63)
[2025-09-13 06:34:04] 转换无变化，已删除 per-log：./GoogleDrive/GoogleDrive_OCD_Domain.mrs.log
[2025-09-13 06:34:04] 开始转换：./GoogleDrive/GoogleDrive_OCD_IP.yaml -> ./GoogleDrive/GoogleDrive_OCD_IP.mrs （临时 ./GoogleDrive/GoogleDrive_OCD_IP.mrs.tmp），之前 md5=3ae941e2c1937537ba5a07c4ac01521a
[2025-09-13 06:34:04] ℹ️ 转换结果与现有 .mrs 相同，未更新：./GoogleDrive/GoogleDrive_OCD_IP.mrs (md5 3ae941e2c1937537ba5a07c4ac01521a)
[2025-09-13 06:34:04] 转换无变化，已删除 per-log：./GoogleDrive/GoogleDrive_OCD_IP.mrs.log
[2025-09-13 06:34:04] 开始转换：./PandoraTV/PandoraTV_OCD_IP.yaml -> ./PandoraTV/PandoraTV_OCD_IP.mrs （临时 ./PandoraTV/PandoraTV_OCD_IP.mrs.tmp），之前 md5=3ae941e2c1937537ba5a07c4ac01521a
[2025-09-13 06:34:04] ℹ️ 转换结果与现有 .mrs 相同，未更新：./PandoraTV/PandoraTV_OCD_IP.mrs (md5 3ae941e2c1937537ba5a07c4ac01521a)
[2025-09-13 06:34:04] 转换无变化，已删除 per-log：./PandoraTV/PandoraTV_OCD_IP.mrs.log
[2025-09-13 06:34:04] 开始转换：./PandoraTV/PandoraTV_OCD_Domain.yaml -> ./PandoraTV/PandoraTV_OCD_Domain.mrs （临时 ./PandoraTV/PandoraTV_OCD_Domain.mrs.tmp），之前 md5=21f0a35f980d763b608ef9ac0c46a8aa
[2025-09-13 06:34:04] ℹ️ 转换结果与现有 .mrs 相同，未更新：./PandoraTV/PandoraTV_OCD_Domain.mrs (md5 21f0a35f980d763b608ef9ac0c46a8aa)
[2025-09-13 06:34:04] 转换无变化，已删除 per-log：./PandoraTV/PandoraTV_OCD_Domain.mrs.log
[2025-09-13 06:34:04] 开始转换：./NTPService/NTPService_OCD_Domain.yaml -> ./NTPService/NTPService_OCD_Domain.mrs （临时 ./NTPService/NTPService_OCD_Domain.mrs.tmp），之前 md5=813bb3aef3fd7cdc0d00ad80d356a60d
[2025-09-13 06:34:04] ℹ️ 转换结果与现有 .mrs 相同，未更新：./NTPService/NTPService_OCD_Domain.mrs (md5 813bb3aef3fd7cdc0d00ad80d356a60d)
[2025-09-13 06:34:04] 转换无变化，已删除 per-log：./NTPService/NTPService_OCD_Domain.mrs.log
[2025-09-13 06:34:04] 开始转换：./NTPService/NTPService_OCD_IP.yaml -> ./NTPService/NTPService_OCD_IP.mrs （临时 ./NTPService/NTPService_OCD_IP.mrs.tmp），之前 md5=3ae941e2c1937537ba5a07c4ac01521a
[2025-09-13 06:34:04] ℹ️ 转换结果与现有 .mrs 相同，未更新：./NTPService/NTPService_OCD_IP.mrs (md5 3ae941e2c1937537ba5a07c4ac01521a)
[2025-09-13 06:34:04] 转换无变化，已删除 per-log：./NTPService/NTPService_OCD_IP.mrs.log
[2025-09-13 06:34:04] 开始转换：./Jetbrains/Jetbrains_OCD_IP.yaml -> ./Jetbrains/Jetbrains_OCD_IP.mrs （临时 ./Jetbrains/Jetbrains_OCD_IP.mrs.tmp），之前 md5=3ae941e2c1937537ba5a07c4ac01521a
[2025-09-13 06:34:04] ℹ️ 转换结果与现有 .mrs 相同，未更新：./Jetbrains/Jetbrains_OCD_IP.mrs (md5 3ae941e2c1937537ba5a07c4ac01521a)
[2025-09-13 06:34:04] 转换无变化，已删除 per-log：./Jetbrains/Jetbrains_OCD_IP.mrs.log
[2025-09-13 06:34:04] 开始转换：./Jetbrains/Jetbrains_OCD_Domain.yaml -> ./Jetbrains/Jetbrains_OCD_Domain.mrs （临时 ./Jetbrains/Jetbrains_OCD_Domain.mrs.tmp），之前 md5=716354026f902205bd4afb50e73f07c7
[2025-09-13 06:34:04] ℹ️ 转换结果与现有 .mrs 相同，未更新：./Jetbrains/Jetbrains_OCD_Domain.mrs (md5 716354026f902205bd4afb50e73f07c7)
[2025-09-13 06:34:04] 转换无变化，已删除 per-log：./Jetbrains/Jetbrains_OCD_Domain.mrs.log
[2025-09-13 06:34:04] 开始转换：./Cnet/Cnet_OCD_IP.yaml -> ./Cnet/Cnet_OCD_IP.mrs （临时 ./Cnet/Cnet_OCD_IP.mrs.tmp），之前 md5=3ae941e2c1937537ba5a07c4ac01521a
[2025-09-13 06:34:04] ℹ️ 转换结果与现有 .mrs 相同，未更新：./Cnet/Cnet_OCD_IP.mrs (md5 3ae941e2c1937537ba5a07c4ac01521a)
[2025-09-13 06:34:04] 转换无变化，已删除 per-log：./Cnet/Cnet_OCD_IP.mrs.log
[2025-09-13 06:34:04] 开始转换：./Cnet/Cnet_OCD_Domain.yaml -> ./Cnet/Cnet_OCD_Domain.mrs （临时 ./Cnet/Cnet_OCD_Domain.mrs.tmp），之前 md5=a59d2c2f46ba84c22822ac261a980ff6
[2025-09-13 06:34:04] ℹ️ 转换结果与现有 .mrs 相同，未更新：./Cnet/Cnet_OCD_Domain.mrs (md5 a59d2c2f46ba84c22822ac261a980ff6)
[2025-09-13 06:34:04] 转换无变化，已删除 per-log：./Cnet/Cnet_OCD_Domain.mrs.log
[2025-09-13 06:34:05] 开始转换：./DAZN/DAZN_OCD_IP.yaml -> ./DAZN/DAZN_OCD_IP.mrs （临时 ./DAZN/DAZN_OCD_IP.mrs.tmp），之前 md5=3ae941e2c1937537ba5a07c4ac01521a
[2025-09-13 06:34:05] ℹ️ 转换结果与现有 .mrs 相同，未更新：./DAZN/DAZN_OCD_IP.mrs (md5 3ae941e2c1937537ba5a07c4ac01521a)
[2025-09-13 06:34:05] 转换无变化，已删除 per-log：./DAZN/DAZN_OCD_IP.mrs.log
[2025-09-13 06:34:05] 开始转换：./DAZN/DAZN_OCD_Domain.yaml -> ./DAZN/DAZN_OCD_Domain.mrs （临时 ./DAZN/DAZN_OCD_Domain.mrs.tmp），之前 md5=c729d149d43847189c9d6f24ccf5e77a
[2025-09-13 06:34:05] ℹ️ 转换结果与现有 .mrs 相同，未更新：./DAZN/DAZN_OCD_Domain.mrs (md5 c729d149d43847189c9d6f24ccf5e77a)
[2025-09-13 06:34:05] 转换无变化，已删除 per-log：./DAZN/DAZN_OCD_Domain.mrs.log
[2025-09-13 06:34:05] 开始转换：./Sling/Sling_OCD_Domain.yaml -> ./Sling/Sling_OCD_Domain.mrs （临时 ./Sling/Sling_OCD_Domain.mrs.tmp），之前 md5=af3e5c77227a0646d20935b896f10e41
[2025-09-13 06:34:05] ℹ️ 转换结果与现有 .mrs 相同，未更新：./Sling/Sling_OCD_Domain.mrs (md5 af3e5c77227a0646d20935b896f10e41)
[2025-09-13 06:34:05] 转换无变化，已删除 per-log：./Sling/Sling_OCD_Domain.mrs.log
[2025-09-13 06:34:05] 开始转换：./Sling/Sling_OCD_IP.yaml -> ./Sling/Sling_OCD_IP.mrs （临时 ./Sling/Sling_OCD_IP.mrs.tmp），之前 md5=3ae941e2c1937537ba5a07c4ac01521a
[2025-09-13 06:34:05] ℹ️ 转换结果与现有 .mrs 相同，未更新：./Sling/Sling_OCD_IP.mrs (md5 3ae941e2c1937537ba5a07c4ac01521a)
[2025-09-13 06:34:05] 转换无变化，已删除 per-log：./Sling/Sling_OCD_IP.mrs.log
[2025-09-13 06:34:05] 开始转换：./QiNiuYun/QiNiuYun_OCD_Domain.yaml -> ./QiNiuYun/QiNiuYun_OCD_Domain.mrs （临时 ./QiNiuYun/QiNiuYun_OCD_Domain.mrs.tmp），之前 md5=887fed1717b758e71503f1d33c86ada7
[2025-09-13 06:34:05] ℹ️ 转换结果与现有 .mrs 相同，未更新：./QiNiuYun/QiNiuYun_OCD_Domain.mrs (md5 887fed1717b758e71503f1d33c86ada7)
[2025-09-13 06:34:05] 转换无变化，已删除 per-log：./QiNiuYun/QiNiuYun_OCD_Domain.mrs.log
[2025-09-13 06:34:05] 开始转换：./QiNiuYun/QiNiuYun_OCD_IP.yaml -> ./QiNiuYun/QiNiuYun_OCD_IP.mrs （临时 ./QiNiuYun/QiNiuYun_OCD_IP.mrs.tmp），之前 md5=3ae941e2c1937537ba5a07c4ac01521a
[2025-09-13 06:34:05] ℹ️ 转换结果与现有 .mrs 相同，未更新：./QiNiuYun/QiNiuYun_OCD_IP.mrs (md5 3ae941e2c1937537ba5a07c4ac01521a)
[2025-09-13 06:34:05] 转换无变化，已删除 per-log：./QiNiuYun/QiNiuYun_OCD_IP.mrs.log
[2025-09-13 06:34:05] 开始转换：./Intercom/Intercom_OCD_IP.yaml -> ./Intercom/Intercom_OCD_IP.mrs （临时 ./Intercom/Intercom_OCD_IP.mrs.tmp），之前 md5=3ae941e2c1937537ba5a07c4ac01521a
[2025-09-13 06:34:05] ℹ️ 转换结果与现有 .mrs 相同，未更新：./Intercom/Intercom_OCD_IP.mrs (md5 3ae941e2c1937537ba5a07c4ac01521a)
[2025-09-13 06:34:05] 转换无变化，已删除 per-log：./Intercom/Intercom_OCD_IP.mrs.log
[2025-09-13 06:34:05] 开始转换：./Intercom/Intercom_OCD_Domain.yaml -> ./Intercom/Intercom_OCD_Domain.mrs （临时 ./Intercom/Intercom_OCD_Domain.mrs.tmp），之前 md5=4cae7bb6d51b5b2e27957a207b5c5fe6
[2025-09-13 06:34:05] ℹ️ 转换结果与现有 .mrs 相同，未更新：./Intercom/Intercom_OCD_Domain.mrs (md5 4cae7bb6d51b5b2e27957a207b5c5fe6)
[2025-09-13 06:34:05] 转换无变化，已删除 per-log：./Intercom/Intercom_OCD_Domain.mrs.log
[2025-09-13 06:34:05] 开始转换：./TaiKang/TaiKang_OCD_IP.yaml -> ./TaiKang/TaiKang_OCD_IP.mrs （临时 ./TaiKang/TaiKang_OCD_IP.mrs.tmp），之前 md5=3ae941e2c1937537ba5a07c4ac01521a
[2025-09-13 06:34:05] ℹ️ 转换结果与现有 .mrs 相同，未更新：./TaiKang/TaiKang_OCD_IP.mrs (md5 3ae941e2c1937537ba5a07c4ac01521a)
[2025-09-13 06:34:05] 转换无变化，已删除 per-log：./TaiKang/TaiKang_OCD_IP.mrs.log
[2025-09-13 06:34:05] 开始转换：./TaiKang/TaiKang_OCD_Domain.yaml -> ./TaiKang/TaiKang_OCD_Domain.mrs （临时 ./TaiKang/TaiKang_OCD_Domain.mrs.tmp），之前 md5=a91fa2a30ed2bdf27e2f5e3b23a908c1
[2025-09-13 06:34:05] ℹ️ 转换结果与现有 .mrs 相同，未更新：./TaiKang/TaiKang_OCD_Domain.mrs (md5 a91fa2a30ed2bdf27e2f5e3b23a908c1)
[2025-09-13 06:34:05] 转换无变化，已删除 per-log：./TaiKang/TaiKang_OCD_Domain.mrs.log
[2025-09-13 06:34:05] 开始转换：./ChuangKeTie/ChuangKeTie_OCD_Domain.yaml -> ./ChuangKeTie/ChuangKeTie_OCD_Domain.mrs （临时 ./ChuangKeTie/ChuangKeTie_OCD_Domain.mrs.tmp），之前 md5=c05b743b98dd039bca684076c450d01d
[2025-09-13 06:34:05] ℹ️ 转换结果与现有 .mrs 相同，未更新：./ChuangKeTie/ChuangKeTie_OCD_Domain.mrs (md5 c05b743b98dd039bca684076c450d01d)
[2025-09-13 06:34:05] 转换无变化，已删除 per-log：./ChuangKeTie/ChuangKeTie_OCD_Domain.mrs.log
[2025-09-13 06:34:05] 开始转换：./ChuangKeTie/ChuangKeTie_OCD_IP.yaml -> ./ChuangKeTie/ChuangKeTie_OCD_IP.mrs （临时 ./ChuangKeTie/ChuangKeTie_OCD_IP.mrs.tmp），之前 md5=3ae941e2c1937537ba5a07c4ac01521a
[2025-09-13 06:34:05] ℹ️ 转换结果与现有 .mrs 相同，未更新：./ChuangKeTie/ChuangKeTie_OCD_IP.mrs (md5 3ae941e2c1937537ba5a07c4ac01521a)
[2025-09-13 06:34:05] 转换无变化，已删除 per-log：./ChuangKeTie/ChuangKeTie_OCD_IP.mrs.log
[2025-09-13 06:34:05] 开始转换：./Copilot/Copilot_OCD_IP.yaml -> ./Copilot/Copilot_OCD_IP.mrs （临时 ./Copilot/Copilot_OCD_IP.mrs.tmp），之前 md5=f56dee3adddb43e3c3029711328478d1
[2025-09-13 06:34:05] ℹ️ 转换结果与现有 .mrs 相同，未更新：./Copilot/Copilot_OCD_IP.mrs (md5 f56dee3adddb43e3c3029711328478d1)
[2025-09-13 06:34:05] 转换无变化，已删除 per-log：./Copilot/Copilot_OCD_IP.mrs.log
[2025-09-13 06:34:05] 开始转换：./Copilot/Copilot_OCD_Domain.yaml -> ./Copilot/Copilot_OCD_Domain.mrs （临时 ./Copilot/Copilot_OCD_Domain.mrs.tmp），之前 md5=18510ec466946887f069b1963462224f
[2025-09-13 06:34:05] ℹ️ 转换结果与现有 .mrs 相同，未更新：./Copilot/Copilot_OCD_Domain.mrs (md5 18510ec466946887f069b1963462224f)
[2025-09-13 06:34:05] 转换无变化，已删除 per-log：./Copilot/Copilot_OCD_Domain.mrs.log
[2025-09-13 06:34:05] 开始转换：./PayPal/PayPal_OCD_Domain.yaml -> ./PayPal/PayPal_OCD_Domain.mrs （临时 ./PayPal/PayPal_OCD_Domain.mrs.tmp），之前 md5=d452f4aae9c09e9d0079bb1b36a248a9
[2025-09-13 06:34:05] ℹ️ 转换结果与现有 .mrs 相同，未更新：./PayPal/PayPal_OCD_Domain.mrs (md5 d452f4aae9c09e9d0079bb1b36a248a9)
[2025-09-13 06:34:05] 转换无变化，已删除 per-log：./PayPal/PayPal_OCD_Domain.mrs.log
[2025-09-13 06:34:05] 开始转换：./PayPal/PayPal_OCD_IP.yaml -> ./PayPal/PayPal_OCD_IP.mrs （临时 ./PayPal/PayPal_OCD_IP.mrs.tmp），之前 md5=3ae941e2c1937537ba5a07c4ac01521a
[2025-09-13 06:34:05] ℹ️ 转换结果与现有 .mrs 相同，未更新：./PayPal/PayPal_OCD_IP.mrs (md5 3ae941e2c1937537ba5a07c4ac01521a)
[2025-09-13 06:34:05] 转换无变化，已删除 per-log：./PayPal/PayPal_OCD_IP.mrs.log
[2025-09-13 06:34:05] 开始转换：./Docker/Docker_OCD_IP.yaml -> ./Docker/Docker_OCD_IP.mrs （临时 ./Docker/Docker_OCD_IP.mrs.tmp），之前 md5=3ae941e2c1937537ba5a07c4ac01521a
[2025-09-13 06:34:05] ℹ️ 转换结果与现有 .mrs 相同，未更新：./Docker/Docker_OCD_IP.mrs (md5 3ae941e2c1937537ba5a07c4ac01521a)
[2025-09-13 06:34:05] 转换无变化，已删除 per-log：./Docker/Docker_OCD_IP.mrs.log
[2025-09-13 06:34:05] 开始转换：./Docker/Docker_OCD_Domain.yaml -> ./Docker/Docker_OCD_Domain.mrs （临时 ./Docker/Docker_OCD_Domain.mrs.tmp），之前 md5=7afc15b248a3f245da60c97e95efb68b
[2025-09-13 06:34:05] ℹ️ 转换结果与现有 .mrs 相同，未更新：./Docker/Docker_OCD_Domain.mrs (md5 7afc15b248a3f245da60c97e95efb68b)
[2025-09-13 06:34:05] 转换无变化，已删除 per-log：./Docker/Docker_OCD_Domain.mrs.log
[2025-09-13 06:34:05] 开始转换：./TaiheMusic/TaiheMusic_OCD_Domain.yaml -> ./TaiheMusic/TaiheMusic_OCD_Domain.mrs （临时 ./TaiheMusic/TaiheMusic_OCD_Domain.mrs.tmp），之前 md5=ea68ecb672dd922866d2f047571cb7c4
[2025-09-13 06:34:05] ℹ️ 转换结果与现有 .mrs 相同，未更新：./TaiheMusic/TaiheMusic_OCD_Domain.mrs (md5 ea68ecb672dd922866d2f047571cb7c4)
[2025-09-13 06:34:05] 转换无变化，已删除 per-log：./TaiheMusic/TaiheMusic_OCD_Domain.mrs.log
[2025-09-13 06:34:05] 开始转换：./TaiheMusic/TaiheMusic_OCD_IP.yaml -> ./TaiheMusic/TaiheMusic_OCD_IP.mrs （临时 ./TaiheMusic/TaiheMusic_OCD_IP.mrs.tmp），之前 md5=3ae941e2c1937537ba5a07c4ac01521a
[2025-09-13 06:34:05] ℹ️ 转换结果与现有 .mrs 相同，未更新：./TaiheMusic/TaiheMusic_OCD_IP.mrs (md5 3ae941e2c1937537ba5a07c4ac01521a)
[2025-09-13 06:34:05] 转换无变化，已删除 per-log：./TaiheMusic/TaiheMusic_OCD_IP.mrs.log
[2025-09-13 06:34:05] 开始转换：./U17/U17_OCD_Domain.yaml -> ./U17/U17_OCD_Domain.mrs （临时 ./U17/U17_OCD_Domain.mrs.tmp），之前 md5=f65f4f57cbc10bfab6741b8539563611
[2025-09-13 06:34:05] ℹ️ 转换结果与现有 .mrs 相同，未更新：./U17/U17_OCD_Domain.mrs (md5 f65f4f57cbc10bfab6741b8539563611)
[2025-09-13 06:34:05] 转换无变化，已删除 per-log：./U17/U17_OCD_Domain.mrs.log
[2025-09-13 06:34:05] 开始转换：./U17/U17_OCD_IP.yaml -> ./U17/U17_OCD_IP.mrs （临时 ./U17/U17_OCD_IP.mrs.tmp），之前 md5=3ae941e2c1937537ba5a07c4ac01521a
[2025-09-13 06:34:05] ℹ️ 转换结果与现有 .mrs 相同，未更新：./U17/U17_OCD_IP.mrs (md5 3ae941e2c1937537ba5a07c4ac01521a)
[2025-09-13 06:34:05] 转换无变化，已删除 per-log：./U17/U17_OCD_IP.mrs.log
[2025-09-13 06:34:05] 开始转换：./TrustWave/TrustWave_OCD_IP.yaml -> ./TrustWave/TrustWave_OCD_IP.mrs （临时 ./TrustWave/TrustWave_OCD_IP.mrs.tmp），之前 md5=3ae941e2c1937537ba5a07c4ac01521a
[2025-09-13 06:34:05] ℹ️ 转换结果与现有 .mrs 相同，未更新：./TrustWave/TrustWave_OCD_IP.mrs (md5 3ae941e2c1937537ba5a07c4ac01521a)
[2025-09-13 06:34:05] 转换无变化，已删除 per-log：./TrustWave/TrustWave_OCD_IP.mrs.log
[2025-09-13 06:34:05] 开始转换：./TrustWave/TrustWave_OCD_Domain.yaml -> ./TrustWave/TrustWave_OCD_Domain.mrs （临时 ./TrustWave/TrustWave_OCD_Domain.mrs.tmp），之前 md5=0a986d0b88babaa074e5cf57035d0ec8
[2025-09-13 06:34:05] ℹ️ 转换结果与现有 .mrs 相同，未更新：./TrustWave/TrustWave_OCD_Domain.mrs (md5 0a986d0b88babaa074e5cf57035d0ec8)
[2025-09-13 06:34:05] 转换无变化，已删除 per-log：./TrustWave/TrustWave_OCD_Domain.mrs.log
[2025-09-13 06:34:05] 开始转换：./Apkpure/Apkpure_OCD_Domain.yaml -> ./Apkpure/Apkpure_OCD_Domain.mrs （临时 ./Apkpure/Apkpure_OCD_Domain.mrs.tmp），之前 md5=68c03d51d1e5c5f490d359593d93f903
[2025-09-13 06:34:05] ℹ️ 转换结果与现有 .mrs 相同，未更新：./Apkpure/Apkpure_OCD_Domain.mrs (md5 68c03d51d1e5c5f490d359593d93f903)
[2025-09-13 06:34:05] 转换无变化，已删除 per-log：./Apkpure/Apkpure_OCD_Domain.mrs.log
[2025-09-13 06:34:05] 开始转换：./Apkpure/Apkpure_OCD_IP.yaml -> ./Apkpure/Apkpure_OCD_IP.mrs （临时 ./Apkpure/Apkpure_OCD_IP.mrs.tmp），之前 md5=3ae941e2c1937537ba5a07c4ac01521a
[2025-09-13 06:34:05] ℹ️ 转换结果与现有 .mrs 相同，未更新：./Apkpure/Apkpure_OCD_IP.mrs (md5 3ae941e2c1937537ba5a07c4ac01521a)
[2025-09-13 06:34:05] 转换无变化，已删除 per-log：./Apkpure/Apkpure_OCD_IP.mrs.log
[2025-09-13 06:34:05] 开始转换：./SFExpress/SFExpress_OCD_Domain.yaml -> ./SFExpress/SFExpress_OCD_Domain.mrs （临时 ./SFExpress/SFExpress_OCD_Domain.mrs.tmp），之前 md5=87018c2bb61764f6f5f0ed84fd33ce09
[2025-09-13 06:34:05] ℹ️ 转换结果与现有 .mrs 相同，未更新：./SFExpress/SFExpress_OCD_Domain.mrs (md5 87018c2bb61764f6f5f0ed84fd33ce09)
[2025-09-13 06:34:05] 转换无变化，已删除 per-log：./SFExpress/SFExpress_OCD_Domain.mrs.log
[2025-09-13 06:34:05] 开始转换：./SFExpress/SFExpress_OCD_IP.yaml -> ./SFExpress/SFExpress_OCD_IP.mrs （临时 ./SFExpress/SFExpress_OCD_IP.mrs.tmp），之前 md5=3ae941e2c1937537ba5a07c4ac01521a
[2025-09-13 06:34:05] ℹ️ 转换结果与现有 .mrs 相同，未更新：./SFExpress/SFExpress_OCD_IP.mrs (md5 3ae941e2c1937537ba5a07c4ac01521a)
[2025-09-13 06:34:05] 转换无变化，已删除 per-log：./SFExpress/SFExpress_OCD_IP.mrs.log
[2025-09-13 06:34:05] 开始转换：./RTHK/RTHK_OCD_Domain.yaml -> ./RTHK/RTHK_OCD_Domain.mrs （临时 ./RTHK/RTHK_OCD_Domain.mrs.tmp），之前 md5=56abac4c66d584285297ebd69df371bf
[2025-09-13 06:34:05] ℹ️ 转换结果与现有 .mrs 相同，未更新：./RTHK/RTHK_OCD_Domain.mrs (md5 56abac4c66d584285297ebd69df371bf)
[2025-09-13 06:34:05] 转换无变化，已删除 per-log：./RTHK/RTHK_OCD_Domain.mrs.log
[2025-09-13 06:34:05] 开始转换：./RTHK/RTHK_OCD_IP.yaml -> ./RTHK/RTHK_OCD_IP.mrs （临时 ./RTHK/RTHK_OCD_IP.mrs.tmp），之前 md5=3ae941e2c1937537ba5a07c4ac01521a
[2025-09-13 06:34:05] ℹ️ 转换结果与现有 .mrs 相同，未更新：./RTHK/RTHK_OCD_IP.mrs (md5 3ae941e2c1937537ba5a07c4ac01521a)
[2025-09-13 06:34:05] 转换无变化，已删除 per-log：./RTHK/RTHK_OCD_IP.mrs.log
[2025-09-13 06:34:05] 开始转换：./FitnessPlus/FitnessPlus_OCD_IP.yaml -> ./FitnessPlus/FitnessPlus_OCD_IP.mrs （临时 ./FitnessPlus/FitnessPlus_OCD_IP.mrs.tmp），之前 md5=3ae941e2c1937537ba5a07c4ac01521a
[2025-09-13 06:34:05] ℹ️ 转换结果与现有 .mrs 相同，未更新：./FitnessPlus/FitnessPlus_OCD_IP.mrs (md5 3ae941e2c1937537ba5a07c4ac01521a)
[2025-09-13 06:34:05] 转换无变化，已删除 per-log：./FitnessPlus/FitnessPlus_OCD_IP.mrs.log
[2025-09-13 06:34:05] 开始转换：./FitnessPlus/FitnessPlus_OCD_Domain.yaml -> ./FitnessPlus/FitnessPlus_OCD_Domain.mrs （临时 ./FitnessPlus/FitnessPlus_OCD_Domain.mrs.tmp），之前 md5=8ea18c4499cd9aef9e0cb1b2045520e3
[2025-09-13 06:34:05] ℹ️ 转换结果与现有 .mrs 相同，未更新：./FitnessPlus/FitnessPlus_OCD_Domain.mrs (md5 8ea18c4499cd9aef9e0cb1b2045520e3)
[2025-09-13 06:34:05] 转换无变化，已删除 per-log：./FitnessPlus/FitnessPlus_OCD_Domain.mrs.log
[2025-09-13 06:34:05] 开始转换：./AppleNews/AppleNews_OCD_IP.yaml -> ./AppleNews/AppleNews_OCD_IP.mrs （临时 ./AppleNews/AppleNews_OCD_IP.mrs.tmp），之前 md5=3ae941e2c1937537ba5a07c4ac01521a
[2025-09-13 06:34:05] ℹ️ 转换结果与现有 .mrs 相同，未更新：./AppleNews/AppleNews_OCD_IP.mrs (md5 3ae941e2c1937537ba5a07c4ac01521a)
[2025-09-13 06:34:05] 转换无变化，已删除 per-log：./AppleNews/AppleNews_OCD_IP.mrs.log
[2025-09-13 06:34:05] 开始转换：./AppleNews/AppleNews_OCD_Domain.yaml -> ./AppleNews/AppleNews_OCD_Domain.mrs （临时 ./AppleNews/AppleNews_OCD_Domain.mrs.tmp），之前 md5=4db36238c3827e3006502cf66e030030
[2025-09-13 06:34:05] ℹ️ 转换结果与现有 .mrs 相同，未更新：./AppleNews/AppleNews_OCD_Domain.mrs (md5 4db36238c3827e3006502cf66e030030)
[2025-09-13 06:34:05] 转换无变化，已删除 per-log：./AppleNews/AppleNews_OCD_Domain.mrs.log
[2025-09-13 06:34:05] 开始转换：./MeiTu/MeiTu_OCD_Domain.yaml -> ./MeiTu/MeiTu_OCD_Domain.mrs （临时 ./MeiTu/MeiTu_OCD_Domain.mrs.tmp），之前 md5=b6a832d44ec574c82ada07d01a42014b
[2025-09-13 06:34:05] ℹ️ 转换结果与现有 .mrs 相同，未更新：./MeiTu/MeiTu_OCD_Domain.mrs (md5 b6a832d44ec574c82ada07d01a42014b)
[2025-09-13 06:34:06] 转换无变化，已删除 per-log：./MeiTu/MeiTu_OCD_Domain.mrs.log
[2025-09-13 06:34:06] 开始转换：./MeiTu/MeiTu_OCD_IP.yaml -> ./MeiTu/MeiTu_OCD_IP.mrs （临时 ./MeiTu/MeiTu_OCD_IP.mrs.tmp），之前 md5=3ae941e2c1937537ba5a07c4ac01521a
[2025-09-13 06:34:06] ℹ️ 转换结果与现有 .mrs 相同，未更新：./MeiTu/MeiTu_OCD_IP.mrs (md5 3ae941e2c1937537ba5a07c4ac01521a)
[2025-09-13 06:34:06] 转换无变化，已删除 per-log：./MeiTu/MeiTu_OCD_IP.mrs.log
[2025-09-13 06:34:06] 开始转换：./Netflix/Netflix_OCD_IP.yaml -> ./Netflix/Netflix_OCD_IP.mrs （临时 ./Netflix/Netflix_OCD_IP.mrs.tmp），之前 md5=4f22a0f313337ce78f0532c4c9d25a0e
[2025-09-13 06:34:06] ℹ️ 转换结果与现有 .mrs 相同，未更新：./Netflix/Netflix_OCD_IP.mrs (md5 4f22a0f313337ce78f0532c4c9d25a0e)
[2025-09-13 06:34:06] 转换无变化，已删除 per-log：./Netflix/Netflix_OCD_IP.mrs.log
[2025-09-13 06:34:06] 开始转换：./Netflix/Netflix_OCD_Domain.yaml -> ./Netflix/Netflix_OCD_Domain.mrs （临时 ./Netflix/Netflix_OCD_Domain.mrs.tmp），之前 md5=69006f4d5ed1fadc2045e01abf27072f
[2025-09-13 06:34:06] ℹ️ 转换结果与现有 .mrs 相同，未更新：./Netflix/Netflix_OCD_Domain.mrs (md5 69006f4d5ed1fadc2045e01abf27072f)
[2025-09-13 06:34:06] 转换无变化，已删除 per-log：./Netflix/Netflix_OCD_Domain.mrs.log
[2025-09-13 06:34:06] 开始转换：./Udacity/Udacity_OCD_Domain.yaml -> ./Udacity/Udacity_OCD_Domain.mrs （临时 ./Udacity/Udacity_OCD_Domain.mrs.tmp），之前 md5=31337c4ac6e46a9b659329601da7997b
[2025-09-13 06:34:06] ℹ️ 转换结果与现有 .mrs 相同，未更新：./Udacity/Udacity_OCD_Domain.mrs (md5 31337c4ac6e46a9b659329601da7997b)
[2025-09-13 06:34:06] 转换无变化，已删除 per-log：./Udacity/Udacity_OCD_Domain.mrs.log
[2025-09-13 06:34:06] 开始转换：./Udacity/Udacity_OCD_IP.yaml -> ./Udacity/Udacity_OCD_IP.mrs （临时 ./Udacity/Udacity_OCD_IP.mrs.tmp），之前 md5=3ae941e2c1937537ba5a07c4ac01521a
[2025-09-13 06:34:06] ℹ️ 转换结果与现有 .mrs 相同，未更新：./Udacity/Udacity_OCD_IP.mrs (md5 3ae941e2c1937537ba5a07c4ac01521a)
[2025-09-13 06:34:06] 转换无变化，已删除 per-log：./Udacity/Udacity_OCD_IP.mrs.log
[2025-09-13 06:34:06] 开始转换：./TeamViewer/TeamViewer_OCD_Domain.yaml -> ./TeamViewer/TeamViewer_OCD_Domain.mrs （临时 ./TeamViewer/TeamViewer_OCD_Domain.mrs.tmp），之前 md5=cf769ce6bedb1ae433b336dae14e00b5
[2025-09-13 06:34:06] ℹ️ 转换结果与现有 .mrs 相同，未更新：./TeamViewer/TeamViewer_OCD_Domain.mrs (md5 cf769ce6bedb1ae433b336dae14e00b5)
[2025-09-13 06:34:06] 转换无变化，已删除 per-log：./TeamViewer/TeamViewer_OCD_Domain.mrs.log
[2025-09-13 06:34:06] 开始转换：./TeamViewer/TeamViewer_OCD_IP.yaml -> ./TeamViewer/TeamViewer_OCD_IP.mrs （临时 ./TeamViewer/TeamViewer_OCD_IP.mrs.tmp），之前 md5=eab53e3ed08a24a19953030282d0a545
[2025-09-13 06:34:06] ℹ️ 转换结果与现有 .mrs 相同，未更新：./TeamViewer/TeamViewer_OCD_IP.mrs (md5 eab53e3ed08a24a19953030282d0a545)
[2025-09-13 06:34:06] 转换无变化，已删除 per-log：./TeamViewer/TeamViewer_OCD_IP.mrs.log
[2025-09-13 06:34:06] 开始转换：./CaiXinChuanMei/CaiXinChuanMei_OCD_IP.yaml -> ./CaiXinChuanMei/CaiXinChuanMei_OCD_IP.mrs （临时 ./CaiXinChuanMei/CaiXinChuanMei_OCD_IP.mrs.tmp），之前 md5=3ae941e2c1937537ba5a07c4ac01521a
[2025-09-13 06:34:06] ℹ️ 转换结果与现有 .mrs 相同，未更新：./CaiXinChuanMei/CaiXinChuanMei_OCD_IP.mrs (md5 3ae941e2c1937537ba5a07c4ac01521a)
[2025-09-13 06:34:06] 转换无变化，已删除 per-log：./CaiXinChuanMei/CaiXinChuanMei_OCD_IP.mrs.log
[2025-09-13 06:34:06] 开始转换：./CaiXinChuanMei/CaiXinChuanMei_OCD_Domain.yaml -> ./CaiXinChuanMei/CaiXinChuanMei_OCD_Domain.mrs （临时 ./CaiXinChuanMei/CaiXinChuanMei_OCD_Domain.mrs.tmp），之前 md5=f8acf3c7099a8fdf978b3e4018a226d6
[2025-09-13 06:34:06] ℹ️ 转换结果与现有 .mrs 相同，未更新：./CaiXinChuanMei/CaiXinChuanMei_OCD_Domain.mrs (md5 f8acf3c7099a8fdf978b3e4018a226d6)
[2025-09-13 06:34:06] 转换无变化，已删除 per-log：./CaiXinChuanMei/CaiXinChuanMei_OCD_Domain.mrs.log
[2025-09-13 06:34:06] 开始转换：./AdGuardSDNSFilter/Direct/Direct_OCD_Domain.yaml -> ./AdGuardSDNSFilter/Direct/Direct_OCD_Domain.mrs （临时 ./AdGuardSDNSFilter/Direct/Direct_OCD_Domain.mrs.tmp），之前 md5=2591f4c9ee480bab0c7aec389cf490a4
[2025-09-13 06:34:06] ℹ️ 转换结果与现有 .mrs 相同，未更新：./AdGuardSDNSFilter/Direct/Direct_OCD_Domain.mrs (md5 2591f4c9ee480bab0c7aec389cf490a4)
[2025-09-13 06:34:06] 转换无变化，已删除 per-log：./AdGuardSDNSFilter/Direct/Direct_OCD_Domain.mrs.log
[2025-09-13 06:34:06] 开始转换：./AdGuardSDNSFilter/Direct/Direct_OCD_IP.yaml -> ./AdGuardSDNSFilter/Direct/Direct_OCD_IP.mrs （临时 ./AdGuardSDNSFilter/Direct/Direct_OCD_IP.mrs.tmp），之前 md5=3ae941e2c1937537ba5a07c4ac01521a
[2025-09-13 06:34:06] ℹ️ 转换结果与现有 .mrs 相同，未更新：./AdGuardSDNSFilter/Direct/Direct_OCD_IP.mrs (md5 3ae941e2c1937537ba5a07c4ac01521a)
[2025-09-13 06:34:06] 转换无变化，已删除 per-log：./AdGuardSDNSFilter/Direct/Direct_OCD_IP.mrs.log
[2025-09-13 06:34:06] 开始转换：./AdGuardSDNSFilter/AdGuardSDNSFilter_OCD_Domain.yaml -> ./AdGuardSDNSFilter/AdGuardSDNSFilter_OCD_Domain.mrs （临时 ./AdGuardSDNSFilter/AdGuardSDNSFilter_OCD_Domain.mrs.tmp），之前 md5=8669f0eb4e38c2d72f37aebf8bf8a091
[2025-09-13 06:34:07] ℹ️ 转换结果与现有 .mrs 相同，未更新：./AdGuardSDNSFilter/AdGuardSDNSFilter_OCD_Domain.mrs (md5 8669f0eb4e38c2d72f37aebf8bf8a091)
[2025-09-13 06:34:07] 转换无变化，已删除 per-log：./AdGuardSDNSFilter/AdGuardSDNSFilter_OCD_Domain.mrs.log
[2025-09-13 06:34:07] 开始转换：./AdGuardSDNSFilter/AdGuardSDNSFilter_OCD_IP.yaml -> ./AdGuardSDNSFilter/AdGuardSDNSFilter_OCD_IP.mrs （临时 ./AdGuardSDNSFilter/AdGuardSDNSFilter_OCD_IP.mrs.tmp），之前 md5=3ae941e2c1937537ba5a07c4ac01521a
[2025-09-13 06:34:07] ℹ️ 转换结果与现有 .mrs 相同，未更新：./AdGuardSDNSFilter/AdGuardSDNSFilter_OCD_IP.mrs (md5 3ae941e2c1937537ba5a07c4ac01521a)
[2025-09-13 06:34:07] 转换无变化，已删除 per-log：./AdGuardSDNSFilter/AdGuardSDNSFilter_OCD_IP.mrs.log
[2025-09-13 06:34:07] 开始转换：./Arphic/Arphic_OCD_Domain.yaml -> ./Arphic/Arphic_OCD_Domain.mrs （临时 ./Arphic/Arphic_OCD_Domain.mrs.tmp），之前 md5=31bbdd3ff235bfe2765ee86ed421e39f
[2025-09-13 06:34:07] ℹ️ 转换结果与现有 .mrs 相同，未更新：./Arphic/Arphic_OCD_Domain.mrs (md5 31bbdd3ff235bfe2765ee86ed421e39f)
[2025-09-13 06:34:07] 转换无变化，已删除 per-log：./Arphic/Arphic_OCD_Domain.mrs.log
[2025-09-13 06:34:07] 开始转换：./Arphic/Arphic_OCD_IP.yaml -> ./Arphic/Arphic_OCD_IP.mrs （临时 ./Arphic/Arphic_OCD_IP.mrs.tmp），之前 md5=3ae941e2c1937537ba5a07c4ac01521a
[2025-09-13 06:34:07] ℹ️ 转换结果与现有 .mrs 相同，未更新：./Arphic/Arphic_OCD_IP.mrs (md5 3ae941e2c1937537ba5a07c4ac01521a)
[2025-09-13 06:34:07] 转换无变化，已删除 per-log：./Arphic/Arphic_OCD_IP.mrs.log
[2025-09-13 06:34:07] 开始转换：./Sony/Sony_OCD_IP.yaml -> ./Sony/Sony_OCD_IP.mrs （临时 ./Sony/Sony_OCD_IP.mrs.tmp），之前 md5=3ae941e2c1937537ba5a07c4ac01521a
[2025-09-13 06:34:07] ℹ️ 转换结果与现有 .mrs 相同，未更新：./Sony/Sony_OCD_IP.mrs (md5 3ae941e2c1937537ba5a07c4ac01521a)
[2025-09-13 06:34:07] 转换无变化，已删除 per-log：./Sony/Sony_OCD_IP.mrs.log
[2025-09-13 06:34:07] 开始转换：./Sony/Sony_OCD_Domain.yaml -> ./Sony/Sony_OCD_Domain.mrs （临时 ./Sony/Sony_OCD_Domain.mrs.tmp），之前 md5=a1e2949469349e7826d1220506f4d2ea
[2025-09-13 06:34:07] ℹ️ 转换结果与现有 .mrs 相同，未更新：./Sony/Sony_OCD_Domain.mrs (md5 a1e2949469349e7826d1220506f4d2ea)
[2025-09-13 06:34:07] 转换无变化，已删除 per-log：./Sony/Sony_OCD_Domain.mrs.log
[2025-09-13 06:34:07] 开始转换：./Tesla/Tesla_OCD_IP.yaml -> ./Tesla/Tesla_OCD_IP.mrs （临时 ./Tesla/Tesla_OCD_IP.mrs.tmp），之前 md5=3ae941e2c1937537ba5a07c4ac01521a
[2025-09-13 06:34:07] ℹ️ 转换结果与现有 .mrs 相同，未更新：./Tesla/Tesla_OCD_IP.mrs (md5 3ae941e2c1937537ba5a07c4ac01521a)
[2025-09-13 06:34:07] 转换无变化，已删除 per-log：./Tesla/Tesla_OCD_IP.mrs.log
[2025-09-13 06:34:07] 开始转换：./Tesla/Tesla_OCD_Domain.yaml -> ./Tesla/Tesla_OCD_Domain.mrs （临时 ./Tesla/Tesla_OCD_Domain.mrs.tmp），之前 md5=7abce7ff78f31ff5a9cc7e290e5ee8b0
[2025-09-13 06:34:07] ℹ️ 转换结果与现有 .mrs 相同，未更新：./Tesla/Tesla_OCD_Domain.mrs (md5 7abce7ff78f31ff5a9cc7e290e5ee8b0)
[2025-09-13 06:34:08] 转换无变化，已删除 per-log：./Tesla/Tesla_OCD_Domain.mrs.log
[2025-09-13 06:34:08] 开始转换：./BaoFengYingYin/BaoFengYingYin_OCD_Domain.yaml -> ./BaoFengYingYin/BaoFengYingYin_OCD_Domain.mrs （临时 ./BaoFengYingYin/BaoFengYingYin_OCD_Domain.mrs.tmp），之前 md5=ff67d7f4955169ce5ab2b9cd9c4a518b
[2025-09-13 06:34:08] ℹ️ 转换结果与现有 .mrs 相同，未更新：./BaoFengYingYin/BaoFengYingYin_OCD_Domain.mrs (md5 ff67d7f4955169ce5ab2b9cd9c4a518b)
[2025-09-13 06:34:08] 转换无变化，已删除 per-log：./BaoFengYingYin/BaoFengYingYin_OCD_Domain.mrs.log
[2025-09-13 06:34:08] 开始转换：./BaoFengYingYin/BaoFengYingYin_OCD_IP.yaml -> ./BaoFengYingYin/BaoFengYingYin_OCD_IP.mrs （临时 ./BaoFengYingYin/BaoFengYingYin_OCD_IP.mrs.tmp），之前 md5=3ae941e2c1937537ba5a07c4ac01521a
[2025-09-13 06:34:08] ℹ️ 转换结果与现有 .mrs 相同，未更新：./BaoFengYingYin/BaoFengYingYin_OCD_IP.mrs (md5 3ae941e2c1937537ba5a07c4ac01521a)
[2025-09-13 06:34:08] 转换无变化，已删除 per-log：./BaoFengYingYin/BaoFengYingYin_OCD_IP.mrs.log
[2025-09-13 06:34:08] 开始转换：./Disney/Disney_OCD_IP.yaml -> ./Disney/Disney_OCD_IP.mrs （临时 ./Disney/Disney_OCD_IP.mrs.tmp），之前 md5=3ae941e2c1937537ba5a07c4ac01521a
[2025-09-13 06:34:08] ℹ️ 转换结果与现有 .mrs 相同，未更新：./Disney/Disney_OCD_IP.mrs (md5 3ae941e2c1937537ba5a07c4ac01521a)
[2025-09-13 06:34:08] 转换无变化，已删除 per-log：./Disney/Disney_OCD_IP.mrs.log
[2025-09-13 06:34:08] 开始转换：./Disney/Disney_OCD_Domain.yaml -> ./Disney/Disney_OCD_Domain.mrs （临时 ./Disney/Disney_OCD_Domain.mrs.tmp），之前 md5=2fa12f9c1e2492fd8eb8007348d7239f
[2025-09-13 06:34:08] ℹ️ 转换结果与现有 .mrs 相同，未更新：./Disney/Disney_OCD_Domain.mrs (md5 2fa12f9c1e2492fd8eb8007348d7239f)
[2025-09-13 06:34:08] 转换无变化，已删除 per-log：./Disney/Disney_OCD_Domain.mrs.log
[2025-09-13 06:34:08] 开始转换：./Sectigo/Sectigo_OCD_IP.yaml -> ./Sectigo/Sectigo_OCD_IP.mrs （临时 ./Sectigo/Sectigo_OCD_IP.mrs.tmp），之前 md5=3ae941e2c1937537ba5a07c4ac01521a
[2025-09-13 06:34:08] ℹ️ 转换结果与现有 .mrs 相同，未更新：./Sectigo/Sectigo_OCD_IP.mrs (md5 3ae941e2c1937537ba5a07c4ac01521a)
[2025-09-13 06:34:08] 转换无变化，已删除 per-log：./Sectigo/Sectigo_OCD_IP.mrs.log
[2025-09-13 06:34:08] 开始转换：./Sectigo/Sectigo_OCD_Domain.yaml -> ./Sectigo/Sectigo_OCD_Domain.mrs （临时 ./Sectigo/Sectigo_OCD_Domain.mrs.tmp），之前 md5=84104d175c2f6d88d1bca9d30f37e9d8
[2025-09-13 06:34:08] ℹ️ 转换结果与现有 .mrs 相同，未更新：./Sectigo/Sectigo_OCD_Domain.mrs (md5 84104d175c2f6d88d1bca9d30f37e9d8)
[2025-09-13 06:34:08] 转换无变化，已删除 per-log：./Sectigo/Sectigo_OCD_Domain.mrs.log
[2025-09-13 06:34:08] 开始转换：./XiaoGouKeJi/XiaoGouKeJi_OCD_IP.yaml -> ./XiaoGouKeJi/XiaoGouKeJi_OCD_IP.mrs （临时 ./XiaoGouKeJi/XiaoGouKeJi_OCD_IP.mrs.tmp），之前 md5=3ae941e2c1937537ba5a07c4ac01521a
[2025-09-13 06:34:08] ℹ️ 转换结果与现有 .mrs 相同，未更新：./XiaoGouKeJi/XiaoGouKeJi_OCD_IP.mrs (md5 3ae941e2c1937537ba5a07c4ac01521a)
[2025-09-13 06:34:08] 转换无变化，已删除 per-log：./XiaoGouKeJi/XiaoGouKeJi_OCD_IP.mrs.log
[2025-09-13 06:34:08] 开始转换：./XiaoGouKeJi/XiaoGouKeJi_OCD_Domain.yaml -> ./XiaoGouKeJi/XiaoGouKeJi_OCD_Domain.mrs （临时 ./XiaoGouKeJi/XiaoGouKeJi_OCD_Domain.mrs.tmp），之前 md5=72092b27ad2c1a53d184627586326bfc
[2025-09-13 06:34:08] ℹ️ 转换结果与现有 .mrs 相同，未更新：./XiaoGouKeJi/XiaoGouKeJi_OCD_Domain.mrs (md5 72092b27ad2c1a53d184627586326bfc)
[2025-09-13 06:34:08] 转换无变化，已删除 per-log：./XiaoGouKeJi/XiaoGouKeJi_OCD_Domain.mrs.log
[2025-09-13 06:34:08] 开始转换：./Domob/Domob_OCD_Domain.yaml -> ./Domob/Domob_OCD_Domain.mrs （临时 ./Domob/Domob_OCD_Domain.mrs.tmp），之前 md5=dfc079d171a0f73b1ac279059fc9f85c
[2025-09-13 06:34:08] ℹ️ 转换结果与现有 .mrs 相同，未更新：./Domob/Domob_OCD_Domain.mrs (md5 dfc079d171a0f73b1ac279059fc9f85c)
[2025-09-13 06:34:08] 转换无变化，已删除 per-log：./Domob/Domob_OCD_Domain.mrs.log
[2025-09-13 06:34:08] 开始转换：./Domob/Domob_OCD_IP.yaml -> ./Domob/Domob_OCD_IP.mrs （临时 ./Domob/Domob_OCD_IP.mrs.tmp），之前 md5=3ae941e2c1937537ba5a07c4ac01521a
[2025-09-13 06:34:08] ℹ️ 转换结果与现有 .mrs 相同，未更新：./Domob/Domob_OCD_IP.mrs (md5 3ae941e2c1937537ba5a07c4ac01521a)
[2025-09-13 06:34:08] 转换无变化，已删除 per-log：./Domob/Domob_OCD_IP.mrs.log
[2025-09-13 06:34:08] 开始转换：./Wanfang/Wanfang_OCD_Domain.yaml -> ./Wanfang/Wanfang_OCD_Domain.mrs （临时 ./Wanfang/Wanfang_OCD_Domain.mrs.tmp），之前 md5=7ef085049e4a5511051c4cbb9baaecba
[2025-09-13 06:34:08] ℹ️ 转换结果与现有 .mrs 相同，未更新：./Wanfang/Wanfang_OCD_Domain.mrs (md5 7ef085049e4a5511051c4cbb9baaecba)
[2025-09-13 06:34:08] 转换无变化，已删除 per-log：./Wanfang/Wanfang_OCD_Domain.mrs.log
[2025-09-13 06:34:08] 开始转换：./Wanfang/Wanfang_OCD_IP.yaml -> ./Wanfang/Wanfang_OCD_IP.mrs （临时 ./Wanfang/Wanfang_OCD_IP.mrs.tmp），之前 md5=3ae941e2c1937537ba5a07c4ac01521a
[2025-09-13 06:34:08] ℹ️ 转换结果与现有 .mrs 相同，未更新：./Wanfang/Wanfang_OCD_IP.mrs (md5 3ae941e2c1937537ba5a07c4ac01521a)
[2025-09-13 06:34:08] 转换无变化，已删除 per-log：./Wanfang/Wanfang_OCD_IP.mrs.log
[2025-09-13 06:34:08] 开始转换：./ShangHaiJuXiao/ShangHaiJuXiao_OCD_Domain.yaml -> ./ShangHaiJuXiao/ShangHaiJuXiao_OCD_Domain.mrs （临时 ./ShangHaiJuXiao/ShangHaiJuXiao_OCD_Domain.mrs.tmp），之前 md5=1b9f1140eaaadff3f30fe9b0d45c057d
[2025-09-13 06:34:08] ℹ️ 转换结果与现有 .mrs 相同，未更新：./ShangHaiJuXiao/ShangHaiJuXiao_OCD_Domain.mrs (md5 1b9f1140eaaadff3f30fe9b0d45c057d)
[2025-09-13 06:34:08] 转换无变化，已删除 per-log：./ShangHaiJuXiao/ShangHaiJuXiao_OCD_Domain.mrs.log
[2025-09-13 06:34:08] 开始转换：./ShangHaiJuXiao/ShangHaiJuXiao_OCD_IP.yaml -> ./ShangHaiJuXiao/ShangHaiJuXiao_OCD_IP.mrs （临时 ./ShangHaiJuXiao/ShangHaiJuXiao_OCD_IP.mrs.tmp），之前 md5=3ae941e2c1937537ba5a07c4ac01521a
[2025-09-13 06:34:08] ℹ️ 转换结果与现有 .mrs 相同，未更新：./ShangHaiJuXiao/ShangHaiJuXiao_OCD_IP.mrs (md5 3ae941e2c1937537ba5a07c4ac01521a)
[2025-09-13 06:34:08] 转换无变化，已删除 per-log：./ShangHaiJuXiao/ShangHaiJuXiao_OCD_IP.mrs.log
[2025-09-13 06:34:08] 开始转换：./AnandTech/AnandTech_OCD_Domain.yaml -> ./AnandTech/AnandTech_OCD_Domain.mrs （临时 ./AnandTech/AnandTech_OCD_Domain.mrs.tmp），之前 md5=bb4b0b221be214a579ba78e4cb4e007a
[2025-09-13 06:34:08] ℹ️ 转换结果与现有 .mrs 相同，未更新：./AnandTech/AnandTech_OCD_Domain.mrs (md5 bb4b0b221be214a579ba78e4cb4e007a)
[2025-09-13 06:34:08] 转换无变化，已删除 per-log：./AnandTech/AnandTech_OCD_Domain.mrs.log
[2025-09-13 06:34:08] 开始转换：./AnandTech/AnandTech_OCD_IP.yaml -> ./AnandTech/AnandTech_OCD_IP.mrs （临时 ./AnandTech/AnandTech_OCD_IP.mrs.tmp），之前 md5=3ae941e2c1937537ba5a07c4ac01521a
[2025-09-13 06:34:08] ℹ️ 转换结果与现有 .mrs 相同，未更新：./AnandTech/AnandTech_OCD_IP.mrs (md5 3ae941e2c1937537ba5a07c4ac01521a)
[2025-09-13 06:34:08] 转换无变化，已删除 per-log：./AnandTech/AnandTech_OCD_IP.mrs.log
[2025-09-13 06:34:08] 开始转换：./KKTV/KKTV_OCD_Domain.yaml -> ./KKTV/KKTV_OCD_Domain.mrs （临时 ./KKTV/KKTV_OCD_Domain.mrs.tmp），之前 md5=e424e3339c513c280897b4bf18b8e5a4
[2025-09-13 06:34:08] ℹ️ 转换结果与现有 .mrs 相同，未更新：./KKTV/KKTV_OCD_Domain.mrs (md5 e424e3339c513c280897b4bf18b8e5a4)
[2025-09-13 06:34:08] 转换无变化，已删除 per-log：./KKTV/KKTV_OCD_Domain.mrs.log
[2025-09-13 06:34:08] 开始转换：./KKTV/KKTV_OCD_IP.yaml -> ./KKTV/KKTV_OCD_IP.mrs （临时 ./KKTV/KKTV_OCD_IP.mrs.tmp），之前 md5=3ae941e2c1937537ba5a07c4ac01521a
[2025-09-13 06:34:08] ℹ️ 转换结果与现有 .mrs 相同，未更新：./KKTV/KKTV_OCD_IP.mrs (md5 3ae941e2c1937537ba5a07c4ac01521a)
[2025-09-13 06:34:08] 转换无变化，已删除 per-log：./KKTV/KKTV_OCD_IP.mrs.log
[2025-09-13 06:34:08] 开始转换：./Scholar/Scholar_OCD_Domain.yaml -> ./Scholar/Scholar_OCD_Domain.mrs （临时 ./Scholar/Scholar_OCD_Domain.mrs.tmp），之前 md5=a09029a7d7af9bcac4676d8fe0092eab
[2025-09-13 06:34:08] ℹ️ 转换结果与现有 .mrs 相同，未更新：./Scholar/Scholar_OCD_Domain.mrs (md5 a09029a7d7af9bcac4676d8fe0092eab)
[2025-09-13 06:34:08] 转换无变化，已删除 per-log：./Scholar/Scholar_OCD_Domain.mrs.log
[2025-09-13 06:34:08] 开始转换：./Scholar/Scholar_OCD_IP.yaml -> ./Scholar/Scholar_OCD_IP.mrs （临时 ./Scholar/Scholar_OCD_IP.mrs.tmp），之前 md5=3ae941e2c1937537ba5a07c4ac01521a
[2025-09-13 06:34:08] ℹ️ 转换结果与现有 .mrs 相同，未更新：./Scholar/Scholar_OCD_IP.mrs (md5 3ae941e2c1937537ba5a07c4ac01521a)
[2025-09-13 06:34:08] 转换无变化，已删除 per-log：./Scholar/Scholar_OCD_IP.mrs.log
[2025-09-13 06:34:08] 开始转换：./GaoDe/GaoDe_OCD_Domain.yaml -> ./GaoDe/GaoDe_OCD_Domain.mrs （临时 ./GaoDe/GaoDe_OCD_Domain.mrs.tmp），之前 md5=f6eba025a70f41b1b5d07ecb62f4fd27
[2025-09-13 06:34:08] ℹ️ 转换结果与现有 .mrs 相同，未更新：./GaoDe/GaoDe_OCD_Domain.mrs (md5 f6eba025a70f41b1b5d07ecb62f4fd27)
[2025-09-13 06:34:08] 转换无变化，已删除 per-log：./GaoDe/GaoDe_OCD_Domain.mrs.log
[2025-09-13 06:34:08] 开始转换：./GaoDe/GaoDe_OCD_IP.yaml -> ./GaoDe/GaoDe_OCD_IP.mrs （临时 ./GaoDe/GaoDe_OCD_IP.mrs.tmp），之前 md5=3ae941e2c1937537ba5a07c4ac01521a
[2025-09-13 06:34:08] ℹ️ 转换结果与现有 .mrs 相同，未更新：./GaoDe/GaoDe_OCD_IP.mrs (md5 3ae941e2c1937537ba5a07c4ac01521a)
[2025-09-13 06:34:08] 转换无变化，已删除 per-log：./GaoDe/GaoDe_OCD_IP.mrs.log
[2025-09-13 06:34:08] 开始转换：./Beats/Beats_OCD_Domain.yaml -> ./Beats/Beats_OCD_Domain.mrs （临时 ./Beats/Beats_OCD_Domain.mrs.tmp），之前 md5=cd25de62088a9a2e49917f8d5f99a9bc
[2025-09-13 06:34:08] ℹ️ 转换结果与现有 .mrs 相同，未更新：./Beats/Beats_OCD_Domain.mrs (md5 cd25de62088a9a2e49917f8d5f99a9bc)
[2025-09-13 06:34:08] 转换无变化，已删除 per-log：./Beats/Beats_OCD_Domain.mrs.log
[2025-09-13 06:34:08] 开始转换：./Beats/Beats_OCD_IP.yaml -> ./Beats/Beats_OCD_IP.mrs （临时 ./Beats/Beats_OCD_IP.mrs.tmp），之前 md5=3ae941e2c1937537ba5a07c4ac01521a
[2025-09-13 06:34:08] ℹ️ 转换结果与现有 .mrs 相同，未更新：./Beats/Beats_OCD_IP.mrs (md5 3ae941e2c1937537ba5a07c4ac01521a)
[2025-09-13 06:34:08] 转换无变化，已删除 per-log：./Beats/Beats_OCD_IP.mrs.log
[2025-09-13 06:34:08] 开始转换：./SmarTone/SmarTone_OCD_IP.yaml -> ./SmarTone/SmarTone_OCD_IP.mrs （临时 ./SmarTone/SmarTone_OCD_IP.mrs.tmp），之前 md5=3ae941e2c1937537ba5a07c4ac01521a
[2025-09-13 06:34:08] ℹ️ 转换结果与现有 .mrs 相同，未更新：./SmarTone/SmarTone_OCD_IP.mrs (md5 3ae941e2c1937537ba5a07c4ac01521a)
[2025-09-13 06:34:08] 转换无变化，已删除 per-log：./SmarTone/SmarTone_OCD_IP.mrs.log
[2025-09-13 06:34:08] 开始转换：./SmarTone/SmarTone_OCD_Domain.yaml -> ./SmarTone/SmarTone_OCD_Domain.mrs （临时 ./SmarTone/SmarTone_OCD_Domain.mrs.tmp），之前 md5=bb3dd6fa905422764c66aa15f0131ef4
[2025-09-13 06:34:08] ℹ️ 转换结果与现有 .mrs 相同，未更新：./SmarTone/SmarTone_OCD_Domain.mrs (md5 bb3dd6fa905422764c66aa15f0131ef4)
[2025-09-13 06:34:08] 转换无变化，已删除 per-log：./SmarTone/SmarTone_OCD_Domain.mrs.log
[2025-09-13 06:34:08] 开始转换：./WIX/WIX_OCD_IP.yaml -> ./WIX/WIX_OCD_IP.mrs （临时 ./WIX/WIX_OCD_IP.mrs.tmp），之前 md5=3ae941e2c1937537ba5a07c4ac01521a
[2025-09-13 06:34:08] ℹ️ 转换结果与现有 .mrs 相同，未更新：./WIX/WIX_OCD_IP.mrs (md5 3ae941e2c1937537ba5a07c4ac01521a)
[2025-09-13 06:34:08] 转换无变化，已删除 per-log：./WIX/WIX_OCD_IP.mrs.log
[2025-09-13 06:34:08] 开始转换：./WIX/WIX_OCD_Domain.yaml -> ./WIX/WIX_OCD_Domain.mrs （临时 ./WIX/WIX_OCD_Domain.mrs.tmp），之前 md5=c8a06a9743ce712754a99c3674750a29
[2025-09-13 06:34:08] ℹ️ 转换结果与现有 .mrs 相同，未更新：./WIX/WIX_OCD_Domain.mrs (md5 c8a06a9743ce712754a99c3674750a29)
[2025-09-13 06:34:08] 转换无变化，已删除 per-log：./WIX/WIX_OCD_Domain.mrs.log
[2025-09-13 06:34:08] 开始转换：./ProxyLite/ProxyLite_OCD_Domain.yaml -> ./ProxyLite/ProxyLite_OCD_Domain.mrs （临时 ./ProxyLite/ProxyLite_OCD_Domain.mrs.tmp），之前 md5=c4d2a81bd95f878d7858248d677ce9cd
[2025-09-13 06:34:08] ℹ️ 转换结果与现有 .mrs 相同，未更新：./ProxyLite/ProxyLite_OCD_Domain.mrs (md5 c4d2a81bd95f878d7858248d677ce9cd)
[2025-09-13 06:34:08] 转换无变化，已删除 per-log：./ProxyLite/ProxyLite_OCD_Domain.mrs.log
[2025-09-13 06:34:08] 开始转换：./ProxyLite/ProxyLite_OCD_IP.yaml -> ./ProxyLite/ProxyLite_OCD_IP.mrs （临时 ./ProxyLite/ProxyLite_OCD_IP.mrs.tmp），之前 md5=802162d7a1fc237ae735251f5dff8e1e
[2025-09-13 06:34:08] ℹ️ 转换结果与现有 .mrs 相同，未更新：./ProxyLite/ProxyLite_OCD_IP.mrs (md5 802162d7a1fc237ae735251f5dff8e1e)
[2025-09-13 06:34:08] 转换无变化，已删除 per-log：./ProxyLite/ProxyLite_OCD_IP.mrs.log
[2025-09-13 06:34:08] 开始转换：./Bootcss/Bootcss_OCD_Domain.yaml -> ./Bootcss/Bootcss_OCD_Domain.mrs （临时 ./Bootcss/Bootcss_OCD_Domain.mrs.tmp），之前 md5=2196288137b91f3a658d31740ca6b40f
[2025-09-13 06:34:09] ℹ️ 转换结果与现有 .mrs 相同，未更新：./Bootcss/Bootcss_OCD_Domain.mrs (md5 2196288137b91f3a658d31740ca6b40f)
[2025-09-13 06:34:09] 转换无变化，已删除 per-log：./Bootcss/Bootcss_OCD_Domain.mrs.log
[2025-09-13 06:34:09] 开始转换：./Bootcss/Bootcss_OCD_IP.yaml -> ./Bootcss/Bootcss_OCD_IP.mrs （临时 ./Bootcss/Bootcss_OCD_IP.mrs.tmp），之前 md5=3ae941e2c1937537ba5a07c4ac01521a
[2025-09-13 06:34:09] ℹ️ 转换结果与现有 .mrs 相同，未更新：./Bootcss/Bootcss_OCD_IP.mrs (md5 3ae941e2c1937537ba5a07c4ac01521a)
[2025-09-13 06:34:09] 转换无变化，已删除 per-log：./Bootcss/Bootcss_OCD_IP.mrs.log
[2025-09-13 06:34:09] 开始转换：./Majsoul/Majsoul_OCD_Domain.yaml -> ./Majsoul/Majsoul_OCD_Domain.mrs （临时 ./Majsoul/Majsoul_OCD_Domain.mrs.tmp），之前 md5=5d190ba9cb2c6f7ce5e4afcd3cec7588
[2025-09-13 06:34:09] ℹ️ 转换结果与现有 .mrs 相同，未更新：./Majsoul/Majsoul_OCD_Domain.mrs (md5 5d190ba9cb2c6f7ce5e4afcd3cec7588)
[2025-09-13 06:34:09] 转换无变化，已删除 per-log：./Majsoul/Majsoul_OCD_Domain.mrs.log
[2025-09-13 06:34:09] 开始转换：./Majsoul/Majsoul_OCD_IP.yaml -> ./Majsoul/Majsoul_OCD_IP.mrs （临时 ./Majsoul/Majsoul_OCD_IP.mrs.tmp），之前 md5=3ae941e2c1937537ba5a07c4ac01521a
[2025-09-13 06:34:09] ℹ️ 转换结果与现有 .mrs 相同，未更新：./Majsoul/Majsoul_OCD_IP.mrs (md5 3ae941e2c1937537ba5a07c4ac01521a)
[2025-09-13 06:34:09] 转换无变化，已删除 per-log：./Majsoul/Majsoul_OCD_IP.mrs.log
[2025-09-13 06:34:09] 开始转换：./Mailru/Mailru_OCD_Domain.yaml -> ./Mailru/Mailru_OCD_Domain.mrs （临时 ./Mailru/Mailru_OCD_Domain.mrs.tmp），之前 md5=cb9eb8c0ff3a62435ebeec584b043384
[2025-09-13 06:34:09] ℹ️ 转换结果与现有 .mrs 相同，未更新：./Mailru/Mailru_OCD_Domain.mrs (md5 cb9eb8c0ff3a62435ebeec584b043384)
[2025-09-13 06:34:09] 转换无变化，已删除 per-log：./Mailru/Mailru_OCD_Domain.mrs.log
[2025-09-13 06:34:09] 开始转换：./Mailru/Mailru_OCD_IP.yaml -> ./Mailru/Mailru_OCD_IP.mrs （临时 ./Mailru/Mailru_OCD_IP.mrs.tmp），之前 md5=3ae941e2c1937537ba5a07c4ac01521a
[2025-09-13 06:34:09] ℹ️ 转换结果与现有 .mrs 相同，未更新：./Mailru/Mailru_OCD_IP.mrs (md5 3ae941e2c1937537ba5a07c4ac01521a)
[2025-09-13 06:34:09] 转换无变化，已删除 per-log：./Mailru/Mailru_OCD_IP.mrs.log
[2025-09-13 06:34:09] 开始转换：./WeChat/WeChat_OCD_Domain.yaml -> ./WeChat/WeChat_OCD_Domain.mrs （临时 ./WeChat/WeChat_OCD_Domain.mrs.tmp），之前 md5=e9b4b39faeb29ee9a9294dd62dca681a
[2025-09-13 06:34:09] ℹ️ 转换结果与现有 .mrs 相同，未更新：./WeChat/WeChat_OCD_Domain.mrs (md5 e9b4b39faeb29ee9a9294dd62dca681a)
[2025-09-13 06:34:09] 转换无变化，已删除 per-log：./WeChat/WeChat_OCD_Domain.mrs.log
[2025-09-13 06:34:09] 开始转换：./WeChat/WeChat_OCD_IP.yaml -> ./WeChat/WeChat_OCD_IP.mrs （临时 ./WeChat/WeChat_OCD_IP.mrs.tmp），之前 md5=3ae941e2c1937537ba5a07c4ac01521a
[2025-09-13 06:34:09] ℹ️ 转换结果与现有 .mrs 相同，未更新：./WeChat/WeChat_OCD_IP.mrs (md5 3ae941e2c1937537ba5a07c4ac01521a)
[2025-09-13 06:34:09] 转换无变化，已删除 per-log：./WeChat/WeChat_OCD_IP.mrs.log
[2025-09-13 06:34:09] 开始转换：./Adobe/Adobe_OCD_IP.yaml -> ./Adobe/Adobe_OCD_IP.mrs （临时 ./Adobe/Adobe_OCD_IP.mrs.tmp），之前 md5=3ae941e2c1937537ba5a07c4ac01521a
[2025-09-13 06:34:09] ℹ️ 转换结果与现有 .mrs 相同，未更新：./Adobe/Adobe_OCD_IP.mrs (md5 3ae941e2c1937537ba5a07c4ac01521a)
[2025-09-13 06:34:09] 转换无变化，已删除 per-log：./Adobe/Adobe_OCD_IP.mrs.log
[2025-09-13 06:34:09] 开始转换：./Adobe/Adobe_OCD_Domain.yaml -> ./Adobe/Adobe_OCD_Domain.mrs （临时 ./Adobe/Adobe_OCD_Domain.mrs.tmp），之前 md5=5bf3556220547ffc5fe73cad8164ea70
[2025-09-13 06:34:09] ℹ️ 转换结果与现有 .mrs 相同，未更新：./Adobe/Adobe_OCD_Domain.mrs (md5 5bf3556220547ffc5fe73cad8164ea70)
[2025-09-13 06:34:09] 转换无变化，已删除 per-log：./Adobe/Adobe_OCD_Domain.mrs.log
[2025-09-13 06:34:09] 开始转换：./FreeCodeCamp/FreeCodeCamp_OCD_Domain.yaml -> ./FreeCodeCamp/FreeCodeCamp_OCD_Domain.mrs （临时 ./FreeCodeCamp/FreeCodeCamp_OCD_Domain.mrs.tmp），之前 md5=d6071fb2d0ab3cf0e5916fe32d8b33c6
[2025-09-13 06:34:09] ℹ️ 转换结果与现有 .mrs 相同，未更新：./FreeCodeCamp/FreeCodeCamp_OCD_Domain.mrs (md5 d6071fb2d0ab3cf0e5916fe32d8b33c6)
[2025-09-13 06:34:09] 转换无变化，已删除 per-log：./FreeCodeCamp/FreeCodeCamp_OCD_Domain.mrs.log
[2025-09-13 06:34:09] 开始转换：./FreeCodeCamp/FreeCodeCamp_OCD_IP.yaml -> ./FreeCodeCamp/FreeCodeCamp_OCD_IP.mrs （临时 ./FreeCodeCamp/FreeCodeCamp_OCD_IP.mrs.tmp），之前 md5=3ae941e2c1937537ba5a07c4ac01521a
[2025-09-13 06:34:09] ℹ️ 转换结果与现有 .mrs 相同，未更新：./FreeCodeCamp/FreeCodeCamp_OCD_IP.mrs (md5 3ae941e2c1937537ba5a07c4ac01521a)
[2025-09-13 06:34:09] 转换无变化，已删除 per-log：./FreeCodeCamp/FreeCodeCamp_OCD_IP.mrs.log
[2025-09-13 06:34:09] 开始转换：./Dedao/Dedao_OCD_Domain.yaml -> ./Dedao/Dedao_OCD_Domain.mrs （临时 ./Dedao/Dedao_OCD_Domain.mrs.tmp），之前 md5=432e8c26194f66440283b34f04c11e45
[2025-09-13 06:34:09] ℹ️ 转换结果与现有 .mrs 相同，未更新：./Dedao/Dedao_OCD_Domain.mrs (md5 432e8c26194f66440283b34f04c11e45)
[2025-09-13 06:34:09] 转换无变化，已删除 per-log：./Dedao/Dedao_OCD_Domain.mrs.log
[2025-09-13 06:34:09] 开始转换：./Dedao/Dedao_OCD_IP.yaml -> ./Dedao/Dedao_OCD_IP.mrs （临时 ./Dedao/Dedao_OCD_IP.mrs.tmp），之前 md5=3ae941e2c1937537ba5a07c4ac01521a
[2025-09-13 06:34:09] ℹ️ 转换结果与现有 .mrs 相同，未更新：./Dedao/Dedao_OCD_IP.mrs (md5 3ae941e2c1937537ba5a07c4ac01521a)
[2025-09-13 06:34:09] 转换无变化，已删除 per-log：./Dedao/Dedao_OCD_IP.mrs.log
[2025-09-13 06:34:09] 开始转换：./LondonReal/LondonReal_OCD_IP.yaml -> ./LondonReal/LondonReal_OCD_IP.mrs （临时 ./LondonReal/LondonReal_OCD_IP.mrs.tmp），之前 md5=3ae941e2c1937537ba5a07c4ac01521a
[2025-09-13 06:34:09] ℹ️ 转换结果与现有 .mrs 相同，未更新：./LondonReal/LondonReal_OCD_IP.mrs (md5 3ae941e2c1937537ba5a07c4ac01521a)
[2025-09-13 06:34:09] 转换无变化，已删除 per-log：./LondonReal/LondonReal_OCD_IP.mrs.log
[2025-09-13 06:34:09] 开始转换：./LondonReal/LondonReal_OCD_Domain.yaml -> ./LondonReal/LondonReal_OCD_Domain.mrs （临时 ./LondonReal/LondonReal_OCD_Domain.mrs.tmp），之前 md5=64fcec54845dab0b537da8db790bae00
[2025-09-13 06:34:09] ℹ️ 转换结果与现有 .mrs 相同，未更新：./LondonReal/LondonReal_OCD_Domain.mrs (md5 64fcec54845dab0b537da8db790bae00)
[2025-09-13 06:34:09] 转换无变化，已删除 per-log：./LondonReal/LondonReal_OCD_Domain.mrs.log
[2025-09-13 06:34:09] 开始转换：./Cisco/Cisco_OCD_Domain.yaml -> ./Cisco/Cisco_OCD_Domain.mrs （临时 ./Cisco/Cisco_OCD_Domain.mrs.tmp），之前 md5=88c4f9d44419fd03d73f27883fcf42d0
[2025-09-13 06:34:09] ℹ️ 转换结果与现有 .mrs 相同，未更新：./Cisco/Cisco_OCD_Domain.mrs (md5 88c4f9d44419fd03d73f27883fcf42d0)
[2025-09-13 06:34:09] 转换无变化，已删除 per-log：./Cisco/Cisco_OCD_Domain.mrs.log
[2025-09-13 06:34:09] 开始转换：./Cisco/Cisco_OCD_IP.yaml -> ./Cisco/Cisco_OCD_IP.mrs （临时 ./Cisco/Cisco_OCD_IP.mrs.tmp），之前 md5=3ae941e2c1937537ba5a07c4ac01521a
[2025-09-13 06:34:09] ℹ️ 转换结果与现有 .mrs 相同，未更新：./Cisco/Cisco_OCD_IP.mrs (md5 3ae941e2c1937537ba5a07c4ac01521a)
[2025-09-13 06:34:09] 转换无变化，已删除 per-log：./Cisco/Cisco_OCD_IP.mrs.log
[2025-09-13 06:34:09] 开始转换：./CKJR/CKJR_OCD_Domain.yaml -> ./CKJR/CKJR_OCD_Domain.mrs （临时 ./CKJR/CKJR_OCD_Domain.mrs.tmp），之前 md5=9e1d5733bfc7af37cbb318f29da2ee93
[2025-09-13 06:34:09] ℹ️ 转换结果与现有 .mrs 相同，未更新：./CKJR/CKJR_OCD_Domain.mrs (md5 9e1d5733bfc7af37cbb318f29da2ee93)
[2025-09-13 06:34:09] 转换无变化，已删除 per-log：./CKJR/CKJR_OCD_Domain.mrs.log
[2025-09-13 06:34:09] 开始转换：./CKJR/CKJR_OCD_IP.yaml -> ./CKJR/CKJR_OCD_IP.mrs （临时 ./CKJR/CKJR_OCD_IP.mrs.tmp），之前 md5=3ae941e2c1937537ba5a07c4ac01521a
[2025-09-13 06:34:09] ℹ️ 转换结果与现有 .mrs 相同，未更新：./CKJR/CKJR_OCD_IP.mrs (md5 3ae941e2c1937537ba5a07c4ac01521a)
[2025-09-13 06:34:09] 转换无变化，已删除 per-log：./CKJR/CKJR_OCD_IP.mrs.log
[2025-09-13 06:34:09] 开始转换：./GitHub/GitHub_OCD_Domain.yaml -> ./GitHub/GitHub_OCD_Domain.mrs （临时 ./GitHub/GitHub_OCD_Domain.mrs.tmp），之前 md5=3211d1c35d7ae6b80440ba41b3f82420
[2025-09-13 06:34:09] ℹ️ 转换结果与现有 .mrs 相同，未更新：./GitHub/GitHub_OCD_Domain.mrs (md5 3211d1c35d7ae6b80440ba41b3f82420)
[2025-09-13 06:34:09] 转换无变化，已删除 per-log：./GitHub/GitHub_OCD_Domain.mrs.log
[2025-09-13 06:34:09] 开始转换：./GitHub/GitHub_OCD_IP.yaml -> ./GitHub/GitHub_OCD_IP.mrs （临时 ./GitHub/GitHub_OCD_IP.mrs.tmp），之前 md5=3ae941e2c1937537ba5a07c4ac01521a
[2025-09-13 06:34:09] ℹ️ 转换结果与现有 .mrs 相同，未更新：./GitHub/GitHub_OCD_IP.mrs (md5 3ae941e2c1937537ba5a07c4ac01521a)
[2025-09-13 06:34:09] 转换无变化，已删除 per-log：./GitHub/GitHub_OCD_IP.mrs.log
[2025-09-13 06:34:09] 开始转换：./Bing/Bing_OCD_Domain.yaml -> ./Bing/Bing_OCD_Domain.mrs （临时 ./Bing/Bing_OCD_Domain.mrs.tmp），之前 md5=a644b3c8e3f8d0f0cebfb5dbff7eab7c
[2025-09-13 06:34:09] ℹ️ 转换结果与现有 .mrs 相同，未更新：./Bing/Bing_OCD_Domain.mrs (md5 a644b3c8e3f8d0f0cebfb5dbff7eab7c)
[2025-09-13 06:34:09] 转换无变化，已删除 per-log：./Bing/Bing_OCD_Domain.mrs.log
[2025-09-13 06:34:09] 开始转换：./Bing/Bing_OCD_IP.yaml -> ./Bing/Bing_OCD_IP.mrs （临时 ./Bing/Bing_OCD_IP.mrs.tmp），之前 md5=3ae941e2c1937537ba5a07c4ac01521a
[2025-09-13 06:34:09] ℹ️ 转换结果与现有 .mrs 相同，未更新：./Bing/Bing_OCD_IP.mrs (md5 3ae941e2c1937537ba5a07c4ac01521a)
[2025-09-13 06:34:09] 转换无变化，已删除 per-log：./Bing/Bing_OCD_IP.mrs.log
[2025-09-13 06:34:09] 开始转换：./SlideShare/SlideShare_OCD_IP.yaml -> ./SlideShare/SlideShare_OCD_IP.mrs （临时 ./SlideShare/SlideShare_OCD_IP.mrs.tmp），之前 md5=3ae941e2c1937537ba5a07c4ac01521a
[2025-09-13 06:34:09] ℹ️ 转换结果与现有 .mrs 相同，未更新：./SlideShare/SlideShare_OCD_IP.mrs (md5 3ae941e2c1937537ba5a07c4ac01521a)
[2025-09-13 06:34:09] 转换无变化，已删除 per-log：./SlideShare/SlideShare_OCD_IP.mrs.log
[2025-09-13 06:34:09] 开始转换：./SlideShare/SlideShare_OCD_Domain.yaml -> ./SlideShare/SlideShare_OCD_Domain.mrs （临时 ./SlideShare/SlideShare_OCD_Domain.mrs.tmp），之前 md5=aecf6fd85f134ffdc6bd880b6f178dba
[2025-09-13 06:34:09] ℹ️ 转换结果与现有 .mrs 相同，未更新：./SlideShare/SlideShare_OCD_Domain.mrs (md5 aecf6fd85f134ffdc6bd880b6f178dba)
[2025-09-13 06:34:09] 转换无变化，已删除 per-log：./SlideShare/SlideShare_OCD_Domain.mrs.log
[2025-09-13 06:34:09] 开始转换：./Cloud/KingsoftCloud/KingsoftCloud_OCD_IP.yaml -> ./Cloud/KingsoftCloud/KingsoftCloud_OCD_IP.mrs （临时 ./Cloud/KingsoftCloud/KingsoftCloud_OCD_IP.mrs.tmp），之前 md5=f361083714df2ed894580df97d216fe0
[2025-09-13 06:34:09] ℹ️ 转换结果与现有 .mrs 相同，未更新：./Cloud/KingsoftCloud/KingsoftCloud_OCD_IP.mrs (md5 f361083714df2ed894580df97d216fe0)
[2025-09-13 06:34:09] 转换无变化，已删除 per-log：./Cloud/KingsoftCloud/KingsoftCloud_OCD_IP.mrs.log
[2025-09-13 06:34:09] 开始转换：./Cloud/KingsoftCloud/KingsoftCloud_OCD_Domain.yaml -> ./Cloud/KingsoftCloud/KingsoftCloud_OCD_Domain.mrs （临时 ./Cloud/KingsoftCloud/KingsoftCloud_OCD_Domain.mrs.tmp），之前 md5=3b09ff0bd0293a12f4ddcfe99bd4d7b8
[2025-09-13 06:34:09] ✅ 转换并更新：./Cloud/KingsoftCloud/KingsoftCloud_OCD_Domain.mrs （3b09ff0bd0293a12f4ddcfe99bd4d7b8 -> 017e43f277341d38bb8ae871a3770262）
[2025-09-13 06:34:09] 已删除成功转换产生的日志文件：./Cloud/KingsoftCloud/KingsoftCloud_OCD_Domain.mrs.log
[2025-09-13 06:34:09] 开始转换：./Cloud/HuaweiCloud/HuaweiCloud_OCD_IP.yaml -> ./Cloud/HuaweiCloud/HuaweiCloud_OCD_IP.mrs （临时 ./Cloud/HuaweiCloud/HuaweiCloud_OCD_IP.mrs.tmp），之前 md5=749a0269dd110de98e039b7297bfb3df
[2025-09-13 06:34:09] ℹ️ 转换结果与现有 .mrs 相同，未更新：./Cloud/HuaweiCloud/HuaweiCloud_OCD_IP.mrs (md5 749a0269dd110de98e039b7297bfb3df)
[2025-09-13 06:34:09] 转换无变化，已删除 per-log：./Cloud/HuaweiCloud/HuaweiCloud_OCD_IP.mrs.log
[2025-09-13 06:34:09] 开始转换：./Cloud/HuaweiCloud/HuaweiCloud_OCD_Domain.yaml -> ./Cloud/HuaweiCloud/HuaweiCloud_OCD_Domain.mrs （临时 ./Cloud/HuaweiCloud/HuaweiCloud_OCD_Domain.mrs.tmp），之前 md5=3b09ff0bd0293a12f4ddcfe99bd4d7b8
[2025-09-13 06:34:09] ✅ 转换并更新：./Cloud/HuaweiCloud/HuaweiCloud_OCD_Domain.mrs （3b09ff0bd0293a12f4ddcfe99bd4d7b8 -> 017e43f277341d38bb8ae871a3770262）
[2025-09-13 06:34:09] 已删除成功转换产生的日志文件：./Cloud/HuaweiCloud/HuaweiCloud_OCD_Domain.mrs.log
[2025-09-13 06:34:09] 开始转换：./Cloud/AkamaiCloud/AkamaiCloud_OCD_IP.yaml -> ./Cloud/AkamaiCloud/AkamaiCloud_OCD_IP.mrs （临时 ./Cloud/AkamaiCloud/AkamaiCloud_OCD_IP.mrs.tmp），之前 md5=5d84c98992aa4a666581d0fe62f1650f
[2025-09-13 06:34:09] ℹ️ 转换结果与现有 .mrs 相同，未更新：./Cloud/AkamaiCloud/AkamaiCloud_OCD_IP.mrs (md5 5d84c98992aa4a666581d0fe62f1650f)
[2025-09-13 06:34:09] 转换无变化，已删除 per-log：./Cloud/AkamaiCloud/AkamaiCloud_OCD_IP.mrs.log
[2025-09-13 06:34:09] 开始转换：./Cloud/AkamaiCloud/AkamaiCloud_OCD_Domain.yaml -> ./Cloud/AkamaiCloud/AkamaiCloud_OCD_Domain.mrs （临时 ./Cloud/AkamaiCloud/AkamaiCloud_OCD_Domain.mrs.tmp），之前 md5=3b09ff0bd0293a12f4ddcfe99bd4d7b8
[2025-09-13 06:34:09] ✅ 转换并更新：./Cloud/AkamaiCloud/AkamaiCloud_OCD_Domain.mrs （3b09ff0bd0293a12f4ddcfe99bd4d7b8 -> 017e43f277341d38bb8ae871a3770262）
[2025-09-13 06:34:09] 已删除成功转换产生的日志文件：./Cloud/AkamaiCloud/AkamaiCloud_OCD_Domain.mrs.log
[2025-09-13 06:34:09] 开始转换：./Cloud/BaiduCloud/BaiduCloud_OCD_Domain.yaml -> ./Cloud/BaiduCloud/BaiduCloud_OCD_Domain.mrs （临时 ./Cloud/BaiduCloud/BaiduCloud_OCD_Domain.mrs.tmp），之前 md5=3b09ff0bd0293a12f4ddcfe99bd4d7b8
[2025-09-13 06:34:09] ✅ 转换并更新：./Cloud/BaiduCloud/BaiduCloud_OCD_Domain.mrs （3b09ff0bd0293a12f4ddcfe99bd4d7b8 -> 017e43f277341d38bb8ae871a3770262）
[2025-09-13 06:34:09] 已删除成功转换产生的日志文件：./Cloud/BaiduCloud/BaiduCloud_OCD_Domain.mrs.log
[2025-09-13 06:34:09] 开始转换：./Cloud/BaiduCloud/BaiduCloud_OCD_IP.yaml -> ./Cloud/BaiduCloud/BaiduCloud_OCD_IP.mrs （临时 ./Cloud/BaiduCloud/BaiduCloud_OCD_IP.mrs.tmp），之前 md5=08c64f05706a6bee471b193631f0728d
[2025-09-13 06:34:09] ℹ️ 转换结果与现有 .mrs 相同，未更新：./Cloud/BaiduCloud/BaiduCloud_OCD_IP.mrs (md5 08c64f05706a6bee471b193631f0728d)
[2025-09-13 06:34:09] 转换无变化，已删除 per-log：./Cloud/BaiduCloud/BaiduCloud_OCD_IP.mrs.log
[2025-09-13 06:34:09] 开始转换：./Cloud/360Cloud/360Cloud_OCD_IP.yaml -> ./Cloud/360Cloud/360Cloud_OCD_IP.mrs （临时 ./Cloud/360Cloud/360Cloud_OCD_IP.mrs.tmp），之前 md5=7de88eb06a2c08e6d14f340efe91faa3
[2025-09-13 06:34:09] ℹ️ 转换结果与现有 .mrs 相同，未更新：./Cloud/360Cloud/360Cloud_OCD_IP.mrs (md5 7de88eb06a2c08e6d14f340efe91faa3)
[2025-09-13 06:34:09] 转换无变化，已删除 per-log：./Cloud/360Cloud/360Cloud_OCD_IP.mrs.log
[2025-09-13 06:34:09] 开始转换：./Cloud/360Cloud/360Cloud_OCD_Domain.yaml -> ./Cloud/360Cloud/360Cloud_OCD_Domain.mrs （临时 ./Cloud/360Cloud/360Cloud_OCD_Domain.mrs.tmp），之前 md5=3b09ff0bd0293a12f4ddcfe99bd4d7b8
[2025-09-13 06:34:10] ✅ 转换并更新：./Cloud/360Cloud/360Cloud_OCD_Domain.mrs （3b09ff0bd0293a12f4ddcfe99bd4d7b8 -> 017e43f277341d38bb8ae871a3770262）
[2025-09-13 06:34:10] 已删除成功转换产生的日志文件：./Cloud/360Cloud/360Cloud_OCD_Domain.mrs.log
[2025-09-13 06:34:10] 开始转换：./Cloud/AmazonCloud/AmazonCloud_OCD_Domain.yaml -> ./Cloud/AmazonCloud/AmazonCloud_OCD_Domain.mrs （临时 ./Cloud/AmazonCloud/AmazonCloud_OCD_Domain.mrs.tmp），之前 md5=3b09ff0bd0293a12f4ddcfe99bd4d7b8
[2025-09-13 06:34:10] ✅ 转换并更新：./Cloud/AmazonCloud/AmazonCloud_OCD_Domain.mrs （3b09ff0bd0293a12f4ddcfe99bd4d7b8 -> 017e43f277341d38bb8ae871a3770262）
[2025-09-13 06:34:10] 已删除成功转换产生的日志文件：./Cloud/AmazonCloud/AmazonCloud_OCD_Domain.mrs.log
[2025-09-13 06:34:10] 开始转换：./Cloud/AmazonCloud/AmazonCloud_OCD_IP.yaml -> ./Cloud/AmazonCloud/AmazonCloud_OCD_IP.mrs （临时 ./Cloud/AmazonCloud/AmazonCloud_OCD_IP.mrs.tmp），之前 md5=1831cf6ab14f2afce87c1e6240ae0cb9
[2025-09-13 06:34:10] ℹ️ 转换结果与现有 .mrs 相同，未更新：./Cloud/AmazonCloud/AmazonCloud_OCD_IP.mrs (md5 1831cf6ab14f2afce87c1e6240ae0cb9)
[2025-09-13 06:34:10] 转换无变化，已删除 per-log：./Cloud/AmazonCloud/AmazonCloud_OCD_IP.mrs.log
[2025-09-13 06:34:10] 开始转换：./Cloud/HiNet/HiNet_OCD_IP.yaml -> ./Cloud/HiNet/HiNet_OCD_IP.mrs （临时 ./Cloud/HiNet/HiNet_OCD_IP.mrs.tmp），之前 md5=5be49a9a22c124c7bded21dea5940ad7
[2025-09-13 06:34:10] ℹ️ 转换结果与现有 .mrs 相同，未更新：./Cloud/HiNet/HiNet_OCD_IP.mrs (md5 5be49a9a22c124c7bded21dea5940ad7)
[2025-09-13 06:34:10] 转换无变化，已删除 per-log：./Cloud/HiNet/HiNet_OCD_IP.mrs.log
[2025-09-13 06:34:10] 开始转换：./Cloud/HiNet/HiNet_OCD_Domain.yaml -> ./Cloud/HiNet/HiNet_OCD_Domain.mrs （临时 ./Cloud/HiNet/HiNet_OCD_Domain.mrs.tmp），之前 md5=3b09ff0bd0293a12f4ddcfe99bd4d7b8
[2025-09-13 06:34:10] ✅ 转换并更新：./Cloud/HiNet/HiNet_OCD_Domain.mrs （3b09ff0bd0293a12f4ddcfe99bd4d7b8 -> 017e43f277341d38bb8ae871a3770262）
[2025-09-13 06:34:10] 已删除成功转换产生的日志文件：./Cloud/HiNet/HiNet_OCD_Domain.mrs.log
[2025-09-13 06:34:10] 开始转换：./Cloud/CloudCN/CloudCN_OCD_IP.yaml -> ./Cloud/CloudCN/CloudCN_OCD_IP.mrs （临时 ./Cloud/CloudCN/CloudCN_OCD_IP.mrs.tmp），之前 md5=f2952c755778dc55ac7b9ed7747932fb
[2025-09-13 06:34:10] ℹ️ 转换结果与现有 .mrs 相同，未更新：./Cloud/CloudCN/CloudCN_OCD_IP.mrs (md5 f2952c755778dc55ac7b9ed7747932fb)
[2025-09-13 06:34:10] 转换无变化，已删除 per-log：./Cloud/CloudCN/CloudCN_OCD_IP.mrs.log
[2025-09-13 06:34:10] 开始转换：./Cloud/CloudCN/CloudCN_OCD_Domain.yaml -> ./Cloud/CloudCN/CloudCN_OCD_Domain.mrs （临时 ./Cloud/CloudCN/CloudCN_OCD_Domain.mrs.tmp），之前 md5=3b09ff0bd0293a12f4ddcfe99bd4d7b8
[2025-09-13 06:34:10] ✅ 转换并更新：./Cloud/CloudCN/CloudCN_OCD_Domain.mrs （3b09ff0bd0293a12f4ddcfe99bd4d7b8 -> 017e43f277341d38bb8ae871a3770262）
[2025-09-13 06:34:10] 已删除成功转换产生的日志文件：./Cloud/CloudCN/CloudCN_OCD_Domain.mrs.log
[2025-09-13 06:34:10] 开始转换：./Cloud/NeteaseCloud/NeteaseCloud_OCD_IP.yaml -> ./Cloud/NeteaseCloud/NeteaseCloud_OCD_IP.mrs （临时 ./Cloud/NeteaseCloud/NeteaseCloud_OCD_IP.mrs.tmp），之前 md5=f8bbf48a6643372b919ca80b7f4d5e18
[2025-09-13 06:34:10] ℹ️ 转换结果与现有 .mrs 相同，未更新：./Cloud/NeteaseCloud/NeteaseCloud_OCD_IP.mrs (md5 f8bbf48a6643372b919ca80b7f4d5e18)
[2025-09-13 06:34:10] 转换无变化，已删除 per-log：./Cloud/NeteaseCloud/NeteaseCloud_OCD_IP.mrs.log
[2025-09-13 06:34:10] 开始转换：./Cloud/NeteaseCloud/NeteaseCloud_OCD_Domain.yaml -> ./Cloud/NeteaseCloud/NeteaseCloud_OCD_Domain.mrs （临时 ./Cloud/NeteaseCloud/NeteaseCloud_OCD_Domain.mrs.tmp），之前 md5=3b09ff0bd0293a12f4ddcfe99bd4d7b8
[2025-09-13 06:34:10] ✅ 转换并更新：./Cloud/NeteaseCloud/NeteaseCloud_OCD_Domain.mrs （3b09ff0bd0293a12f4ddcfe99bd4d7b8 -> 017e43f277341d38bb8ae871a3770262）
[2025-09-13 06:34:10] 已删除成功转换产生的日志文件：./Cloud/NeteaseCloud/NeteaseCloud_OCD_Domain.mrs.log
[2025-09-13 06:34:10] 开始转换：./Cloud/CloudGlobal/CloudGlobal_OCD_Domain.yaml -> ./Cloud/CloudGlobal/CloudGlobal_OCD_Domain.mrs （临时 ./Cloud/CloudGlobal/CloudGlobal_OCD_Domain.mrs.tmp），之前 md5=ec46e5c718b319dbcb65540572e1aa6a
[2025-09-13 06:34:10] ℹ️ 转换结果与现有 .mrs 相同，未更新：./Cloud/CloudGlobal/CloudGlobal_OCD_Domain.mrs (md5 ec46e5c718b319dbcb65540572e1aa6a)
[2025-09-13 06:34:10] 转换无变化，已删除 per-log：./Cloud/CloudGlobal/CloudGlobal_OCD_Domain.mrs.log
[2025-09-13 06:34:10] 开始转换：./Cloud/CloudGlobal/CloudGlobal_OCD_IP.yaml -> ./Cloud/CloudGlobal/CloudGlobal_OCD_IP.mrs （临时 ./Cloud/CloudGlobal/CloudGlobal_OCD_IP.mrs.tmp），之前 md5=423a77e2c1f80c0563b15f4d2d8ded6e
[2025-09-13 06:34:10] ℹ️ 转换结果与现有 .mrs 相同，未更新：./Cloud/CloudGlobal/CloudGlobal_OCD_IP.mrs (md5 423a77e2c1f80c0563b15f4d2d8ded6e)
[2025-09-13 06:34:10] 转换无变化，已删除 per-log：./Cloud/CloudGlobal/CloudGlobal_OCD_IP.mrs.log
[2025-09-13 06:34:10] 开始转换：./Cloud/JingDongCloud/JingDongCloud_OCD_IP.yaml -> ./Cloud/JingDongCloud/JingDongCloud_OCD_IP.mrs （临时 ./Cloud/JingDongCloud/JingDongCloud_OCD_IP.mrs.tmp），之前 md5=5f9780e119f0ba0e3bdf42a805198a88
[2025-09-13 06:34:10] ℹ️ 转换结果与现有 .mrs 相同，未更新：./Cloud/JingDongCloud/JingDongCloud_OCD_IP.mrs (md5 5f9780e119f0ba0e3bdf42a805198a88)
[2025-09-13 06:34:10] 转换无变化，已删除 per-log：./Cloud/JingDongCloud/JingDongCloud_OCD_IP.mrs.log
[2025-09-13 06:34:10] 开始转换：./Cloud/JingDongCloud/JingDongCloud_OCD_Domain.yaml -> ./Cloud/JingDongCloud/JingDongCloud_OCD_Domain.mrs （临时 ./Cloud/JingDongCloud/JingDongCloud_OCD_Domain.mrs.tmp），之前 md5=3b09ff0bd0293a12f4ddcfe99bd4d7b8
[2025-09-13 06:34:10] ✅ 转换并更新：./Cloud/JingDongCloud/JingDongCloud_OCD_Domain.mrs （3b09ff0bd0293a12f4ddcfe99bd4d7b8 -> 017e43f277341d38bb8ae871a3770262）
[2025-09-13 06:34:10] 已删除成功转换产生的日志文件：./Cloud/JingDongCloud/JingDongCloud_OCD_Domain.mrs.log
[2025-09-13 06:34:10] 开始转换：./Cloud/TencentCloud/TencentCloud_OCD_IP.yaml -> ./Cloud/TencentCloud/TencentCloud_OCD_IP.mrs （临时 ./Cloud/TencentCloud/TencentCloud_OCD_IP.mrs.tmp），之前 md5=f56bb7e13f5592ade383cf67b09d5330
[2025-09-13 06:34:10] ℹ️ 转换结果与现有 .mrs 相同，未更新：./Cloud/TencentCloud/TencentCloud_OCD_IP.mrs (md5 f56bb7e13f5592ade383cf67b09d5330)
[2025-09-13 06:34:10] 转换无变化，已删除 per-log：./Cloud/TencentCloud/TencentCloud_OCD_IP.mrs.log
[2025-09-13 06:34:10] 开始转换：./Cloud/TencentCloud/TencentCloud_OCD_Domain.yaml -> ./Cloud/TencentCloud/TencentCloud_OCD_Domain.mrs （临时 ./Cloud/TencentCloud/TencentCloud_OCD_Domain.mrs.tmp），之前 md5=3b09ff0bd0293a12f4ddcfe99bd4d7b8
[2025-09-13 06:34:10] ✅ 转换并更新：./Cloud/TencentCloud/TencentCloud_OCD_Domain.mrs （3b09ff0bd0293a12f4ddcfe99bd4d7b8 -> 017e43f277341d38bb8ae871a3770262）
[2025-09-13 06:34:10] 已删除成功转换产生的日志文件：./Cloud/TencentCloud/TencentCloud_OCD_Domain.mrs.log
[2025-09-13 06:34:10] 开始转换：./Microsoft/Microsoft_OCD_IP.yaml -> ./Microsoft/Microsoft_OCD_IP.mrs （临时 ./Microsoft/Microsoft_OCD_IP.mrs.tmp），之前 md5=3ae941e2c1937537ba5a07c4ac01521a
[2025-09-13 06:34:10] ℹ️ 转换结果与现有 .mrs 相同，未更新：./Microsoft/Microsoft_OCD_IP.mrs (md5 3ae941e2c1937537ba5a07c4ac01521a)
[2025-09-13 06:34:10] 转换无变化，已删除 per-log：./Microsoft/Microsoft_OCD_IP.mrs.log
[2025-09-13 06:34:10] 开始转换：./Microsoft/Microsoft_OCD_Domain.yaml -> ./Microsoft/Microsoft_OCD_Domain.mrs （临时 ./Microsoft/Microsoft_OCD_Domain.mrs.tmp），之前 md5=1a6768ab1781bb5d5fae5e53c19fa1c0
[2025-09-13 06:34:10] ℹ️ 转换结果与现有 .mrs 相同，未更新：./Microsoft/Microsoft_OCD_Domain.mrs (md5 1a6768ab1781bb5d5fae5e53c19fa1c0)
[2025-09-13 06:34:10] 转换无变化，已删除 per-log：./Microsoft/Microsoft_OCD_Domain.mrs.log
[2025-09-13 06:34:10] 开始转换：./QuickConnect/QuickConnect_OCD_IP.yaml -> ./QuickConnect/QuickConnect_OCD_IP.mrs （临时 ./QuickConnect/QuickConnect_OCD_IP.mrs.tmp），之前 md5=3ae941e2c1937537ba5a07c4ac01521a
[2025-09-13 06:34:10] ℹ️ 转换结果与现有 .mrs 相同，未更新：./QuickConnect/QuickConnect_OCD_IP.mrs (md5 3ae941e2c1937537ba5a07c4ac01521a)
[2025-09-13 06:34:10] 转换无变化，已删除 per-log：./QuickConnect/QuickConnect_OCD_IP.mrs.log
[2025-09-13 06:34:10] 开始转换：./QuickConnect/QuickConnect_OCD_Domain.yaml -> ./QuickConnect/QuickConnect_OCD_Domain.mrs （临时 ./QuickConnect/QuickConnect_OCD_Domain.mrs.tmp），之前 md5=9b94da4c0e56155dd5ea3c8572cca475
[2025-09-13 06:34:10] ℹ️ 转换结果与现有 .mrs 相同，未更新：./QuickConnect/QuickConnect_OCD_Domain.mrs (md5 9b94da4c0e56155dd5ea3c8572cca475)
[2025-09-13 06:34:10] 转换无变化，已删除 per-log：./QuickConnect/QuickConnect_OCD_Domain.mrs.log
[2025-09-13 06:34:10] 开始转换：./DiDi/DiDi_OCD_IP.yaml -> ./DiDi/DiDi_OCD_IP.mrs （临时 ./DiDi/DiDi_OCD_IP.mrs.tmp），之前 md5=3ae941e2c1937537ba5a07c4ac01521a
[2025-09-13 06:34:10] ℹ️ 转换结果与现有 .mrs 相同，未更新：./DiDi/DiDi_OCD_IP.mrs (md5 3ae941e2c1937537ba5a07c4ac01521a)
[2025-09-13 06:34:10] 转换无变化，已删除 per-log：./DiDi/DiDi_OCD_IP.mrs.log
[2025-09-13 06:34:10] 开始转换：./DiDi/DiDi_OCD_Domain.yaml -> ./DiDi/DiDi_OCD_Domain.mrs （临时 ./DiDi/DiDi_OCD_Domain.mrs.tmp），之前 md5=cbf5e040162a1c97b2b22dd3765612f0
[2025-09-13 06:34:10] ℹ️ 转换结果与现有 .mrs 相同，未更新：./DiDi/DiDi_OCD_Domain.mrs (md5 cbf5e040162a1c97b2b22dd3765612f0)
[2025-09-13 06:34:10] 转换无变化，已删除 per-log：./DiDi/DiDi_OCD_Domain.mrs.log
[2025-09-13 06:34:10] 开始转换：./JiGuangTuiSong/JiGuangTuiSong_OCD_Domain.yaml -> ./JiGuangTuiSong/JiGuangTuiSong_OCD_Domain.mrs （临时 ./JiGuangTuiSong/JiGuangTuiSong_OCD_Domain.mrs.tmp），之前 md5=fdd8d61794f8d8dde8800defc5172d09
[2025-09-13 06:34:10] ℹ️ 转换结果与现有 .mrs 相同，未更新：./JiGuangTuiSong/JiGuangTuiSong_OCD_Domain.mrs (md5 fdd8d61794f8d8dde8800defc5172d09)
[2025-09-13 06:34:10] 转换无变化，已删除 per-log：./JiGuangTuiSong/JiGuangTuiSong_OCD_Domain.mrs.log
[2025-09-13 06:34:10] 开始转换：./JiGuangTuiSong/JiGuangTuiSong_OCD_IP.yaml -> ./JiGuangTuiSong/JiGuangTuiSong_OCD_IP.mrs （临时 ./JiGuangTuiSong/JiGuangTuiSong_OCD_IP.mrs.tmp），之前 md5=3ae941e2c1937537ba5a07c4ac01521a
[2025-09-13 06:34:10] ℹ️ 转换结果与现有 .mrs 相同，未更新：./JiGuangTuiSong/JiGuangTuiSong_OCD_IP.mrs (md5 3ae941e2c1937537ba5a07c4ac01521a)
[2025-09-13 06:34:10] 转换无变化，已删除 per-log：./JiGuangTuiSong/JiGuangTuiSong_OCD_IP.mrs.log
[2025-09-13 06:34:10] 开始转换：./ALJazeera/ALJazeera_OCD_Domain.yaml -> ./ALJazeera/ALJazeera_OCD_Domain.mrs （临时 ./ALJazeera/ALJazeera_OCD_Domain.mrs.tmp），之前 md5=9ce617c0e955e710e2ab8fd5d790e4c7
[2025-09-13 06:34:10] ℹ️ 转换结果与现有 .mrs 相同，未更新：./ALJazeera/ALJazeera_OCD_Domain.mrs (md5 9ce617c0e955e710e2ab8fd5d790e4c7)
[2025-09-13 06:34:10] 转换无变化，已删除 per-log：./ALJazeera/ALJazeera_OCD_Domain.mrs.log
[2025-09-13 06:34:10] 开始转换：./ALJazeera/ALJazeera_OCD_IP.yaml -> ./ALJazeera/ALJazeera_OCD_IP.mrs （临时 ./ALJazeera/ALJazeera_OCD_IP.mrs.tmp），之前 md5=3ae941e2c1937537ba5a07c4ac01521a
[2025-09-13 06:34:10] ℹ️ 转换结果与现有 .mrs 相同，未更新：./ALJazeera/ALJazeera_OCD_IP.mrs (md5 3ae941e2c1937537ba5a07c4ac01521a)
[2025-09-13 06:34:10] 转换无变化，已删除 per-log：./ALJazeera/ALJazeera_OCD_IP.mrs.log
[2025-09-13 06:34:10] 开始转换：./China/China_OCD_Domain.yaml -> ./China/China_OCD_Domain.mrs （临时 ./China/China_OCD_Domain.mrs.tmp），之前 md5=5dac5c5481eda8570505fb1dea71dfd6
[2025-09-13 06:34:10] ℹ️ 转换结果与现有 .mrs 相同，未更新：./China/China_OCD_Domain.mrs (md5 5dac5c5481eda8570505fb1dea71dfd6)
[2025-09-13 06:34:10] 转换无变化，已删除 per-log：./China/China_OCD_Domain.mrs.log
[2025-09-13 06:34:10] 开始转换：./China/China_OCD_IP.yaml -> ./China/China_OCD_IP.mrs （临时 ./China/China_OCD_IP.mrs.tmp），之前 md5=809888fca04a78f44799e5e2b1fc7632
[2025-09-13 06:34:10] ℹ️ 转换结果与现有 .mrs 相同，未更新：./China/China_OCD_IP.mrs (md5 809888fca04a78f44799e5e2b1fc7632)
[2025-09-13 06:34:10] 转换无变化，已删除 per-log：./China/China_OCD_IP.mrs.log
[2025-09-13 06:34:10] 开始转换：./AppleTV/AppleTV_OCD_IP.yaml -> ./AppleTV/AppleTV_OCD_IP.mrs （临时 ./AppleTV/AppleTV_OCD_IP.mrs.tmp），之前 md5=3ae941e2c1937537ba5a07c4ac01521a
[2025-09-13 06:34:10] ℹ️ 转换结果与现有 .mrs 相同，未更新：./AppleTV/AppleTV_OCD_IP.mrs (md5 3ae941e2c1937537ba5a07c4ac01521a)
[2025-09-13 06:34:10] 转换无变化，已删除 per-log：./AppleTV/AppleTV_OCD_IP.mrs.log
[2025-09-13 06:34:11] 开始转换：./AppleTV/AppleTV_OCD_Domain.yaml -> ./AppleTV/AppleTV_OCD_Domain.mrs （临时 ./AppleTV/AppleTV_OCD_Domain.mrs.tmp），之前 md5=8e324f6675ff7694fd3f1ec1dbea1e5d
[2025-09-13 06:34:11] ℹ️ 转换结果与现有 .mrs 相同，未更新：./AppleTV/AppleTV_OCD_Domain.mrs (md5 8e324f6675ff7694fd3f1ec1dbea1e5d)
[2025-09-13 06:34:11] 转换无变化，已删除 per-log：./AppleTV/AppleTV_OCD_Domain.mrs.log
[2025-09-13 06:34:11] 开始转换：./SteamCN/SteamCN_OCD_Domain.yaml -> ./SteamCN/SteamCN_OCD_Domain.mrs （临时 ./SteamCN/SteamCN_OCD_Domain.mrs.tmp），之前 md5=1338cfd2b6489cb7f26e90e53069b953
[2025-09-13 06:34:11] ℹ️ 转换结果与现有 .mrs 相同，未更新：./SteamCN/SteamCN_OCD_Domain.mrs (md5 1338cfd2b6489cb7f26e90e53069b953)
[2025-09-13 06:34:11] 转换无变化，已删除 per-log：./SteamCN/SteamCN_OCD_Domain.mrs.log
[2025-09-13 06:34:11] 开始转换：./SteamCN/SteamCN_OCD_IP.yaml -> ./SteamCN/SteamCN_OCD_IP.mrs （临时 ./SteamCN/SteamCN_OCD_IP.mrs.tmp），之前 md5=3ae941e2c1937537ba5a07c4ac01521a
[2025-09-13 06:34:11] ℹ️ 转换结果与现有 .mrs 相同，未更新：./SteamCN/SteamCN_OCD_IP.mrs (md5 3ae941e2c1937537ba5a07c4ac01521a)
[2025-09-13 06:34:11] 转换无变化，已删除 per-log：./SteamCN/SteamCN_OCD_IP.mrs.log
[2025-09-13 06:34:11] 开始转换：./XieCheng/XieCheng_OCD_IP.yaml -> ./XieCheng/XieCheng_OCD_IP.mrs （临时 ./XieCheng/XieCheng_OCD_IP.mrs.tmp），之前 md5=3ae941e2c1937537ba5a07c4ac01521a
[2025-09-13 06:34:11] ℹ️ 转换结果与现有 .mrs 相同，未更新：./XieCheng/XieCheng_OCD_IP.mrs (md5 3ae941e2c1937537ba5a07c4ac01521a)
[2025-09-13 06:34:11] 转换无变化，已删除 per-log：./XieCheng/XieCheng_OCD_IP.mrs.log
[2025-09-13 06:34:11] 开始转换：./XieCheng/XieCheng_OCD_Domain.yaml -> ./XieCheng/XieCheng_OCD_Domain.mrs （临时 ./XieCheng/XieCheng_OCD_Domain.mrs.tmp），之前 md5=0388217e5bb6d8605feff003bcb5c03d
[2025-09-13 06:34:11] ℹ️ 转换结果与现有 .mrs 相同，未更新：./XieCheng/XieCheng_OCD_Domain.mrs (md5 0388217e5bb6d8605feff003bcb5c03d)
[2025-09-13 06:34:11] 转换无变化，已删除 per-log：./XieCheng/XieCheng_OCD_Domain.mrs.log
[2025-09-13 06:34:11] 开始转换：./YiXiaKeJi/YiXiaKeJi_OCD_IP.yaml -> ./YiXiaKeJi/YiXiaKeJi_OCD_IP.mrs （临时 ./YiXiaKeJi/YiXiaKeJi_OCD_IP.mrs.tmp），之前 md5=3ae941e2c1937537ba5a07c4ac01521a
[2025-09-13 06:34:11] ℹ️ 转换结果与现有 .mrs 相同，未更新：./YiXiaKeJi/YiXiaKeJi_OCD_IP.mrs (md5 3ae941e2c1937537ba5a07c4ac01521a)
[2025-09-13 06:34:11] 转换无变化，已删除 per-log：./YiXiaKeJi/YiXiaKeJi_OCD_IP.mrs.log
[2025-09-13 06:34:11] 开始转换：./YiXiaKeJi/YiXiaKeJi_OCD_Domain.yaml -> ./YiXiaKeJi/YiXiaKeJi_OCD_Domain.mrs （临时 ./YiXiaKeJi/YiXiaKeJi_OCD_Domain.mrs.tmp），之前 md5=3b2833b4f9ad4b19926f2fc8cf8f0b81
[2025-09-13 06:34:11] ℹ️ 转换结果与现有 .mrs 相同，未更新：./YiXiaKeJi/YiXiaKeJi_OCD_Domain.mrs (md5 3b2833b4f9ad4b19926f2fc8cf8f0b81)
[2025-09-13 06:34:11] 转换无变化，已删除 per-log：./YiXiaKeJi/YiXiaKeJi_OCD_Domain.mrs.log
[2025-09-13 06:34:11] 开始转换：./iCloudPrivateRelay/iCloudPrivateRelay_OCD_IP.yaml -> ./iCloudPrivateRelay/iCloudPrivateRelay_OCD_IP.mrs （临时 ./iCloudPrivateRelay/iCloudPrivateRelay_OCD_IP.mrs.tmp），之前 md5=3ae941e2c1937537ba5a07c4ac01521a
[2025-09-13 06:34:11] ℹ️ 转换结果与现有 .mrs 相同，未更新：./iCloudPrivateRelay/iCloudPrivateRelay_OCD_IP.mrs (md5 3ae941e2c1937537ba5a07c4ac01521a)
[2025-09-13 06:34:11] 转换无变化，已删除 per-log：./iCloudPrivateRelay/iCloudPrivateRelay_OCD_IP.mrs.log
[2025-09-13 06:34:11] 开始转换：./iCloudPrivateRelay/iCloudPrivateRelay_OCD_Domain.yaml -> ./iCloudPrivateRelay/iCloudPrivateRelay_OCD_Domain.mrs （临时 ./iCloudPrivateRelay/iCloudPrivateRelay_OCD_Domain.mrs.tmp），之前 md5=39b36c88359b0c1be42f964c78a2d170
[2025-09-13 06:34:11] ℹ️ 转换结果与现有 .mrs 相同，未更新：./iCloudPrivateRelay/iCloudPrivateRelay_OCD_Domain.mrs (md5 39b36c88359b0c1be42f964c78a2d170)
[2025-09-13 06:34:11] 转换无变化，已删除 per-log：./iCloudPrivateRelay/iCloudPrivateRelay_OCD_Domain.mrs.log
[2025-09-13 06:34:11] 开始转换：./Xunlei/Xunlei_OCD_Domain.yaml -> ./Xunlei/Xunlei_OCD_Domain.mrs （临时 ./Xunlei/Xunlei_OCD_Domain.mrs.tmp），之前 md5=4ed145e78335d726e74c8899f0a3604d
[2025-09-13 06:34:11] ℹ️ 转换结果与现有 .mrs 相同，未更新：./Xunlei/Xunlei_OCD_Domain.mrs (md5 4ed145e78335d726e74c8899f0a3604d)
[2025-09-13 06:34:11] 转换无变化，已删除 per-log：./Xunlei/Xunlei_OCD_Domain.mrs.log
[2025-09-13 06:34:11] 开始转换：./Xunlei/Xunlei_OCD_IP.yaml -> ./Xunlei/Xunlei_OCD_IP.mrs （临时 ./Xunlei/Xunlei_OCD_IP.mrs.tmp），之前 md5=3ae941e2c1937537ba5a07c4ac01521a
[2025-09-13 06:34:11] ℹ️ 转换结果与现有 .mrs 相同，未更新：./Xunlei/Xunlei_OCD_IP.mrs (md5 3ae941e2c1937537ba5a07c4ac01521a)
[2025-09-13 06:34:11] 转换无变化，已删除 per-log：./Xunlei/Xunlei_OCD_IP.mrs.log
[2025-09-13 06:34:11] 开始转换：./FengXiaWangLuo/FengXiaWangLuo_OCD_Domain.yaml -> ./FengXiaWangLuo/FengXiaWangLuo_OCD_Domain.mrs （临时 ./FengXiaWangLuo/FengXiaWangLuo_OCD_Domain.mrs.tmp），之前 md5=89178f8b03d9ccc4980e40194403773b
[2025-09-13 06:34:11] ℹ️ 转换结果与现有 .mrs 相同，未更新：./FengXiaWangLuo/FengXiaWangLuo_OCD_Domain.mrs (md5 89178f8b03d9ccc4980e40194403773b)
[2025-09-13 06:34:11] 转换无变化，已删除 per-log：./FengXiaWangLuo/FengXiaWangLuo_OCD_Domain.mrs.log
[2025-09-13 06:34:11] 开始转换：./FengXiaWangLuo/FengXiaWangLuo_OCD_IP.yaml -> ./FengXiaWangLuo/FengXiaWangLuo_OCD_IP.mrs （临时 ./FengXiaWangLuo/FengXiaWangLuo_OCD_IP.mrs.tmp），之前 md5=3ae941e2c1937537ba5a07c4ac01521a
[2025-09-13 06:34:11] ℹ️ 转换结果与现有 .mrs 相同，未更新：./FengXiaWangLuo/FengXiaWangLuo_OCD_IP.mrs (md5 3ae941e2c1937537ba5a07c4ac01521a)
[2025-09-13 06:34:11] 转换无变化，已删除 per-log：./FengXiaWangLuo/FengXiaWangLuo_OCD_IP.mrs.log
[2025-09-13 06:34:11] 开始转换：./Vancl/Vancl_OCD_IP.yaml -> ./Vancl/Vancl_OCD_IP.mrs （临时 ./Vancl/Vancl_OCD_IP.mrs.tmp），之前 md5=3ae941e2c1937537ba5a07c4ac01521a
[2025-09-13 06:34:11] ℹ️ 转换结果与现有 .mrs 相同，未更新：./Vancl/Vancl_OCD_IP.mrs (md5 3ae941e2c1937537ba5a07c4ac01521a)
[2025-09-13 06:34:11] 转换无变化，已删除 per-log：./Vancl/Vancl_OCD_IP.mrs.log
[2025-09-13 06:34:11] 开始转换：./Vancl/Vancl_OCD_Domain.yaml -> ./Vancl/Vancl_OCD_Domain.mrs （临时 ./Vancl/Vancl_OCD_Domain.mrs.tmp），之前 md5=97a174a75f65ad9dea5e84eab0d3c949
[2025-09-13 06:34:11] ℹ️ 转换结果与现有 .mrs 相同，未更新：./Vancl/Vancl_OCD_Domain.mrs (md5 97a174a75f65ad9dea5e84eab0d3c949)
[2025-09-13 06:34:11] 转换无变化，已删除 per-log：./Vancl/Vancl_OCD_Domain.mrs.log
[2025-09-13 06:34:11] 开始转换：./Imgur/Imgur_OCD_Domain.yaml -> ./Imgur/Imgur_OCD_Domain.mrs （临时 ./Imgur/Imgur_OCD_Domain.mrs.tmp），之前 md5=26510e0115e5bdbd500451184fac37b0
[2025-09-13 06:34:11] ℹ️ 转换结果与现有 .mrs 相同，未更新：./Imgur/Imgur_OCD_Domain.mrs (md5 26510e0115e5bdbd500451184fac37b0)
[2025-09-13 06:34:11] 转换无变化，已删除 per-log：./Imgur/Imgur_OCD_Domain.mrs.log
[2025-09-13 06:34:11] 开始转换：./Imgur/Imgur_OCD_IP.yaml -> ./Imgur/Imgur_OCD_IP.mrs （临时 ./Imgur/Imgur_OCD_IP.mrs.tmp），之前 md5=3ae941e2c1937537ba5a07c4ac01521a
[2025-09-13 06:34:11] ℹ️ 转换结果与现有 .mrs 相同，未更新：./Imgur/Imgur_OCD_IP.mrs (md5 3ae941e2c1937537ba5a07c4ac01521a)
[2025-09-13 06:34:11] 转换无变化，已删除 per-log：./Imgur/Imgur_OCD_IP.mrs.log
[2025-09-13 06:34:11] 开始转换：./BeStore/BeStore_OCD_Domain.yaml -> ./BeStore/BeStore_OCD_Domain.mrs （临时 ./BeStore/BeStore_OCD_Domain.mrs.tmp），之前 md5=d4df55f381041821f81d02bc1be0a655
[2025-09-13 06:34:11] ℹ️ 转换结果与现有 .mrs 相同，未更新：./BeStore/BeStore_OCD_Domain.mrs (md5 d4df55f381041821f81d02bc1be0a655)
[2025-09-13 06:34:11] 转换无变化，已删除 per-log：./BeStore/BeStore_OCD_Domain.mrs.log
[2025-09-13 06:34:11] 开始转换：./BeStore/BeStore_OCD_IP.yaml -> ./BeStore/BeStore_OCD_IP.mrs （临时 ./BeStore/BeStore_OCD_IP.mrs.tmp），之前 md5=3ae941e2c1937537ba5a07c4ac01521a
[2025-09-13 06:34:11] ℹ️ 转换结果与现有 .mrs 相同，未更新：./BeStore/BeStore_OCD_IP.mrs (md5 3ae941e2c1937537ba5a07c4ac01521a)
[2025-09-13 06:34:11] 转换无变化，已删除 per-log：./BeStore/BeStore_OCD_IP.mrs.log
[2025-09-13 06:34:11] 开始转换：./ShiNongZhiKe/ShiNongZhiKe_OCD_Domain.yaml -> ./ShiNongZhiKe/ShiNongZhiKe_OCD_Domain.mrs （临时 ./ShiNongZhiKe/ShiNongZhiKe_OCD_Domain.mrs.tmp），之前 md5=3043fd234487939afd82297713fef01b
[2025-09-13 06:34:11] ℹ️ 转换结果与现有 .mrs 相同，未更新：./ShiNongZhiKe/ShiNongZhiKe_OCD_Domain.mrs (md5 3043fd234487939afd82297713fef01b)
[2025-09-13 06:34:11] 转换无变化，已删除 per-log：./ShiNongZhiKe/ShiNongZhiKe_OCD_Domain.mrs.log
[2025-09-13 06:34:11] 开始转换：./ShiNongZhiKe/ShiNongZhiKe_OCD_IP.yaml -> ./ShiNongZhiKe/ShiNongZhiKe_OCD_IP.mrs （临时 ./ShiNongZhiKe/ShiNongZhiKe_OCD_IP.mrs.tmp），之前 md5=3ae941e2c1937537ba5a07c4ac01521a
[2025-09-13 06:34:11] ℹ️ 转换结果与现有 .mrs 相同，未更新：./ShiNongZhiKe/ShiNongZhiKe_OCD_IP.mrs (md5 3ae941e2c1937537ba5a07c4ac01521a)
[2025-09-13 06:34:11] 转换无变化，已删除 per-log：./ShiNongZhiKe/ShiNongZhiKe_OCD_IP.mrs.log
[2025-09-13 06:34:11] 开始转换：./OnePlus/OnePlus_OCD_IP.yaml -> ./OnePlus/OnePlus_OCD_IP.mrs （临时 ./OnePlus/OnePlus_OCD_IP.mrs.tmp），之前 md5=3ae941e2c1937537ba5a07c4ac01521a
[2025-09-13 06:34:11] ℹ️ 转换结果与现有 .mrs 相同，未更新：./OnePlus/OnePlus_OCD_IP.mrs (md5 3ae941e2c1937537ba5a07c4ac01521a)
[2025-09-13 06:34:11] 转换无变化，已删除 per-log：./OnePlus/OnePlus_OCD_IP.mrs.log
[2025-09-13 06:34:11] 开始转换：./OnePlus/OnePlus_OCD_Domain.yaml -> ./OnePlus/OnePlus_OCD_Domain.mrs （临时 ./OnePlus/OnePlus_OCD_Domain.mrs.tmp），之前 md5=bf7eb7875ca280261ab185fe94d37d58
[2025-09-13 06:34:11] ℹ️ 转换结果与现有 .mrs 相同，未更新：./OnePlus/OnePlus_OCD_Domain.mrs (md5 bf7eb7875ca280261ab185fe94d37d58)
[2025-09-13 06:34:11] 转换无变化，已删除 per-log：./OnePlus/OnePlus_OCD_Domain.mrs.log
[2025-09-13 06:34:11] 开始转换：./ShiJiChaoXing/ShiJiChaoXing_OCD_IP.yaml -> ./ShiJiChaoXing/ShiJiChaoXing_OCD_IP.mrs （临时 ./ShiJiChaoXing/ShiJiChaoXing_OCD_IP.mrs.tmp），之前 md5=3ae941e2c1937537ba5a07c4ac01521a
[2025-09-13 06:34:11] ℹ️ 转换结果与现有 .mrs 相同，未更新：./ShiJiChaoXing/ShiJiChaoXing_OCD_IP.mrs (md5 3ae941e2c1937537ba5a07c4ac01521a)
[2025-09-13 06:34:11] 转换无变化，已删除 per-log：./ShiJiChaoXing/ShiJiChaoXing_OCD_IP.mrs.log
[2025-09-13 06:34:11] 开始转换：./ShiJiChaoXing/ShiJiChaoXing_OCD_Domain.yaml -> ./ShiJiChaoXing/ShiJiChaoXing_OCD_Domain.mrs （临时 ./ShiJiChaoXing/ShiJiChaoXing_OCD_Domain.mrs.tmp），之前 md5=1f0d98dc3bb09644da841bf371a13029
[2025-09-13 06:34:11] ℹ️ 转换结果与现有 .mrs 相同，未更新：./ShiJiChaoXing/ShiJiChaoXing_OCD_Domain.mrs (md5 1f0d98dc3bb09644da841bf371a13029)
[2025-09-13 06:34:11] 转换无变化，已删除 per-log：./ShiJiChaoXing/ShiJiChaoXing_OCD_Domain.mrs.log
[2025-09-13 06:34:11] 开始转换：./Spark/Spark_OCD_IP.yaml -> ./Spark/Spark_OCD_IP.mrs （临时 ./Spark/Spark_OCD_IP.mrs.tmp），之前 md5=3ae941e2c1937537ba5a07c4ac01521a
[2025-09-13 06:34:11] ℹ️ 转换结果与现有 .mrs 相同，未更新：./Spark/Spark_OCD_IP.mrs (md5 3ae941e2c1937537ba5a07c4ac01521a)
[2025-09-13 06:34:11] 转换无变化，已删除 per-log：./Spark/Spark_OCD_IP.mrs.log
[2025-09-13 06:34:11] 开始转换：./Spark/Spark_OCD_Domain.yaml -> ./Spark/Spark_OCD_Domain.mrs （临时 ./Spark/Spark_OCD_Domain.mrs.tmp），之前 md5=c9c255a4c98f58bea1c54c5f5013d035
[2025-09-13 06:34:11] ℹ️ 转换结果与现有 .mrs 相同，未更新：./Spark/Spark_OCD_Domain.mrs (md5 c9c255a4c98f58bea1c54c5f5013d035)
[2025-09-13 06:34:11] 转换无变化，已删除 per-log：./Spark/Spark_OCD_Domain.mrs.log
[2025-09-13 06:34:11] 开始转换：./MEGA/MEGA_OCD_Domain.yaml -> ./MEGA/MEGA_OCD_Domain.mrs （临时 ./MEGA/MEGA_OCD_Domain.mrs.tmp），之前 md5=0c3a9fc6510046b33cd5976114bebfbb
[2025-09-13 06:34:11] ℹ️ 转换结果与现有 .mrs 相同，未更新：./MEGA/MEGA_OCD_Domain.mrs (md5 0c3a9fc6510046b33cd5976114bebfbb)
[2025-09-13 06:34:11] 转换无变化，已删除 per-log：./MEGA/MEGA_OCD_Domain.mrs.log
[2025-09-13 06:34:11] 开始转换：./MEGA/MEGA_OCD_IP.yaml -> ./MEGA/MEGA_OCD_IP.mrs （临时 ./MEGA/MEGA_OCD_IP.mrs.tmp），之前 md5=bac9c66d77d1f2172ddb7fb8b106dd36
[2025-09-13 06:34:11] ℹ️ 转换结果与现有 .mrs 相同，未更新：./MEGA/MEGA_OCD_IP.mrs (md5 bac9c66d77d1f2172ddb7fb8b106dd36)
[2025-09-13 06:34:11] 转换无变化，已删除 per-log：./MEGA/MEGA_OCD_IP.mrs.log
[2025-09-13 06:34:11] 开始转换：./Twitch/Twitch_OCD_Domain.yaml -> ./Twitch/Twitch_OCD_Domain.mrs （临时 ./Twitch/Twitch_OCD_Domain.mrs.tmp），之前 md5=b5bb3841e460251731be0987cf8c822f
[2025-09-13 06:34:11] ℹ️ 转换结果与现有 .mrs 相同，未更新：./Twitch/Twitch_OCD_Domain.mrs (md5 b5bb3841e460251731be0987cf8c822f)
[2025-09-13 06:34:11] 转换无变化，已删除 per-log：./Twitch/Twitch_OCD_Domain.mrs.log
[2025-09-13 06:34:11] 开始转换：./Twitch/Twitch_OCD_IP.yaml -> ./Twitch/Twitch_OCD_IP.mrs （临时 ./Twitch/Twitch_OCD_IP.mrs.tmp），之前 md5=bcfeecfd5608d85850e5d6228f8ea95a
[2025-09-13 06:34:11] ℹ️ 转换结果与现有 .mrs 相同，未更新：./Twitch/Twitch_OCD_IP.mrs (md5 bcfeecfd5608d85850e5d6228f8ea95a)
[2025-09-13 06:34:11] 转换无变化，已删除 per-log：./Twitch/Twitch_OCD_IP.mrs.log
[2025-09-13 06:34:11] 开始转换：./SublimeText/SublimeText_OCD_IP.yaml -> ./SublimeText/SublimeText_OCD_IP.mrs （临时 ./SublimeText/SublimeText_OCD_IP.mrs.tmp），之前 md5=3ae941e2c1937537ba5a07c4ac01521a
[2025-09-13 06:34:11] ℹ️ 转换结果与现有 .mrs 相同，未更新：./SublimeText/SublimeText_OCD_IP.mrs (md5 3ae941e2c1937537ba5a07c4ac01521a)
[2025-09-13 06:34:11] 转换无变化，已删除 per-log：./SublimeText/SublimeText_OCD_IP.mrs.log
[2025-09-13 06:34:11] 开始转换：./SublimeText/SublimeText_OCD_Domain.yaml -> ./SublimeText/SublimeText_OCD_Domain.mrs （临时 ./SublimeText/SublimeText_OCD_Domain.mrs.tmp），之前 md5=e815e39256d514b78947c9ea63a5f66d
[2025-09-13 06:34:11] ℹ️ 转换结果与现有 .mrs 相同，未更新：./SublimeText/SublimeText_OCD_Domain.mrs (md5 e815e39256d514b78947c9ea63a5f66d)
[2025-09-13 06:34:11] 转换无变化，已删除 per-log：./SublimeText/SublimeText_OCD_Domain.mrs.log
[2025-09-13 06:34:11] 开始转换：./HibyMusic/HibyMusic_OCD_IP.yaml -> ./HibyMusic/HibyMusic_OCD_IP.mrs （临时 ./HibyMusic/HibyMusic_OCD_IP.mrs.tmp），之前 md5=3ae941e2c1937537ba5a07c4ac01521a
[2025-09-13 06:34:11] ℹ️ 转换结果与现有 .mrs 相同，未更新：./HibyMusic/HibyMusic_OCD_IP.mrs (md5 3ae941e2c1937537ba5a07c4ac01521a)
[2025-09-13 06:34:11] 转换无变化，已删除 per-log：./HibyMusic/HibyMusic_OCD_IP.mrs.log
[2025-09-13 06:34:11] 开始转换：./HibyMusic/HibyMusic_OCD_Domain.yaml -> ./HibyMusic/HibyMusic_OCD_Domain.mrs （临时 ./HibyMusic/HibyMusic_OCD_Domain.mrs.tmp），之前 md5=2441fa2f6300d660aaf5a99bec15e949
[2025-09-13 06:34:11] ℹ️ 转换结果与现有 .mrs 相同，未更新：./HibyMusic/HibyMusic_OCD_Domain.mrs (md5 2441fa2f6300d660aaf5a99bec15e949)
[2025-09-13 06:34:11] 转换无变化，已删除 per-log：./HibyMusic/HibyMusic_OCD_Domain.mrs.log
[2025-09-13 06:34:11] 开始转换：./Geely/Geely_OCD_IP.yaml -> ./Geely/Geely_OCD_IP.mrs （临时 ./Geely/Geely_OCD_IP.mrs.tmp），之前 md5=3ae941e2c1937537ba5a07c4ac01521a
[2025-09-13 06:34:11] ℹ️ 转换结果与现有 .mrs 相同，未更新：./Geely/Geely_OCD_IP.mrs (md5 3ae941e2c1937537ba5a07c4ac01521a)
[2025-09-13 06:34:12] 转换无变化，已删除 per-log：./Geely/Geely_OCD_IP.mrs.log
[2025-09-13 06:34:12] 开始转换：./Geely/Geely_OCD_Domain.yaml -> ./Geely/Geely_OCD_Domain.mrs （临时 ./Geely/Geely_OCD_Domain.mrs.tmp），之前 md5=fcef949685b41ecd019669babb315770
[2025-09-13 06:34:12] ℹ️ 转换结果与现有 .mrs 相同，未更新：./Geely/Geely_OCD_Domain.mrs (md5 fcef949685b41ecd019669babb315770)
[2025-09-13 06:34:12] 转换无变化，已删除 per-log：./Geely/Geely_OCD_Domain.mrs.log
[2025-09-13 06:34:12] 开始转换：./Wikipedia/Wikipedia_OCD_Domain.yaml -> ./Wikipedia/Wikipedia_OCD_Domain.mrs （临时 ./Wikipedia/Wikipedia_OCD_Domain.mrs.tmp），之前 md5=d1db9c5de28b7a311b209dcb646ab8c8
[2025-09-13 06:34:12] ℹ️ 转换结果与现有 .mrs 相同，未更新：./Wikipedia/Wikipedia_OCD_Domain.mrs (md5 d1db9c5de28b7a311b209dcb646ab8c8)
[2025-09-13 06:34:12] 转换无变化，已删除 per-log：./Wikipedia/Wikipedia_OCD_Domain.mrs.log
[2025-09-13 06:34:12] 开始转换：./Wikipedia/Wikipedia_OCD_IP.yaml -> ./Wikipedia/Wikipedia_OCD_IP.mrs （临时 ./Wikipedia/Wikipedia_OCD_IP.mrs.tmp），之前 md5=3ae941e2c1937537ba5a07c4ac01521a
[2025-09-13 06:34:12] ℹ️ 转换结果与现有 .mrs 相同，未更新：./Wikipedia/Wikipedia_OCD_IP.mrs (md5 3ae941e2c1937537ba5a07c4ac01521a)
[2025-09-13 06:34:12] 转换无变化，已删除 per-log：./Wikipedia/Wikipedia_OCD_IP.mrs.log
[2025-09-13 06:34:12] 开始转换：./YiChe/YiChe_OCD_IP.yaml -> ./YiChe/YiChe_OCD_IP.mrs （临时 ./YiChe/YiChe_OCD_IP.mrs.tmp），之前 md5=3ae941e2c1937537ba5a07c4ac01521a
[2025-09-13 06:34:12] ℹ️ 转换结果与现有 .mrs 相同，未更新：./YiChe/YiChe_OCD_IP.mrs (md5 3ae941e2c1937537ba5a07c4ac01521a)
[2025-09-13 06:34:12] 转换无变化，已删除 per-log：./YiChe/YiChe_OCD_IP.mrs.log
[2025-09-13 06:34:12] 开始转换：./YiChe/YiChe_OCD_Domain.yaml -> ./YiChe/YiChe_OCD_Domain.mrs （临时 ./YiChe/YiChe_OCD_Domain.mrs.tmp），之前 md5=31959a56635842b5e820f1d696bd1a81
[2025-09-13 06:34:12] ℹ️ 转换结果与现有 .mrs 相同，未更新：./YiChe/YiChe_OCD_Domain.mrs (md5 31959a56635842b5e820f1d696bd1a81)
[2025-09-13 06:34:12] 转换无变化，已删除 per-log：./YiChe/YiChe_OCD_Domain.mrs.log
[2025-09-13 06:34:12] 开始转换：./DMM/DMM_OCD_IP.yaml -> ./DMM/DMM_OCD_IP.mrs （临时 ./DMM/DMM_OCD_IP.mrs.tmp），之前 md5=ab24fafe5ee77cd6ee88146ce6d9fd08
[2025-09-13 06:34:12] ℹ️ 转换结果与现有 .mrs 相同，未更新：./DMM/DMM_OCD_IP.mrs (md5 ab24fafe5ee77cd6ee88146ce6d9fd08)
[2025-09-13 06:34:12] 转换无变化，已删除 per-log：./DMM/DMM_OCD_IP.mrs.log
[2025-09-13 06:34:12] 开始转换：./DMM/DMM_OCD_Domain.yaml -> ./DMM/DMM_OCD_Domain.mrs （临时 ./DMM/DMM_OCD_Domain.mrs.tmp），之前 md5=9a1ba14f4d99d3122f9ce77bd409343a
[2025-09-13 06:34:12] ℹ️ 转换结果与现有 .mrs 相同，未更新：./DMM/DMM_OCD_Domain.mrs (md5 9a1ba14f4d99d3122f9ce77bd409343a)
[2025-09-13 06:34:12] 转换无变化，已删除 per-log：./DMM/DMM_OCD_Domain.mrs.log
[2025-09-13 06:34:12] 开始转换：./DtDNS/DtDNS_OCD_IP.yaml -> ./DtDNS/DtDNS_OCD_IP.mrs （临时 ./DtDNS/DtDNS_OCD_IP.mrs.tmp），之前 md5=3ae941e2c1937537ba5a07c4ac01521a
[2025-09-13 06:34:12] ℹ️ 转换结果与现有 .mrs 相同，未更新：./DtDNS/DtDNS_OCD_IP.mrs (md5 3ae941e2c1937537ba5a07c4ac01521a)
[2025-09-13 06:34:12] 转换无变化，已删除 per-log：./DtDNS/DtDNS_OCD_IP.mrs.log
[2025-09-13 06:34:12] 开始转换：./DtDNS/DtDNS_OCD_Domain.yaml -> ./DtDNS/DtDNS_OCD_Domain.mrs （临时 ./DtDNS/DtDNS_OCD_Domain.mrs.tmp），之前 md5=aeecdbcfb99f91b9ceeb85f8c24d5c89
[2025-09-13 06:34:12] ℹ️ 转换结果与现有 .mrs 相同，未更新：./DtDNS/DtDNS_OCD_Domain.mrs (md5 aeecdbcfb99f91b9ceeb85f8c24d5c89)
[2025-09-13 06:34:12] 转换无变化，已删除 per-log：./DtDNS/DtDNS_OCD_Domain.mrs.log
[2025-09-13 06:34:12] 开始转换：./Gettyimages/Gettyimages_OCD_Domain.yaml -> ./Gettyimages/Gettyimages_OCD_Domain.mrs （临时 ./Gettyimages/Gettyimages_OCD_Domain.mrs.tmp），之前 md5=3f1984b1154364ac6a70a2d70ef8b392
[2025-09-13 06:34:12] ℹ️ 转换结果与现有 .mrs 相同，未更新：./Gettyimages/Gettyimages_OCD_Domain.mrs (md5 3f1984b1154364ac6a70a2d70ef8b392)
[2025-09-13 06:34:12] 转换无变化，已删除 per-log：./Gettyimages/Gettyimages_OCD_Domain.mrs.log
[2025-09-13 06:34:12] 开始转换：./Gettyimages/Gettyimages_OCD_IP.yaml -> ./Gettyimages/Gettyimages_OCD_IP.mrs （临时 ./Gettyimages/Gettyimages_OCD_IP.mrs.tmp），之前 md5=3ae941e2c1937537ba5a07c4ac01521a
[2025-09-13 06:34:12] ℹ️ 转换结果与现有 .mrs 相同，未更新：./Gettyimages/Gettyimages_OCD_IP.mrs (md5 3ae941e2c1937537ba5a07c4ac01521a)
[2025-09-13 06:34:12] 转换无变化，已删除 per-log：./Gettyimages/Gettyimages_OCD_IP.mrs.log
[2025-09-13 06:34:12] 开始转换：./BardAI/BardAI_OCD_IP.yaml -> ./BardAI/BardAI_OCD_IP.mrs （临时 ./BardAI/BardAI_OCD_IP.mrs.tmp），之前 md5=3ae941e2c1937537ba5a07c4ac01521a
[2025-09-13 06:34:12] ℹ️ 转换结果与现有 .mrs 相同，未更新：./BardAI/BardAI_OCD_IP.mrs (md5 3ae941e2c1937537ba5a07c4ac01521a)
[2025-09-13 06:34:12] 转换无变化，已删除 per-log：./BardAI/BardAI_OCD_IP.mrs.log
[2025-09-13 06:34:12] 开始转换：./BardAI/BardAI_OCD_Domain.yaml -> ./BardAI/BardAI_OCD_Domain.mrs （临时 ./BardAI/BardAI_OCD_Domain.mrs.tmp），之前 md5=51c1337d0f05b86952652205c07eddc9
[2025-09-13 06:34:12] ℹ️ 转换结果与现有 .mrs 相同，未更新：./BardAI/BardAI_OCD_Domain.mrs (md5 51c1337d0f05b86952652205c07eddc9)
[2025-09-13 06:34:12] 转换无变化，已删除 per-log：./BardAI/BardAI_OCD_Domain.mrs.log
[2025-09-13 06:34:12] 开始转换：./Verisign/Verisign_OCD_Domain.yaml -> ./Verisign/Verisign_OCD_Domain.mrs （临时 ./Verisign/Verisign_OCD_Domain.mrs.tmp），之前 md5=86d98150ac9eecf976e26c4a5fcd0d37
[2025-09-13 06:34:12] ℹ️ 转换结果与现有 .mrs 相同，未更新：./Verisign/Verisign_OCD_Domain.mrs (md5 86d98150ac9eecf976e26c4a5fcd0d37)
[2025-09-13 06:34:12] 转换无变化，已删除 per-log：./Verisign/Verisign_OCD_Domain.mrs.log
[2025-09-13 06:34:12] 开始转换：./Verisign/Verisign_OCD_IP.yaml -> ./Verisign/Verisign_OCD_IP.mrs （临时 ./Verisign/Verisign_OCD_IP.mrs.tmp），之前 md5=3ae941e2c1937537ba5a07c4ac01521a
[2025-09-13 06:34:12] ℹ️ 转换结果与现有 .mrs 相同，未更新：./Verisign/Verisign_OCD_IP.mrs (md5 3ae941e2c1937537ba5a07c4ac01521a)
[2025-09-13 06:34:12] 转换无变化，已删除 per-log：./Verisign/Verisign_OCD_IP.mrs.log
[2025-09-13 06:34:12] 开始转换：./AmazonIP/AmazonIP_OCD_Domain.yaml -> ./AmazonIP/AmazonIP_OCD_Domain.mrs （临时 ./AmazonIP/AmazonIP_OCD_Domain.mrs.tmp），之前 md5=3b09ff0bd0293a12f4ddcfe99bd4d7b8
[2025-09-13 06:34:12] ✅ 转换并更新：./AmazonIP/AmazonIP_OCD_Domain.mrs （3b09ff0bd0293a12f4ddcfe99bd4d7b8 -> 017e43f277341d38bb8ae871a3770262）
[2025-09-13 06:34:12] 已删除成功转换产生的日志文件：./AmazonIP/AmazonIP_OCD_Domain.mrs.log
[2025-09-13 06:34:12] 开始转换：./AmazonIP/AmazonIP_OCD_IP.yaml -> ./AmazonIP/AmazonIP_OCD_IP.mrs （临时 ./AmazonIP/AmazonIP_OCD_IP.mrs.tmp），之前 md5=8968273cb6ddca028f05a145bb2e73f1
[2025-09-13 06:34:12] ℹ️ 转换结果与现有 .mrs 相同，未更新：./AmazonIP/AmazonIP_OCD_IP.mrs (md5 8968273cb6ddca028f05a145bb2e73f1)
[2025-09-13 06:34:12] 转换无变化，已删除 per-log：./AmazonIP/AmazonIP_OCD_IP.mrs.log
[2025-09-13 06:34:12] 开始转换：./Emojipedia/Emojipedia_OCD_Domain.yaml -> ./Emojipedia/Emojipedia_OCD_Domain.mrs （临时 ./Emojipedia/Emojipedia_OCD_Domain.mrs.tmp），之前 md5=7a732ee082ac1dec8f272ea9c0c58bf4
[2025-09-13 06:34:12] ℹ️ 转换结果与现有 .mrs 相同，未更新：./Emojipedia/Emojipedia_OCD_Domain.mrs (md5 7a732ee082ac1dec8f272ea9c0c58bf4)
[2025-09-13 06:34:12] 转换无变化，已删除 per-log：./Emojipedia/Emojipedia_OCD_Domain.mrs.log
[2025-09-13 06:34:12] 开始转换：./Emojipedia/Emojipedia_OCD_IP.yaml -> ./Emojipedia/Emojipedia_OCD_IP.mrs （临时 ./Emojipedia/Emojipedia_OCD_IP.mrs.tmp），之前 md5=3ae941e2c1937537ba5a07c4ac01521a
[2025-09-13 06:34:12] ℹ️ 转换结果与现有 .mrs 相同，未更新：./Emojipedia/Emojipedia_OCD_IP.mrs (md5 3ae941e2c1937537ba5a07c4ac01521a)
[2025-09-13 06:34:12] 转换无变化，已删除 per-log：./Emojipedia/Emojipedia_OCD_IP.mrs.log
[2025-09-13 06:34:12] 开始转换：./178/178_OCD_IP.yaml -> ./178/178_OCD_IP.mrs （临时 ./178/178_OCD_IP.mrs.tmp），之前 md5=3ae941e2c1937537ba5a07c4ac01521a
[2025-09-13 06:34:12] ℹ️ 转换结果与现有 .mrs 相同，未更新：./178/178_OCD_IP.mrs (md5 3ae941e2c1937537ba5a07c4ac01521a)
[2025-09-13 06:34:12] 转换无变化，已删除 per-log：./178/178_OCD_IP.mrs.log
[2025-09-13 06:34:12] 开始转换：./178/178_OCD_Domain.yaml -> ./178/178_OCD_Domain.mrs （临时 ./178/178_OCD_Domain.mrs.tmp），之前 md5=8e244ad58cb2255791d28a1a9275e75d
[2025-09-13 06:34:12] ℹ️ 转换结果与现有 .mrs 相同，未更新：./178/178_OCD_Domain.mrs (md5 8e244ad58cb2255791d28a1a9275e75d)
[2025-09-13 06:34:12] 转换无变化，已删除 per-log：./178/178_OCD_Domain.mrs.log
[2025-09-13 06:34:12] 开始转换：./GoogleSearch/GoogleSearch_OCD_IP.yaml -> ./GoogleSearch/GoogleSearch_OCD_IP.mrs （临时 ./GoogleSearch/GoogleSearch_OCD_IP.mrs.tmp），之前 md5=3ae941e2c1937537ba5a07c4ac01521a
[2025-09-13 06:34:12] ℹ️ 转换结果与现有 .mrs 相同，未更新：./GoogleSearch/GoogleSearch_OCD_IP.mrs (md5 3ae941e2c1937537ba5a07c4ac01521a)
[2025-09-13 06:34:12] 转换无变化，已删除 per-log：./GoogleSearch/GoogleSearch_OCD_IP.mrs.log
[2025-09-13 06:34:12] 开始转换：./GoogleSearch/GoogleSearch_OCD_Domain.yaml -> ./GoogleSearch/GoogleSearch_OCD_Domain.mrs （临时 ./GoogleSearch/GoogleSearch_OCD_Domain.mrs.tmp），之前 md5=3b09ff0bd0293a12f4ddcfe99bd4d7b8
[2025-09-13 06:34:12] ✅ 转换并更新：./GoogleSearch/GoogleSearch_OCD_Domain.mrs （3b09ff0bd0293a12f4ddcfe99bd4d7b8 -> 017e43f277341d38bb8ae871a3770262）
[2025-09-13 06:34:12] 已删除成功转换产生的日志文件：./GoogleSearch/GoogleSearch_OCD_Domain.mrs.log
[2025-09-13 06:34:12] 开始转换：./ABC/ABC_OCD_IP.yaml -> ./ABC/ABC_OCD_IP.mrs （临时 ./ABC/ABC_OCD_IP.mrs.tmp），之前 md5=3ae941e2c1937537ba5a07c4ac01521a
[2025-09-13 06:34:12] ℹ️ 转换结果与现有 .mrs 相同，未更新：./ABC/ABC_OCD_IP.mrs (md5 3ae941e2c1937537ba5a07c4ac01521a)
[2025-09-13 06:34:12] 转换无变化，已删除 per-log：./ABC/ABC_OCD_IP.mrs.log
[2025-09-13 06:34:12] 开始转换：./ABC/ABC_OCD_Domain.yaml -> ./ABC/ABC_OCD_Domain.mrs （临时 ./ABC/ABC_OCD_Domain.mrs.tmp），之前 md5=79b86ab6ee214bc382db1a50f52a1480
[2025-09-13 06:34:12] ℹ️ 转换结果与现有 .mrs 相同，未更新：./ABC/ABC_OCD_Domain.mrs (md5 79b86ab6ee214bc382db1a50f52a1480)
[2025-09-13 06:34:12] 转换无变化，已删除 per-log：./ABC/ABC_OCD_Domain.mrs.log
[2025-09-13 06:34:12] 开始转换：./Gucci/Gucci_OCD_Domain.yaml -> ./Gucci/Gucci_OCD_Domain.mrs （临时 ./Gucci/Gucci_OCD_Domain.mrs.tmp），之前 md5=2acc6ccbb27cb44f2965283f8a1bf803
[2025-09-13 06:34:12] ℹ️ 转换结果与现有 .mrs 相同，未更新：./Gucci/Gucci_OCD_Domain.mrs (md5 2acc6ccbb27cb44f2965283f8a1bf803)
[2025-09-13 06:34:12] 转换无变化，已删除 per-log：./Gucci/Gucci_OCD_Domain.mrs.log
[2025-09-13 06:34:12] 开始转换：./Gucci/Gucci_OCD_IP.yaml -> ./Gucci/Gucci_OCD_IP.mrs （临时 ./Gucci/Gucci_OCD_IP.mrs.tmp），之前 md5=3ae941e2c1937537ba5a07c4ac01521a
[2025-09-13 06:34:12] ℹ️ 转换结果与现有 .mrs 相同，未更新：./Gucci/Gucci_OCD_IP.mrs (md5 3ae941e2c1937537ba5a07c4ac01521a)
[2025-09-13 06:34:12] 转换无变化，已删除 per-log：./Gucci/Gucci_OCD_IP.mrs.log
[2025-09-13 06:34:12] 开始转换：./Supercell/Supercell_OCD_Domain.yaml -> ./Supercell/Supercell_OCD_Domain.mrs （临时 ./Supercell/Supercell_OCD_Domain.mrs.tmp），之前 md5=4448fd7481d4b4b411ba33244c90c668
[2025-09-13 06:34:12] ℹ️ 转换结果与现有 .mrs 相同，未更新：./Supercell/Supercell_OCD_Domain.mrs (md5 4448fd7481d4b4b411ba33244c90c668)
[2025-09-13 06:34:12] 转换无变化，已删除 per-log：./Supercell/Supercell_OCD_Domain.mrs.log
[2025-09-13 06:34:12] 开始转换：./Supercell/Supercell_OCD_IP.yaml -> ./Supercell/Supercell_OCD_IP.mrs （临时 ./Supercell/Supercell_OCD_IP.mrs.tmp），之前 md5=ce962ec3aec01c5ebf0a65f5fb061eed
[2025-09-13 06:34:12] ℹ️ 转换结果与现有 .mrs 相同，未更新：./Supercell/Supercell_OCD_IP.mrs (md5 ce962ec3aec01c5ebf0a65f5fb061eed)
[2025-09-13 06:34:12] 转换无变化，已删除 per-log：./Supercell/Supercell_OCD_IP.mrs.log
[2025-09-13 06:34:12] 开始转换：./Duckduckgo/Duckduckgo_OCD_IP.yaml -> ./Duckduckgo/Duckduckgo_OCD_IP.mrs （临时 ./Duckduckgo/Duckduckgo_OCD_IP.mrs.tmp），之前 md5=3ae941e2c1937537ba5a07c4ac01521a
[2025-09-13 06:34:12] ℹ️ 转换结果与现有 .mrs 相同，未更新：./Duckduckgo/Duckduckgo_OCD_IP.mrs (md5 3ae941e2c1937537ba5a07c4ac01521a)
[2025-09-13 06:34:12] 转换无变化，已删除 per-log：./Duckduckgo/Duckduckgo_OCD_IP.mrs.log
[2025-09-13 06:34:12] 开始转换：./Duckduckgo/Duckduckgo_OCD_Domain.yaml -> ./Duckduckgo/Duckduckgo_OCD_Domain.mrs （临时 ./Duckduckgo/Duckduckgo_OCD_Domain.mrs.tmp），之前 md5=59415b7df209aa8d72b1b0ad231eb47c
[2025-09-13 06:34:12] ℹ️ 转换结果与现有 .mrs 相同，未更新：./Duckduckgo/Duckduckgo_OCD_Domain.mrs (md5 59415b7df209aa8d72b1b0ad231eb47c)
[2025-09-13 06:34:12] 转换无变化，已删除 per-log：./Duckduckgo/Duckduckgo_OCD_Domain.mrs.log
[2025-09-13 06:34:12] 开始转换：./Disqus/Disqus_OCD_IP.yaml -> ./Disqus/Disqus_OCD_IP.mrs （临时 ./Disqus/Disqus_OCD_IP.mrs.tmp），之前 md5=3ae941e2c1937537ba5a07c4ac01521a
[2025-09-13 06:34:12] ℹ️ 转换结果与现有 .mrs 相同，未更新：./Disqus/Disqus_OCD_IP.mrs (md5 3ae941e2c1937537ba5a07c4ac01521a)
[2025-09-13 06:34:12] 转换无变化，已删除 per-log：./Disqus/Disqus_OCD_IP.mrs.log
[2025-09-13 06:34:12] 开始转换：./Disqus/Disqus_OCD_Domain.yaml -> ./Disqus/Disqus_OCD_Domain.mrs （临时 ./Disqus/Disqus_OCD_Domain.mrs.tmp），之前 md5=37175a2ecd81740ba05b7a3cdcce6b34
[2025-09-13 06:34:12] ℹ️ 转换结果与现有 .mrs 相同，未更新：./Disqus/Disqus_OCD_Domain.mrs (md5 37175a2ecd81740ba05b7a3cdcce6b34)
[2025-09-13 06:34:12] 转换无变化，已删除 per-log：./Disqus/Disqus_OCD_Domain.mrs.log
[2025-09-13 06:34:12] 开始转换：./WiFiMaster/WiFiMaster_OCD_IP.yaml -> ./WiFiMaster/WiFiMaster_OCD_IP.mrs （临时 ./WiFiMaster/WiFiMaster_OCD_IP.mrs.tmp），之前 md5=3ae941e2c1937537ba5a07c4ac01521a
[2025-09-13 06:34:12] ℹ️ 转换结果与现有 .mrs 相同，未更新：./WiFiMaster/WiFiMaster_OCD_IP.mrs (md5 3ae941e2c1937537ba5a07c4ac01521a)
[2025-09-13 06:34:12] 转换无变化，已删除 per-log：./WiFiMaster/WiFiMaster_OCD_IP.mrs.log
[2025-09-13 06:34:12] 开始转换：./WiFiMaster/WiFiMaster_OCD_Domain.yaml -> ./WiFiMaster/WiFiMaster_OCD_Domain.mrs （临时 ./WiFiMaster/WiFiMaster_OCD_Domain.mrs.tmp），之前 md5=a52c234617a3bae01f2735b4399626b1
[2025-09-13 06:34:13] ℹ️ 转换结果与现有 .mrs 相同，未更新：./WiFiMaster/WiFiMaster_OCD_Domain.mrs (md5 a52c234617a3bae01f2735b4399626b1)
[2025-09-13 06:34:13] 转换无变化，已删除 per-log：./WiFiMaster/WiFiMaster_OCD_Domain.mrs.log
[2025-09-13 06:34:13] 开始转换：./FengHuangWang/FengHuangWang_OCD_IP.yaml -> ./FengHuangWang/FengHuangWang_OCD_IP.mrs （临时 ./FengHuangWang/FengHuangWang_OCD_IP.mrs.tmp），之前 md5=3ae941e2c1937537ba5a07c4ac01521a
[2025-09-13 06:34:13] ℹ️ 转换结果与现有 .mrs 相同，未更新：./FengHuangWang/FengHuangWang_OCD_IP.mrs (md5 3ae941e2c1937537ba5a07c4ac01521a)
[2025-09-13 06:34:13] 转换无变化，已删除 per-log：./FengHuangWang/FengHuangWang_OCD_IP.mrs.log
[2025-09-13 06:34:13] 开始转换：./FengHuangWang/FengHuangWang_OCD_Domain.yaml -> ./FengHuangWang/FengHuangWang_OCD_Domain.mrs （临时 ./FengHuangWang/FengHuangWang_OCD_Domain.mrs.tmp），之前 md5=6ed6e7673ab3aeabff59b119c4b1896b
[2025-09-13 06:34:13] ℹ️ 转换结果与现有 .mrs 相同，未更新：./FengHuangWang/FengHuangWang_OCD_Domain.mrs (md5 6ed6e7673ab3aeabff59b119c4b1896b)
[2025-09-13 06:34:13] 转换无变化，已删除 per-log：./FengHuangWang/FengHuangWang_OCD_Domain.mrs.log
[2025-09-13 06:34:13] 开始转换：./ClubhouseIP/ClubhouseIP_OCD_IP.yaml -> ./ClubhouseIP/ClubhouseIP_OCD_IP.mrs （临时 ./ClubhouseIP/ClubhouseIP_OCD_IP.mrs.tmp），之前 md5=f4370529f07900b5a4f006d17c2b4d54
[2025-09-13 06:34:13] ℹ️ 转换结果与现有 .mrs 相同，未更新：./ClubhouseIP/ClubhouseIP_OCD_IP.mrs (md5 f4370529f07900b5a4f006d17c2b4d54)
[2025-09-13 06:34:13] 转换无变化，已删除 per-log：./ClubhouseIP/ClubhouseIP_OCD_IP.mrs.log
[2025-09-13 06:34:13] 开始转换：./ClubhouseIP/ClubhouseIP_OCD_Domain.yaml -> ./ClubhouseIP/ClubhouseIP_OCD_Domain.mrs （临时 ./ClubhouseIP/ClubhouseIP_OCD_Domain.mrs.tmp），之前 md5=94b5f97e9f1d0b18d779cd7b1fca45bd
[2025-09-13 06:34:13] ℹ️ 转换结果与现有 .mrs 相同，未更新：./ClubhouseIP/ClubhouseIP_OCD_Domain.mrs (md5 94b5f97e9f1d0b18d779cd7b1fca45bd)
[2025-09-13 06:34:13] 转换无变化，已删除 per-log：./ClubhouseIP/ClubhouseIP_OCD_Domain.mrs.log
[2025-09-13 06:34:13] 开始转换：./Tencent/Tencent_OCD_IP.yaml -> ./Tencent/Tencent_OCD_IP.mrs （临时 ./Tencent/Tencent_OCD_IP.mrs.tmp），之前 md5=dfeac7e537f88cad30f8cc0033214db0
[2025-09-13 06:34:13] ℹ️ 转换结果与现有 .mrs 相同，未更新：./Tencent/Tencent_OCD_IP.mrs (md5 dfeac7e537f88cad30f8cc0033214db0)
[2025-09-13 06:34:13] 转换无变化，已删除 per-log：./Tencent/Tencent_OCD_IP.mrs.log
[2025-09-13 06:34:13] 开始转换：./Tencent/Tencent_OCD_Domain.yaml -> ./Tencent/Tencent_OCD_Domain.mrs （临时 ./Tencent/Tencent_OCD_Domain.mrs.tmp），之前 md5=5d17318274ac398db20cff4f0a6076e2
[2025-09-13 06:34:13] ℹ️ 转换结果与现有 .mrs 相同，未更新：./Tencent/Tencent_OCD_Domain.mrs (md5 5d17318274ac398db20cff4f0a6076e2)
[2025-09-13 06:34:13] 转换无变化，已删除 per-log：./Tencent/Tencent_OCD_Domain.mrs.log
[2025-09-13 06:34:13] 开始转换：./BOC/BOC_OCD_Domain.yaml -> ./BOC/BOC_OCD_Domain.mrs （临时 ./BOC/BOC_OCD_Domain.mrs.tmp），之前 md5=6231343c8a7135b975131c6b3764e2db
[2025-09-13 06:34:13] ℹ️ 转换结果与现有 .mrs 相同，未更新：./BOC/BOC_OCD_Domain.mrs (md5 6231343c8a7135b975131c6b3764e2db)
[2025-09-13 06:34:13] 转换无变化，已删除 per-log：./BOC/BOC_OCD_Domain.mrs.log
[2025-09-13 06:34:13] 开始转换：./BOC/BOC_OCD_IP.yaml -> ./BOC/BOC_OCD_IP.mrs （临时 ./BOC/BOC_OCD_IP.mrs.tmp），之前 md5=3ae941e2c1937537ba5a07c4ac01521a
[2025-09-13 06:34:13] ℹ️ 转换结果与现有 .mrs 相同，未更新：./BOC/BOC_OCD_IP.mrs (md5 3ae941e2c1937537ba5a07c4ac01521a)
[2025-09-13 06:34:13] 转换无变化，已删除 per-log：./BOC/BOC_OCD_IP.mrs.log
[2025-09-13 06:34:13] 开始转换：./MIUIPrivacy/MIUIPrivacy_OCD_Domain.yaml -> ./MIUIPrivacy/MIUIPrivacy_OCD_Domain.mrs （临时 ./MIUIPrivacy/MIUIPrivacy_OCD_Domain.mrs.tmp），之前 md5=c81d27c4bf9a1835fbd16210a53a3c67
[2025-09-13 06:34:13] ℹ️ 转换结果与现有 .mrs 相同，未更新：./MIUIPrivacy/MIUIPrivacy_OCD_Domain.mrs (md5 c81d27c4bf9a1835fbd16210a53a3c67)
[2025-09-13 06:34:13] 转换无变化，已删除 per-log：./MIUIPrivacy/MIUIPrivacy_OCD_Domain.mrs.log
[2025-09-13 06:34:13] 开始转换：./MIUIPrivacy/MIUIPrivacy_OCD_IP.yaml -> ./MIUIPrivacy/MIUIPrivacy_OCD_IP.mrs （临时 ./MIUIPrivacy/MIUIPrivacy_OCD_IP.mrs.tmp），之前 md5=3ae941e2c1937537ba5a07c4ac01521a
[2025-09-13 06:34:13] ℹ️ 转换结果与现有 .mrs 相同，未更新：./MIUIPrivacy/MIUIPrivacy_OCD_IP.mrs (md5 3ae941e2c1937537ba5a07c4ac01521a)
[2025-09-13 06:34:13] 转换无变化，已删除 per-log：./MIUIPrivacy/MIUIPrivacy_OCD_IP.mrs.log
[2025-09-13 06:34:13] 开始转换：./Dailymail/Dailymail_OCD_IP.yaml -> ./Dailymail/Dailymail_OCD_IP.mrs （临时 ./Dailymail/Dailymail_OCD_IP.mrs.tmp），之前 md5=3ae941e2c1937537ba5a07c4ac01521a
[2025-09-13 06:34:13] ℹ️ 转换结果与现有 .mrs 相同，未更新：./Dailymail/Dailymail_OCD_IP.mrs (md5 3ae941e2c1937537ba5a07c4ac01521a)
[2025-09-13 06:34:13] 转换无变化，已删除 per-log：./Dailymail/Dailymail_OCD_IP.mrs.log
[2025-09-13 06:34:13] 开始转换：./Dailymail/Dailymail_OCD_Domain.yaml -> ./Dailymail/Dailymail_OCD_Domain.mrs （临时 ./Dailymail/Dailymail_OCD_Domain.mrs.tmp），之前 md5=693a34c5c1379bda55507825d3250a62
[2025-09-13 06:34:13] ℹ️ 转换结果与现有 .mrs 相同，未更新：./Dailymail/Dailymail_OCD_Domain.mrs (md5 693a34c5c1379bda55507825d3250a62)
[2025-09-13 06:34:13] 转换无变化，已删除 per-log：./Dailymail/Dailymail_OCD_Domain.mrs.log
[2025-09-13 06:34:13] 开始转换：./RemoteDesktop/RemoteDesktop_OCD_Domain.yaml -> ./RemoteDesktop/RemoteDesktop_OCD_Domain.mrs （临时 ./RemoteDesktop/RemoteDesktop_OCD_Domain.mrs.tmp），之前 md5=3b09ff0bd0293a12f4ddcfe99bd4d7b8
[2025-09-13 06:34:13] ✅ 转换并更新：./RemoteDesktop/RemoteDesktop_OCD_Domain.mrs （3b09ff0bd0293a12f4ddcfe99bd4d7b8 -> 017e43f277341d38bb8ae871a3770262）
[2025-09-13 06:34:13] 已删除成功转换产生的日志文件：./RemoteDesktop/RemoteDesktop_OCD_Domain.mrs.log
[2025-09-13 06:34:13] 开始转换：./RemoteDesktop/RemoteDesktop_OCD_IP.yaml -> ./RemoteDesktop/RemoteDesktop_OCD_IP.mrs （临时 ./RemoteDesktop/RemoteDesktop_OCD_IP.mrs.tmp），之前 md5=3ae941e2c1937537ba5a07c4ac01521a
[2025-09-13 06:34:13] ℹ️ 转换结果与现有 .mrs 相同，未更新：./RemoteDesktop/RemoteDesktop_OCD_IP.mrs (md5 3ae941e2c1937537ba5a07c4ac01521a)
[2025-09-13 06:34:13] 转换无变化，已删除 per-log：./RemoteDesktop/RemoteDesktop_OCD_IP.mrs.log
[2025-09-13 06:34:13] 开始转换：./Picsee/Picsee_OCD_Domain.yaml -> ./Picsee/Picsee_OCD_Domain.mrs （临时 ./Picsee/Picsee_OCD_Domain.mrs.tmp），之前 md5=a00ef2ade89d577164fa0baf8dd95f4a
[2025-09-13 06:34:13] ℹ️ 转换结果与现有 .mrs 相同，未更新：./Picsee/Picsee_OCD_Domain.mrs (md5 a00ef2ade89d577164fa0baf8dd95f4a)
[2025-09-13 06:34:13] 转换无变化，已删除 per-log：./Picsee/Picsee_OCD_Domain.mrs.log
[2025-09-13 06:34:13] 开始转换：./Picsee/Picsee_OCD_IP.yaml -> ./Picsee/Picsee_OCD_IP.mrs （临时 ./Picsee/Picsee_OCD_IP.mrs.tmp），之前 md5=3ae941e2c1937537ba5a07c4ac01521a
[2025-09-13 06:34:13] ℹ️ 转换结果与现有 .mrs 相同，未更新：./Picsee/Picsee_OCD_IP.mrs (md5 3ae941e2c1937537ba5a07c4ac01521a)
[2025-09-13 06:34:13] 转换无变化，已删除 per-log：./Picsee/Picsee_OCD_IP.mrs.log
[2025-09-13 06:34:13] 开始转换：./KKBOX/KKBOX_OCD_IP.yaml -> ./KKBOX/KKBOX_OCD_IP.mrs （临时 ./KKBOX/KKBOX_OCD_IP.mrs.tmp），之前 md5=3ae941e2c1937537ba5a07c4ac01521a
[2025-09-13 06:34:13] ℹ️ 转换结果与现有 .mrs 相同，未更新：./KKBOX/KKBOX_OCD_IP.mrs (md5 3ae941e2c1937537ba5a07c4ac01521a)
[2025-09-13 06:34:13] 转换无变化，已删除 per-log：./KKBOX/KKBOX_OCD_IP.mrs.log
[2025-09-13 06:34:13] 开始转换：./KKBOX/KKBOX_OCD_Domain.yaml -> ./KKBOX/KKBOX_OCD_Domain.mrs （临时 ./KKBOX/KKBOX_OCD_Domain.mrs.tmp），之前 md5=7c9b58053ab470e3896119b02f5b5d03
[2025-09-13 06:34:13] ℹ️ 转换结果与现有 .mrs 相同，未更新：./KKBOX/KKBOX_OCD_Domain.mrs (md5 7c9b58053ab470e3896119b02f5b5d03)
[2025-09-13 06:34:13] 转换无变化，已删除 per-log：./KKBOX/KKBOX_OCD_Domain.mrs.log
[2025-09-13 06:34:13] 开始转换：./SourceForge/SourceForge_OCD_IP.yaml -> ./SourceForge/SourceForge_OCD_IP.mrs （临时 ./SourceForge/SourceForge_OCD_IP.mrs.tmp），之前 md5=3ae941e2c1937537ba5a07c4ac01521a
[2025-09-13 06:34:13] ℹ️ 转换结果与现有 .mrs 相同，未更新：./SourceForge/SourceForge_OCD_IP.mrs (md5 3ae941e2c1937537ba5a07c4ac01521a)
[2025-09-13 06:34:13] 转换无变化，已删除 per-log：./SourceForge/SourceForge_OCD_IP.mrs.log
[2025-09-13 06:34:13] 开始转换：./SourceForge/SourceForge_OCD_Domain.yaml -> ./SourceForge/SourceForge_OCD_Domain.mrs （临时 ./SourceForge/SourceForge_OCD_Domain.mrs.tmp），之前 md5=9e758c6e948802298d09ffea1a585700
[2025-09-13 06:34:13] ℹ️ 转换结果与现有 .mrs 相同，未更新：./SourceForge/SourceForge_OCD_Domain.mrs (md5 9e758c6e948802298d09ffea1a585700)
[2025-09-13 06:34:13] 转换无变化，已删除 per-log：./SourceForge/SourceForge_OCD_Domain.mrs.log
[2025-09-13 06:34:13] 开始转换：./8btc/8btc_OCD_Domain.yaml -> ./8btc/8btc_OCD_Domain.mrs （临时 ./8btc/8btc_OCD_Domain.mrs.tmp），之前 md5=dc1bddbea01ed282c34cc12c50095793
[2025-09-13 06:34:13] ℹ️ 转换结果与现有 .mrs 相同，未更新：./8btc/8btc_OCD_Domain.mrs (md5 dc1bddbea01ed282c34cc12c50095793)
[2025-09-13 06:34:13] 转换无变化，已删除 per-log：./8btc/8btc_OCD_Domain.mrs.log
[2025-09-13 06:34:13] 开始转换：./8btc/8btc_OCD_IP.yaml -> ./8btc/8btc_OCD_IP.mrs （临时 ./8btc/8btc_OCD_IP.mrs.tmp），之前 md5=3ae941e2c1937537ba5a07c4ac01521a
[2025-09-13 06:34:13] ℹ️ 转换结果与现有 .mrs 相同，未更新：./8btc/8btc_OCD_IP.mrs (md5 3ae941e2c1937537ba5a07c4ac01521a)
[2025-09-13 06:34:13] 转换无变化，已删除 per-log：./8btc/8btc_OCD_IP.mrs.log
[2025-09-13 06:34:13] 开始转换：./EHGallery/EHGallery_OCD_Domain.yaml -> ./EHGallery/EHGallery_OCD_Domain.mrs （临时 ./EHGallery/EHGallery_OCD_Domain.mrs.tmp），之前 md5=77941db6a59cd7296f5d8ce840800225
[2025-09-13 06:34:13] ℹ️ 转换结果与现有 .mrs 相同，未更新：./EHGallery/EHGallery_OCD_Domain.mrs (md5 77941db6a59cd7296f5d8ce840800225)
[2025-09-13 06:34:13] 转换无变化，已删除 per-log：./EHGallery/EHGallery_OCD_Domain.mrs.log
[2025-09-13 06:34:13] 开始转换：./EHGallery/EHGallery_OCD_IP.yaml -> ./EHGallery/EHGallery_OCD_IP.mrs （临时 ./EHGallery/EHGallery_OCD_IP.mrs.tmp），之前 md5=06480a58f1be3a7ed09f22f6c9613250
[2025-09-13 06:34:13] ℹ️ 转换结果与现有 .mrs 相同，未更新：./EHGallery/EHGallery_OCD_IP.mrs (md5 06480a58f1be3a7ed09f22f6c9613250)
[2025-09-13 06:34:13] 转换无变化，已删除 per-log：./EHGallery/EHGallery_OCD_IP.mrs.log
[2025-09-13 06:34:13] 开始转换：./TeraBox/TeraBox_OCD_IP.yaml -> ./TeraBox/TeraBox_OCD_IP.mrs （临时 ./TeraBox/TeraBox_OCD_IP.mrs.tmp），之前 md5=3ae941e2c1937537ba5a07c4ac01521a
[2025-09-13 06:34:13] ℹ️ 转换结果与现有 .mrs 相同，未更新：./TeraBox/TeraBox_OCD_IP.mrs (md5 3ae941e2c1937537ba5a07c4ac01521a)
[2025-09-13 06:34:13] 转换无变化，已删除 per-log：./TeraBox/TeraBox_OCD_IP.mrs.log
[2025-09-13 06:34:13] 开始转换：./TeraBox/TeraBox_OCD_Domain.yaml -> ./TeraBox/TeraBox_OCD_Domain.mrs （临时 ./TeraBox/TeraBox_OCD_Domain.mrs.tmp），之前 md5=702d8f330a10bf54761742fb8ed6fafc
[2025-09-13 06:34:13] ℹ️ 转换结果与现有 .mrs 相同，未更新：./TeraBox/TeraBox_OCD_Domain.mrs (md5 702d8f330a10bf54761742fb8ed6fafc)
[2025-09-13 06:34:13] 转换无变化，已删除 per-log：./TeraBox/TeraBox_OCD_Domain.mrs.log
[2025-09-13 06:34:13] 开始转换：./Niconico/Niconico_OCD_IP.yaml -> ./Niconico/Niconico_OCD_IP.mrs （临时 ./Niconico/Niconico_OCD_IP.mrs.tmp），之前 md5=3ae941e2c1937537ba5a07c4ac01521a
[2025-09-13 06:34:13] ℹ️ 转换结果与现有 .mrs 相同，未更新：./Niconico/Niconico_OCD_IP.mrs (md5 3ae941e2c1937537ba5a07c4ac01521a)
[2025-09-13 06:34:13] 转换无变化，已删除 per-log：./Niconico/Niconico_OCD_IP.mrs.log
[2025-09-13 06:34:13] 开始转换：./Niconico/Niconico_OCD_Domain.yaml -> ./Niconico/Niconico_OCD_Domain.mrs （临时 ./Niconico/Niconico_OCD_Domain.mrs.tmp），之前 md5=a9a91528df14b8cd35fb2d2987f6cb15
[2025-09-13 06:34:13] ℹ️ 转换结果与现有 .mrs 相同，未更新：./Niconico/Niconico_OCD_Domain.mrs (md5 a9a91528df14b8cd35fb2d2987f6cb15)
[2025-09-13 06:34:13] 转换无变化，已删除 per-log：./Niconico/Niconico_OCD_Domain.mrs.log
[2025-09-13 06:34:13] 开始转换：./UKMedia/UKMedia_OCD_IP.yaml -> ./UKMedia/UKMedia_OCD_IP.mrs （临时 ./UKMedia/UKMedia_OCD_IP.mrs.tmp），之前 md5=3ae941e2c1937537ba5a07c4ac01521a
[2025-09-13 06:34:13] ℹ️ 转换结果与现有 .mrs 相同，未更新：./UKMedia/UKMedia_OCD_IP.mrs (md5 3ae941e2c1937537ba5a07c4ac01521a)
[2025-09-13 06:34:13] 转换无变化，已删除 per-log：./UKMedia/UKMedia_OCD_IP.mrs.log
[2025-09-13 06:34:13] 开始转换：./UKMedia/UKMedia_OCD_Domain.yaml -> ./UKMedia/UKMedia_OCD_Domain.mrs （临时 ./UKMedia/UKMedia_OCD_Domain.mrs.tmp），之前 md5=6fd60847d96515523e10eca8432c168b
[2025-09-13 06:34:13] ℹ️ 转换结果与现有 .mrs 相同，未更新：./UKMedia/UKMedia_OCD_Domain.mrs (md5 6fd60847d96515523e10eca8432c168b)
[2025-09-13 06:34:13] 转换无变化，已删除 per-log：./UKMedia/UKMedia_OCD_Domain.mrs.log
[2025-09-13 06:34:13] 开始转换：./ZhuanZhuan/ZhuanZhuan_OCD_IP.yaml -> ./ZhuanZhuan/ZhuanZhuan_OCD_IP.mrs （临时 ./ZhuanZhuan/ZhuanZhuan_OCD_IP.mrs.tmp），之前 md5=3ae941e2c1937537ba5a07c4ac01521a
[2025-09-13 06:34:13] ℹ️ 转换结果与现有 .mrs 相同，未更新：./ZhuanZhuan/ZhuanZhuan_OCD_IP.mrs (md5 3ae941e2c1937537ba5a07c4ac01521a)
[2025-09-13 06:34:13] 转换无变化，已删除 per-log：./ZhuanZhuan/ZhuanZhuan_OCD_IP.mrs.log
[2025-09-13 06:34:13] 开始转换：./ZhuanZhuan/ZhuanZhuan_OCD_Domain.yaml -> ./ZhuanZhuan/ZhuanZhuan_OCD_Domain.mrs （临时 ./ZhuanZhuan/ZhuanZhuan_OCD_Domain.mrs.tmp），之前 md5=d4149aecc5676329db65c57208d8fda5
[2025-09-13 06:34:13] ℹ️ 转换结果与现有 .mrs 相同，未更新：./ZhuanZhuan/ZhuanZhuan_OCD_Domain.mrs (md5 d4149aecc5676329db65c57208d8fda5)
[2025-09-13 06:34:13] 转换无变化，已删除 per-log：./ZhuanZhuan/ZhuanZhuan_OCD_Domain.mrs.log
[2025-09-13 06:34:13] 开始转换：./Baidu/Baidu_OCD_IP.yaml -> ./Baidu/Baidu_OCD_IP.mrs （临时 ./Baidu/Baidu_OCD_IP.mrs.tmp），之前 md5=3ae941e2c1937537ba5a07c4ac01521a
[2025-09-13 06:34:13] ℹ️ 转换结果与现有 .mrs 相同，未更新：./Baidu/Baidu_OCD_IP.mrs (md5 3ae941e2c1937537ba5a07c4ac01521a)
[2025-09-13 06:34:13] 转换无变化，已删除 per-log：./Baidu/Baidu_OCD_IP.mrs.log
[2025-09-13 06:34:13] 开始转换：./Baidu/Baidu_OCD_Domain.yaml -> ./Baidu/Baidu_OCD_Domain.mrs （临时 ./Baidu/Baidu_OCD_Domain.mrs.tmp），之前 md5=3853d6f83762a0a53d43f0513e53b947
[2025-09-13 06:34:13] ℹ️ 转换结果与现有 .mrs 相同，未更新：./Baidu/Baidu_OCD_Domain.mrs (md5 3853d6f83762a0a53d43f0513e53b947)
[2025-09-13 06:34:13] 转换无变化，已删除 per-log：./Baidu/Baidu_OCD_Domain.mrs.log
[2025-09-13 06:34:14] 开始转换：./CableTV/CableTV_OCD_IP.yaml -> ./CableTV/CableTV_OCD_IP.mrs （临时 ./CableTV/CableTV_OCD_IP.mrs.tmp），之前 md5=3ae941e2c1937537ba5a07c4ac01521a
[2025-09-13 06:34:14] ℹ️ 转换结果与现有 .mrs 相同，未更新：./CableTV/CableTV_OCD_IP.mrs (md5 3ae941e2c1937537ba5a07c4ac01521a)
[2025-09-13 06:34:14] 转换无变化，已删除 per-log：./CableTV/CableTV_OCD_IP.mrs.log
[2025-09-13 06:34:14] 开始转换：./CableTV/CableTV_OCD_Domain.yaml -> ./CableTV/CableTV_OCD_Domain.mrs （临时 ./CableTV/CableTV_OCD_Domain.mrs.tmp），之前 md5=3b55cb78d87491b55b13b3655d78df01
[2025-09-13 06:34:14] ℹ️ 转换结果与现有 .mrs 相同，未更新：./CableTV/CableTV_OCD_Domain.mrs (md5 3b55cb78d87491b55b13b3655d78df01)
[2025-09-13 06:34:14] 转换无变化，已删除 per-log：./CableTV/CableTV_OCD_Domain.mrs.log
[2025-09-13 06:34:14] 开始转换：./Gog/Gog_OCD_Domain.yaml -> ./Gog/Gog_OCD_Domain.mrs （临时 ./Gog/Gog_OCD_Domain.mrs.tmp），之前 md5=a98e369450e1852c1b1750ac788d06e0
[2025-09-13 06:34:14] ℹ️ 转换结果与现有 .mrs 相同，未更新：./Gog/Gog_OCD_Domain.mrs (md5 a98e369450e1852c1b1750ac788d06e0)
[2025-09-13 06:34:14] 转换无变化，已删除 per-log：./Gog/Gog_OCD_Domain.mrs.log
[2025-09-13 06:34:14] 开始转换：./Gog/Gog_OCD_IP.yaml -> ./Gog/Gog_OCD_IP.mrs （临时 ./Gog/Gog_OCD_IP.mrs.tmp），之前 md5=3ae941e2c1937537ba5a07c4ac01521a
[2025-09-13 06:34:14] ℹ️ 转换结果与现有 .mrs 相同，未更新：./Gog/Gog_OCD_IP.mrs (md5 3ae941e2c1937537ba5a07c4ac01521a)
[2025-09-13 06:34:14] 转换无变化，已删除 per-log：./Gog/Gog_OCD_IP.mrs.log
[2025-09-13 06:34:14] 开始转换：./Viki/Viki_OCD_IP.yaml -> ./Viki/Viki_OCD_IP.mrs （临时 ./Viki/Viki_OCD_IP.mrs.tmp），之前 md5=3ae941e2c1937537ba5a07c4ac01521a
[2025-09-13 06:34:14] ℹ️ 转换结果与现有 .mrs 相同，未更新：./Viki/Viki_OCD_IP.mrs (md5 3ae941e2c1937537ba5a07c4ac01521a)
[2025-09-13 06:34:14] 转换无变化，已删除 per-log：./Viki/Viki_OCD_IP.mrs.log
[2025-09-13 06:34:14] 开始转换：./Viki/Viki_OCD_Domain.yaml -> ./Viki/Viki_OCD_Domain.mrs （临时 ./Viki/Viki_OCD_Domain.mrs.tmp），之前 md5=8dd23d986646512a76f6dfe8a89f0b0d
[2025-09-13 06:34:14] ℹ️ 转换结果与现有 .mrs 相同，未更新：./Viki/Viki_OCD_Domain.mrs (md5 8dd23d986646512a76f6dfe8a89f0b0d)
[2025-09-13 06:34:14] 转换无变化，已删除 per-log：./Viki/Viki_OCD_Domain.mrs.log
[2025-09-13 06:34:14] 开始转换：./NaSDDNS/NaSDDNS_OCD_IP.yaml -> ./NaSDDNS/NaSDDNS_OCD_IP.mrs （临时 ./NaSDDNS/NaSDDNS_OCD_IP.mrs.tmp），之前 md5=71336d5a35a493c2603883801d1d0d0f
[2025-09-13 06:34:14] ℹ️ 转换结果与现有 .mrs 相同，未更新：./NaSDDNS/NaSDDNS_OCD_IP.mrs (md5 71336d5a35a493c2603883801d1d0d0f)
[2025-09-13 06:34:14] 转换无变化，已删除 per-log：./NaSDDNS/NaSDDNS_OCD_IP.mrs.log
[2025-09-13 06:34:14] 开始转换：./NaSDDNS/NaSDDNS_OCD_Domain.yaml -> ./NaSDDNS/NaSDDNS_OCD_Domain.mrs （临时 ./NaSDDNS/NaSDDNS_OCD_Domain.mrs.tmp），之前 md5=3d7d680dd0b3ae8d48ee79683ecf4e43
[2025-09-13 06:34:14] ℹ️ 转换结果与现有 .mrs 相同，未更新：./NaSDDNS/NaSDDNS_OCD_Domain.mrs (md5 3d7d680dd0b3ae8d48ee79683ecf4e43)
[2025-09-13 06:34:14] 转换无变化，已删除 per-log：./NaSDDNS/NaSDDNS_OCD_Domain.mrs.log
[2025-09-13 06:34:14] 开始转换：./Kantv/Kantv_OCD_Domain.yaml -> ./Kantv/Kantv_OCD_Domain.mrs （临时 ./Kantv/Kantv_OCD_Domain.mrs.tmp），之前 md5=fc80e00b79a35cbc68222d58eb5af70f
[2025-09-13 06:34:14] ℹ️ 转换结果与现有 .mrs 相同，未更新：./Kantv/Kantv_OCD_Domain.mrs (md5 fc80e00b79a35cbc68222d58eb5af70f)
[2025-09-13 06:34:14] 转换无变化，已删除 per-log：./Kantv/Kantv_OCD_Domain.mrs.log
[2025-09-13 06:34:14] 开始转换：./Kantv/Kantv_OCD_IP.yaml -> ./Kantv/Kantv_OCD_IP.mrs （临时 ./Kantv/Kantv_OCD_IP.mrs.tmp），之前 md5=3ae941e2c1937537ba5a07c4ac01521a
[2025-09-13 06:34:14] ℹ️ 转换结果与现有 .mrs 相同，未更新：./Kantv/Kantv_OCD_IP.mrs (md5 3ae941e2c1937537ba5a07c4ac01521a)
[2025-09-13 06:34:14] 转换无变化，已删除 per-log：./Kantv/Kantv_OCD_IP.mrs.log
[2025-09-13 06:34:14] 开始转换：./Crypto/Crypto_OCD_Domain.yaml -> ./Crypto/Crypto_OCD_Domain.mrs （临时 ./Crypto/Crypto_OCD_Domain.mrs.tmp），之前 md5=21151d3c1c4ffc605a94aa805259ffd7
[2025-09-13 06:34:14] ℹ️ 转换结果与现有 .mrs 相同，未更新：./Crypto/Crypto_OCD_Domain.mrs (md5 21151d3c1c4ffc605a94aa805259ffd7)
[2025-09-13 06:34:14] 转换无变化，已删除 per-log：./Crypto/Crypto_OCD_Domain.mrs.log
[2025-09-13 06:34:14] 开始转换：./Crypto/Crypto_OCD_IP.yaml -> ./Crypto/Crypto_OCD_IP.mrs （临时 ./Crypto/Crypto_OCD_IP.mrs.tmp），之前 md5=3ae941e2c1937537ba5a07c4ac01521a
[2025-09-13 06:34:14] ℹ️ 转换结果与现有 .mrs 相同，未更新：./Crypto/Crypto_OCD_IP.mrs (md5 3ae941e2c1937537ba5a07c4ac01521a)
[2025-09-13 06:34:14] 转换无变化，已删除 per-log：./Crypto/Crypto_OCD_IP.mrs.log
[2025-09-13 06:34:14] 开始转换：./XiaoMi/XiaoMi_OCD_IP.yaml -> ./XiaoMi/XiaoMi_OCD_IP.mrs （临时 ./XiaoMi/XiaoMi_OCD_IP.mrs.tmp），之前 md5=b04f2d71265cfdf6d75d0a74f7e3ad88
[2025-09-13 06:34:14] ℹ️ 转换结果与现有 .mrs 相同，未更新：./XiaoMi/XiaoMi_OCD_IP.mrs (md5 b04f2d71265cfdf6d75d0a74f7e3ad88)
[2025-09-13 06:34:14] 转换无变化，已删除 per-log：./XiaoMi/XiaoMi_OCD_IP.mrs.log
[2025-09-13 06:34:14] 开始转换：./XiaoMi/XiaoMi_OCD_Domain.yaml -> ./XiaoMi/XiaoMi_OCD_Domain.mrs （临时 ./XiaoMi/XiaoMi_OCD_Domain.mrs.tmp），之前 md5=88443bdaee563850b2f6139c2b96166c
[2025-09-13 06:34:14] ℹ️ 转换结果与现有 .mrs 相同，未更新：./XiaoMi/XiaoMi_OCD_Domain.mrs (md5 88443bdaee563850b2f6139c2b96166c)
[2025-09-13 06:34:14] 转换无变化，已删除 per-log：./XiaoMi/XiaoMi_OCD_Domain.mrs.log
[2025-09-13 06:34:14] 开始转换：./ChinaDNS/ChinaDNS_OCD_IP.yaml -> ./ChinaDNS/ChinaDNS_OCD_IP.mrs （临时 ./ChinaDNS/ChinaDNS_OCD_IP.mrs.tmp），之前 md5=8b73a3c874dc2244194bcd40c60a98a3
[2025-09-13 06:34:14] ℹ️ 转换结果与现有 .mrs 相同，未更新：./ChinaDNS/ChinaDNS_OCD_IP.mrs (md5 8b73a3c874dc2244194bcd40c60a98a3)
[2025-09-13 06:34:14] 转换无变化，已删除 per-log：./ChinaDNS/ChinaDNS_OCD_IP.mrs.log
[2025-09-13 06:34:14] 开始转换：./ChinaDNS/ChinaDNS_OCD_Domain.yaml -> ./ChinaDNS/ChinaDNS_OCD_Domain.mrs （临时 ./ChinaDNS/ChinaDNS_OCD_Domain.mrs.tmp），之前 md5=13580873294866df47dc83319ea43cd5
[2025-09-13 06:34:14] ℹ️ 转换结果与现有 .mrs 相同，未更新：./ChinaDNS/ChinaDNS_OCD_Domain.mrs (md5 13580873294866df47dc83319ea43cd5)
[2025-09-13 06:34:14] 转换无变化，已删除 per-log：./ChinaDNS/ChinaDNS_OCD_Domain.mrs.log
[2025-09-13 06:34:14] 开始转换：./Picacg/Picacg_OCD_IP.yaml -> ./Picacg/Picacg_OCD_IP.mrs （临时 ./Picacg/Picacg_OCD_IP.mrs.tmp），之前 md5=3ae941e2c1937537ba5a07c4ac01521a
[2025-09-13 06:34:14] ℹ️ 转换结果与现有 .mrs 相同，未更新：./Picacg/Picacg_OCD_IP.mrs (md5 3ae941e2c1937537ba5a07c4ac01521a)
[2025-09-13 06:34:14] 转换无变化，已删除 per-log：./Picacg/Picacg_OCD_IP.mrs.log
[2025-09-13 06:34:14] 开始转换：./Picacg/Picacg_OCD_Domain.yaml -> ./Picacg/Picacg_OCD_Domain.mrs （临时 ./Picacg/Picacg_OCD_Domain.mrs.tmp），之前 md5=5c600bc40c0d4e8cb2a9be9e481fe4ca
[2025-09-13 06:34:14] ℹ️ 转换结果与现有 .mrs 相同，未更新：./Picacg/Picacg_OCD_Domain.mrs (md5 5c600bc40c0d4e8cb2a9be9e481fe4ca)
[2025-09-13 06:34:14] 转换无变化，已删除 per-log：./Picacg/Picacg_OCD_Domain.mrs.log
[2025-09-13 06:34:14] 开始转换：./HamiVideo/HamiVideo_OCD_Domain.yaml -> ./HamiVideo/HamiVideo_OCD_Domain.mrs （临时 ./HamiVideo/HamiVideo_OCD_Domain.mrs.tmp），之前 md5=64ac2e57561fb1946d04603da60d6015
[2025-09-13 06:34:14] ℹ️ 转换结果与现有 .mrs 相同，未更新：./HamiVideo/HamiVideo_OCD_Domain.mrs (md5 64ac2e57561fb1946d04603da60d6015)
[2025-09-13 06:34:14] 转换无变化，已删除 per-log：./HamiVideo/HamiVideo_OCD_Domain.mrs.log
[2025-09-13 06:34:14] 开始转换：./HamiVideo/HamiVideo_OCD_IP.yaml -> ./HamiVideo/HamiVideo_OCD_IP.mrs （临时 ./HamiVideo/HamiVideo_OCD_IP.mrs.tmp），之前 md5=3ae941e2c1937537ba5a07c4ac01521a
[2025-09-13 06:34:14] ℹ️ 转换结果与现有 .mrs 相同，未更新：./HamiVideo/HamiVideo_OCD_IP.mrs (md5 3ae941e2c1937537ba5a07c4ac01521a)
[2025-09-13 06:34:14] 转换无变化，已删除 per-log：./HamiVideo/HamiVideo_OCD_IP.mrs.log
[2025-09-13 06:34:14] 开始转换：./AmazonCN/AmazonCN_OCD_IP.yaml -> ./AmazonCN/AmazonCN_OCD_IP.mrs （临时 ./AmazonCN/AmazonCN_OCD_IP.mrs.tmp），之前 md5=3ae941e2c1937537ba5a07c4ac01521a
[2025-09-13 06:34:14] ℹ️ 转换结果与现有 .mrs 相同，未更新：./AmazonCN/AmazonCN_OCD_IP.mrs (md5 3ae941e2c1937537ba5a07c4ac01521a)
[2025-09-13 06:34:14] 转换无变化，已删除 per-log：./AmazonCN/AmazonCN_OCD_IP.mrs.log
[2025-09-13 06:34:14] 开始转换：./AmazonCN/AmazonCN_OCD_Domain.yaml -> ./AmazonCN/AmazonCN_OCD_Domain.mrs （临时 ./AmazonCN/AmazonCN_OCD_Domain.mrs.tmp），之前 md5=4bcefbc4309e0edec6044b5e173d698a
[2025-09-13 06:34:14] ℹ️ 转换结果与现有 .mrs 相同，未更新：./AmazonCN/AmazonCN_OCD_Domain.mrs (md5 4bcefbc4309e0edec6044b5e173d698a)
[2025-09-13 06:34:14] 转换无变化，已删除 per-log：./AmazonCN/AmazonCN_OCD_Domain.mrs.log
[2025-09-13 06:34:14] 开始转换：./ChinaUnicom/ChinaUnicom_OCD_IP.yaml -> ./ChinaUnicom/ChinaUnicom_OCD_IP.mrs （临时 ./ChinaUnicom/ChinaUnicom_OCD_IP.mrs.tmp），之前 md5=514360a3f81d41c6c39cb889c9b9955f
[2025-09-13 06:34:14] ℹ️ 转换结果与现有 .mrs 相同，未更新：./ChinaUnicom/ChinaUnicom_OCD_IP.mrs (md5 514360a3f81d41c6c39cb889c9b9955f)
[2025-09-13 06:34:14] 转换无变化，已删除 per-log：./ChinaUnicom/ChinaUnicom_OCD_IP.mrs.log
[2025-09-13 06:34:14] 开始转换：./ChinaUnicom/ChinaUnicom_OCD_Domain.yaml -> ./ChinaUnicom/ChinaUnicom_OCD_Domain.mrs （临时 ./ChinaUnicom/ChinaUnicom_OCD_Domain.mrs.tmp），之前 md5=f0d1bd2e24fb4be37af14708b6540a24
[2025-09-13 06:34:14] ℹ️ 转换结果与现有 .mrs 相同，未更新：./ChinaUnicom/ChinaUnicom_OCD_Domain.mrs (md5 f0d1bd2e24fb4be37af14708b6540a24)
[2025-09-13 06:34:14] 转换无变化，已删除 per-log：./ChinaUnicom/ChinaUnicom_OCD_Domain.mrs.log
[2025-09-13 06:34:14] 开始转换：./6park/6park_OCD_Domain.yaml -> ./6park/6park_OCD_Domain.mrs （临时 ./6park/6park_OCD_Domain.mrs.tmp），之前 md5=cff2c746faa9eed6553755102ef3184f
[2025-09-13 06:34:14] ℹ️ 转换结果与现有 .mrs 相同，未更新：./6park/6park_OCD_Domain.mrs (md5 cff2c746faa9eed6553755102ef3184f)
[2025-09-13 06:34:14] 转换无变化，已删除 per-log：./6park/6park_OCD_Domain.mrs.log
[2025-09-13 06:34:14] 开始转换：./6park/6park_OCD_IP.yaml -> ./6park/6park_OCD_IP.mrs （临时 ./6park/6park_OCD_IP.mrs.tmp），之前 md5=3ae941e2c1937537ba5a07c4ac01521a
[2025-09-13 06:34:14] ℹ️ 转换结果与现有 .mrs 相同，未更新：./6park/6park_OCD_IP.mrs (md5 3ae941e2c1937537ba5a07c4ac01521a)
[2025-09-13 06:34:14] 转换无变化，已删除 per-log：./6park/6park_OCD_IP.mrs.log
[2025-09-13 06:34:14] 开始转换：./BBC/BBC_OCD_IP.yaml -> ./BBC/BBC_OCD_IP.mrs （临时 ./BBC/BBC_OCD_IP.mrs.tmp），之前 md5=3ae941e2c1937537ba5a07c4ac01521a
[2025-09-13 06:34:14] ℹ️ 转换结果与现有 .mrs 相同，未更新：./BBC/BBC_OCD_IP.mrs (md5 3ae941e2c1937537ba5a07c4ac01521a)
[2025-09-13 06:34:14] 转换无变化，已删除 per-log：./BBC/BBC_OCD_IP.mrs.log
[2025-09-13 06:34:14] 开始转换：./BBC/BBC_OCD_Domain.yaml -> ./BBC/BBC_OCD_Domain.mrs （临时 ./BBC/BBC_OCD_Domain.mrs.tmp），之前 md5=dbb9de3592711e952a115053d74dddc4
[2025-09-13 06:34:14] ℹ️ 转换结果与现有 .mrs 相同，未更新：./BBC/BBC_OCD_Domain.mrs (md5 dbb9de3592711e952a115053d74dddc4)
[2025-09-13 06:34:14] 转换无变化，已删除 per-log：./BBC/BBC_OCD_Domain.mrs.log
[2025-09-13 06:34:14] 开始转换：./ZhongWeiShiJi/ZhongWeiShiJi_OCD_IP.yaml -> ./ZhongWeiShiJi/ZhongWeiShiJi_OCD_IP.mrs （临时 ./ZhongWeiShiJi/ZhongWeiShiJi_OCD_IP.mrs.tmp），之前 md5=3ae941e2c1937537ba5a07c4ac01521a
[2025-09-13 06:34:14] ℹ️ 转换结果与现有 .mrs 相同，未更新：./ZhongWeiShiJi/ZhongWeiShiJi_OCD_IP.mrs (md5 3ae941e2c1937537ba5a07c4ac01521a)
[2025-09-13 06:34:14] 转换无变化，已删除 per-log：./ZhongWeiShiJi/ZhongWeiShiJi_OCD_IP.mrs.log
[2025-09-13 06:34:14] 开始转换：./ZhongWeiShiJi/ZhongWeiShiJi_OCD_Domain.yaml -> ./ZhongWeiShiJi/ZhongWeiShiJi_OCD_Domain.mrs （临时 ./ZhongWeiShiJi/ZhongWeiShiJi_OCD_Domain.mrs.tmp），之前 md5=02e7fd2234cf50979d5d7b80925fc7c0
[2025-09-13 06:34:14] ℹ️ 转换结果与现有 .mrs 相同，未更新：./ZhongWeiShiJi/ZhongWeiShiJi_OCD_Domain.mrs (md5 02e7fd2234cf50979d5d7b80925fc7c0)
[2025-09-13 06:34:14] 转换无变化，已删除 per-log：./ZhongWeiShiJi/ZhongWeiShiJi_OCD_Domain.mrs.log
[2025-09-13 06:34:14] 开始转换：./Ubisoft/Ubisoft_OCD_IP.yaml -> ./Ubisoft/Ubisoft_OCD_IP.mrs （临时 ./Ubisoft/Ubisoft_OCD_IP.mrs.tmp），之前 md5=3ae941e2c1937537ba5a07c4ac01521a
[2025-09-13 06:34:14] ℹ️ 转换结果与现有 .mrs 相同，未更新：./Ubisoft/Ubisoft_OCD_IP.mrs (md5 3ae941e2c1937537ba5a07c4ac01521a)
[2025-09-13 06:34:14] 转换无变化，已删除 per-log：./Ubisoft/Ubisoft_OCD_IP.mrs.log
[2025-09-13 06:34:14] 开始转换：./Ubisoft/Ubisoft_OCD_Domain.yaml -> ./Ubisoft/Ubisoft_OCD_Domain.mrs （临时 ./Ubisoft/Ubisoft_OCD_Domain.mrs.tmp），之前 md5=b90ff96dcefe4765613ca1e12521d87d
[2025-09-13 06:34:14] ℹ️ 转换结果与现有 .mrs 相同，未更新：./Ubisoft/Ubisoft_OCD_Domain.mrs (md5 b90ff96dcefe4765613ca1e12521d87d)
[2025-09-13 06:34:14] 转换无变化，已删除 per-log：./Ubisoft/Ubisoft_OCD_Domain.mrs.log
[2025-09-13 06:34:14] 开始转换：./TencentVideo/TencentVideo_OCD_IP.yaml -> ./TencentVideo/TencentVideo_OCD_IP.mrs （临时 ./TencentVideo/TencentVideo_OCD_IP.mrs.tmp），之前 md5=e3b1ae7e383c6a41456cac599a799ef8
[2025-09-13 06:34:14] ℹ️ 转换结果与现有 .mrs 相同，未更新：./TencentVideo/TencentVideo_OCD_IP.mrs (md5 e3b1ae7e383c6a41456cac599a799ef8)
[2025-09-13 06:34:14] 转换无变化，已删除 per-log：./TencentVideo/TencentVideo_OCD_IP.mrs.log
[2025-09-13 06:34:14] 开始转换：./TencentVideo/TencentVideo_OCD_Domain.yaml -> ./TencentVideo/TencentVideo_OCD_Domain.mrs （临时 ./TencentVideo/TencentVideo_OCD_Domain.mrs.tmp），之前 md5=ea59380be7bfeca39dec237696264553
[2025-09-13 06:34:14] ℹ️ 转换结果与现有 .mrs 相同，未更新：./TencentVideo/TencentVideo_OCD_Domain.mrs (md5 ea59380be7bfeca39dec237696264553)
[2025-09-13 06:34:14] 转换无变化，已删除 per-log：./TencentVideo/TencentVideo_OCD_Domain.mrs.log
[2025-09-13 06:34:14] 开始转换：./Amazon/Amazon_OCD_IP.yaml -> ./Amazon/Amazon_OCD_IP.mrs （临时 ./Amazon/Amazon_OCD_IP.mrs.tmp），之前 md5=b6f71c59d18dc0cc698331c213a71dae
[2025-09-13 06:34:14] ℹ️ 转换结果与现有 .mrs 相同，未更新：./Amazon/Amazon_OCD_IP.mrs (md5 b6f71c59d18dc0cc698331c213a71dae)
[2025-09-13 06:34:14] 转换无变化，已删除 per-log：./Amazon/Amazon_OCD_IP.mrs.log
[2025-09-13 06:34:14] 开始转换：./Amazon/Amazon_OCD_Domain.yaml -> ./Amazon/Amazon_OCD_Domain.mrs （临时 ./Amazon/Amazon_OCD_Domain.mrs.tmp），之前 md5=494d2f98a2b1c45d7f498b8dd1f1fda8
[2025-09-13 06:34:15] ℹ️ 转换结果与现有 .mrs 相同，未更新：./Amazon/Amazon_OCD_Domain.mrs (md5 494d2f98a2b1c45d7f498b8dd1f1fda8)
[2025-09-13 06:34:15] 转换无变化，已删除 per-log：./Amazon/Amazon_OCD_Domain.mrs.log
[2025-09-13 06:34:15] 开始转换：./LastPass/LastPass_OCD_IP.yaml -> ./LastPass/LastPass_OCD_IP.mrs （临时 ./LastPass/LastPass_OCD_IP.mrs.tmp），之前 md5=3ae941e2c1937537ba5a07c4ac01521a
[2025-09-13 06:34:15] ℹ️ 转换结果与现有 .mrs 相同，未更新：./LastPass/LastPass_OCD_IP.mrs (md5 3ae941e2c1937537ba5a07c4ac01521a)
[2025-09-13 06:34:15] 转换无变化，已删除 per-log：./LastPass/LastPass_OCD_IP.mrs.log
[2025-09-13 06:34:15] 开始转换：./LastPass/LastPass_OCD_Domain.yaml -> ./LastPass/LastPass_OCD_Domain.mrs （临时 ./LastPass/LastPass_OCD_Domain.mrs.tmp），之前 md5=efb8eec97f9bf00f65bda74a034f44c8
[2025-09-13 06:34:15] ℹ️ 转换结果与现有 .mrs 相同，未更新：./LastPass/LastPass_OCD_Domain.mrs (md5 efb8eec97f9bf00f65bda74a034f44c8)
[2025-09-13 06:34:15] 转换无变化，已删除 per-log：./LastPass/LastPass_OCD_Domain.mrs.log
[2025-09-13 06:34:15] 开始转换：./TaiWanGood/TaiWanGood_OCD_Domain.yaml -> ./TaiWanGood/TaiWanGood_OCD_Domain.mrs （临时 ./TaiWanGood/TaiWanGood_OCD_Domain.mrs.tmp），之前 md5=8d6a65f5611183d8e90ae43bdcf9281e
[2025-09-13 06:34:15] ℹ️ 转换结果与现有 .mrs 相同，未更新：./TaiWanGood/TaiWanGood_OCD_Domain.mrs (md5 8d6a65f5611183d8e90ae43bdcf9281e)
[2025-09-13 06:34:15] 转换无变化，已删除 per-log：./TaiWanGood/TaiWanGood_OCD_Domain.mrs.log
[2025-09-13 06:34:15] 开始转换：./TaiWanGood/TaiWanGood_OCD_IP.yaml -> ./TaiWanGood/TaiWanGood_OCD_IP.mrs （临时 ./TaiWanGood/TaiWanGood_OCD_IP.mrs.tmp），之前 md5=3ae941e2c1937537ba5a07c4ac01521a
[2025-09-13 06:34:15] ℹ️ 转换结果与现有 .mrs 相同，未更新：./TaiWanGood/TaiWanGood_OCD_IP.mrs (md5 3ae941e2c1937537ba5a07c4ac01521a)
[2025-09-13 06:34:15] 转换无变化，已删除 per-log：./TaiWanGood/TaiWanGood_OCD_IP.mrs.log
[2025-09-13 06:34:15] 开始转换：./51nod/51nod_OCD_Domain.yaml -> ./51nod/51nod_OCD_Domain.mrs （临时 ./51nod/51nod_OCD_Domain.mrs.tmp），之前 md5=bb602ce4e8ad1d9a45b50a3b76b8653c
[2025-09-13 06:34:15] ℹ️ 转换结果与现有 .mrs 相同，未更新：./51nod/51nod_OCD_Domain.mrs (md5 bb602ce4e8ad1d9a45b50a3b76b8653c)
[2025-09-13 06:34:15] 转换无变化，已删除 per-log：./51nod/51nod_OCD_Domain.mrs.log
[2025-09-13 06:34:15] 开始转换：./51nod/51nod_OCD_IP.yaml -> ./51nod/51nod_OCD_IP.mrs （临时 ./51nod/51nod_OCD_IP.mrs.tmp），之前 md5=3ae941e2c1937537ba5a07c4ac01521a
[2025-09-13 06:34:15] ℹ️ 转换结果与现有 .mrs 相同，未更新：./51nod/51nod_OCD_IP.mrs (md5 3ae941e2c1937537ba5a07c4ac01521a)
[2025-09-13 06:34:15] 转换无变化，已删除 per-log：./51nod/51nod_OCD_IP.mrs.log
[2025-09-13 06:34:15] 开始转换：./Pinterest/Pinterest_OCD_IP.yaml -> ./Pinterest/Pinterest_OCD_IP.mrs （临时 ./Pinterest/Pinterest_OCD_IP.mrs.tmp），之前 md5=3ae941e2c1937537ba5a07c4ac01521a
[2025-09-13 06:34:15] ℹ️ 转换结果与现有 .mrs 相同，未更新：./Pinterest/Pinterest_OCD_IP.mrs (md5 3ae941e2c1937537ba5a07c4ac01521a)
[2025-09-13 06:34:15] 转换无变化，已删除 per-log：./Pinterest/Pinterest_OCD_IP.mrs.log
[2025-09-13 06:34:15] 开始转换：./Pinterest/Pinterest_OCD_Domain.yaml -> ./Pinterest/Pinterest_OCD_Domain.mrs （临时 ./Pinterest/Pinterest_OCD_Domain.mrs.tmp），之前 md5=178187e3956aa9e6d3e3bde38207ffca
[2025-09-13 06:34:15] ℹ️ 转换结果与现有 .mrs 相同，未更新：./Pinterest/Pinterest_OCD_Domain.mrs (md5 178187e3956aa9e6d3e3bde38207ffca)
[2025-09-13 06:34:15] 转换无变化，已删除 per-log：./Pinterest/Pinterest_OCD_Domain.mrs.log
[2025-09-13 06:34:15] 开始转换：./Anaconda/Anaconda_OCD_Domain.yaml -> ./Anaconda/Anaconda_OCD_Domain.mrs （临时 ./Anaconda/Anaconda_OCD_Domain.mrs.tmp），之前 md5=458c0bbc98ef20e38ca891ca0f0658ed
[2025-09-13 06:34:15] ℹ️ 转换结果与现有 .mrs 相同，未更新：./Anaconda/Anaconda_OCD_Domain.mrs (md5 458c0bbc98ef20e38ca891ca0f0658ed)
[2025-09-13 06:34:15] 转换无变化，已删除 per-log：./Anaconda/Anaconda_OCD_Domain.mrs.log
[2025-09-13 06:34:15] 开始转换：./Anaconda/Anaconda_OCD_IP.yaml -> ./Anaconda/Anaconda_OCD_IP.mrs （临时 ./Anaconda/Anaconda_OCD_IP.mrs.tmp），之前 md5=3ae941e2c1937537ba5a07c4ac01521a
[2025-09-13 06:34:15] ℹ️ 转换结果与现有 .mrs 相同，未更新：./Anaconda/Anaconda_OCD_IP.mrs (md5 3ae941e2c1937537ba5a07c4ac01521a)
[2025-09-13 06:34:15] 转换无变化，已删除 per-log：./Anaconda/Anaconda_OCD_IP.mrs.log
[2025-09-13 06:34:15] 开始转换：./IKEA/IKEA_OCD_IP.yaml -> ./IKEA/IKEA_OCD_IP.mrs （临时 ./IKEA/IKEA_OCD_IP.mrs.tmp），之前 md5=3ae941e2c1937537ba5a07c4ac01521a
[2025-09-13 06:34:15] ℹ️ 转换结果与现有 .mrs 相同，未更新：./IKEA/IKEA_OCD_IP.mrs (md5 3ae941e2c1937537ba5a07c4ac01521a)
[2025-09-13 06:34:15] 转换无变化，已删除 per-log：./IKEA/IKEA_OCD_IP.mrs.log
[2025-09-13 06:34:15] 开始转换：./IKEA/IKEA_OCD_Domain.yaml -> ./IKEA/IKEA_OCD_Domain.mrs （临时 ./IKEA/IKEA_OCD_Domain.mrs.tmp），之前 md5=ca5aee573ebc2af2faa44e112040c2d5
[2025-09-13 06:34:15] ℹ️ 转换结果与现有 .mrs 相同，未更新：./IKEA/IKEA_OCD_Domain.mrs (md5 ca5aee573ebc2af2faa44e112040c2d5)
[2025-09-13 06:34:15] 转换无变化，已删除 per-log：./IKEA/IKEA_OCD_Domain.mrs.log
[2025-09-13 06:34:15] 开始转换：./Global/Global_OCD_IP.yaml -> ./Global/Global_OCD_IP.mrs （临时 ./Global/Global_OCD_IP.mrs.tmp），之前 md5=da5948b3ea224addfd5682436b18e3f4
[2025-09-13 06:34:15] ℹ️ 转换结果与现有 .mrs 相同，未更新：./Global/Global_OCD_IP.mrs (md5 da5948b3ea224addfd5682436b18e3f4)
[2025-09-13 06:34:15] 转换无变化，已删除 per-log：./Global/Global_OCD_IP.mrs.log
[2025-09-13 06:34:15] 开始转换：./Global/Global_OCD_Domain.yaml -> ./Global/Global_OCD_Domain.mrs （临时 ./Global/Global_OCD_Domain.mrs.tmp），之前 md5=d09b1b2b1b7f079548a2a1a700e3304a
[2025-09-13 06:34:15] ℹ️ 转换结果与现有 .mrs 相同，未更新：./Global/Global_OCD_Domain.mrs (md5 d09b1b2b1b7f079548a2a1a700e3304a)
[2025-09-13 06:34:15] 转换无变化，已删除 per-log：./Global/Global_OCD_Domain.mrs.log
[2025-09-13 06:34:15] 开始转换：./ShenMa/ShenMa_OCD_IP.yaml -> ./ShenMa/ShenMa_OCD_IP.mrs （临时 ./ShenMa/ShenMa_OCD_IP.mrs.tmp），之前 md5=3ae941e2c1937537ba5a07c4ac01521a
[2025-09-13 06:34:15] ℹ️ 转换结果与现有 .mrs 相同，未更新：./ShenMa/ShenMa_OCD_IP.mrs (md5 3ae941e2c1937537ba5a07c4ac01521a)
[2025-09-13 06:34:15] 转换无变化，已删除 per-log：./ShenMa/ShenMa_OCD_IP.mrs.log
[2025-09-13 06:34:15] 开始转换：./ShenMa/ShenMa_OCD_Domain.yaml -> ./ShenMa/ShenMa_OCD_Domain.mrs （临时 ./ShenMa/ShenMa_OCD_Domain.mrs.tmp），之前 md5=da6fea32b957f36deb460ab9b1ef2d28
[2025-09-13 06:34:15] ℹ️ 转换结果与现有 .mrs 相同，未更新：./ShenMa/ShenMa_OCD_Domain.mrs (md5 da6fea32b957f36deb460ab9b1ef2d28)
[2025-09-13 06:34:15] 转换无变化，已删除 per-log：./ShenMa/ShenMa_OCD_Domain.mrs.log
[2025-09-13 06:34:15] 开始转换：./Apple/Apple_OCD_IP.yaml -> ./Apple/Apple_OCD_IP.mrs （临时 ./Apple/Apple_OCD_IP.mrs.tmp），之前 md5=8178e5ed08b54f9ed874e8c2f591cb13
[2025-09-13 06:34:15] ℹ️ 转换结果与现有 .mrs 相同，未更新：./Apple/Apple_OCD_IP.mrs (md5 8178e5ed08b54f9ed874e8c2f591cb13)
[2025-09-13 06:34:15] 转换无变化，已删除 per-log：./Apple/Apple_OCD_IP.mrs.log
[2025-09-13 06:34:15] 开始转换：./Apple/Apple_OCD_Domain.yaml -> ./Apple/Apple_OCD_Domain.mrs （临时 ./Apple/Apple_OCD_Domain.mrs.tmp），之前 md5=38223641fa490f69b5ac3e31844c682d
[2025-09-13 06:34:15] ℹ️ 转换结果与现有 .mrs 相同，未更新：./Apple/Apple_OCD_Domain.mrs (md5 38223641fa490f69b5ac3e31844c682d)
[2025-09-13 06:34:15] 转换无变化，已删除 per-log：./Apple/Apple_OCD_Domain.mrs.log
[2025-09-13 06:34:15] 开始转换：./STUN/STUN_OCD_IP.yaml -> ./STUN/STUN_OCD_IP.mrs （临时 ./STUN/STUN_OCD_IP.mrs.tmp），之前 md5=ed2e6f01728400ea6c0dc8f0ba060295
[2025-09-13 06:34:15] ℹ️ 转换结果与现有 .mrs 相同，未更新：./STUN/STUN_OCD_IP.mrs (md5 ed2e6f01728400ea6c0dc8f0ba060295)
[2025-09-13 06:34:15] 转换无变化，已删除 per-log：./STUN/STUN_OCD_IP.mrs.log
[2025-09-13 06:34:15] 开始转换：./STUN/STUN_OCD_Domain.yaml -> ./STUN/STUN_OCD_Domain.mrs （临时 ./STUN/STUN_OCD_Domain.mrs.tmp），之前 md5=11d45cbab048bb625ef5b3a906f60a13
[2025-09-13 06:34:16] ℹ️ 转换结果与现有 .mrs 相同，未更新：./STUN/STUN_OCD_Domain.mrs (md5 11d45cbab048bb625ef5b3a906f60a13)
[2025-09-13 06:34:16] 转换无变化，已删除 per-log：./STUN/STUN_OCD_Domain.mrs.log
[2025-09-13 06:34:16] 开始转换：./EastMoney/EastMoney_OCD_Domain.yaml -> ./EastMoney/EastMoney_OCD_Domain.mrs （临时 ./EastMoney/EastMoney_OCD_Domain.mrs.tmp），之前 md5=9a3288c02eb76e6aa798b3a049c7a988
[2025-09-13 06:34:16] ℹ️ 转换结果与现有 .mrs 相同，未更新：./EastMoney/EastMoney_OCD_Domain.mrs (md5 9a3288c02eb76e6aa798b3a049c7a988)
[2025-09-13 06:34:16] 转换无变化，已删除 per-log：./EastMoney/EastMoney_OCD_Domain.mrs.log
[2025-09-13 06:34:16] 开始转换：./EastMoney/EastMoney_OCD_IP.yaml -> ./EastMoney/EastMoney_OCD_IP.mrs （临时 ./EastMoney/EastMoney_OCD_IP.mrs.tmp），之前 md5=3ae941e2c1937537ba5a07c4ac01521a
[2025-09-13 06:34:16] ℹ️ 转换结果与现有 .mrs 相同，未更新：./EastMoney/EastMoney_OCD_IP.mrs (md5 3ae941e2c1937537ba5a07c4ac01521a)
[2025-09-13 06:34:16] 转换无变化，已删除 per-log：./EastMoney/EastMoney_OCD_IP.mrs.log
[2025-09-13 06:34:16] 开始转换：./IPTVOther/IPTVOther_OCD_Domain.yaml -> ./IPTVOther/IPTVOther_OCD_Domain.mrs （临时 ./IPTVOther/IPTVOther_OCD_Domain.mrs.tmp），之前 md5=85933540a353a64f03c17e8da946d2de
[2025-09-13 06:34:16] ℹ️ 转换结果与现有 .mrs 相同，未更新：./IPTVOther/IPTVOther_OCD_Domain.mrs (md5 85933540a353a64f03c17e8da946d2de)
[2025-09-13 06:34:16] 转换无变化，已删除 per-log：./IPTVOther/IPTVOther_OCD_Domain.mrs.log
[2025-09-13 06:34:16] 开始转换：./IPTVOther/IPTVOther_OCD_IP.yaml -> ./IPTVOther/IPTVOther_OCD_IP.mrs （临时 ./IPTVOther/IPTVOther_OCD_IP.mrs.tmp），之前 md5=0be1ed3f42103604b772e11e1c9fffb7
[2025-09-13 06:34:16] ℹ️ 转换结果与现有 .mrs 相同，未更新：./IPTVOther/IPTVOther_OCD_IP.mrs (md5 0be1ed3f42103604b772e11e1c9fffb7)
[2025-09-13 06:34:16] 转换无变化，已删除 per-log：./IPTVOther/IPTVOther_OCD_IP.mrs.log
[2025-09-13 06:34:16] 开始转换：./Zoho/Zoho_OCD_Domain.yaml -> ./Zoho/Zoho_OCD_Domain.mrs （临时 ./Zoho/Zoho_OCD_Domain.mrs.tmp），之前 md5=089990021ebd4913daae7b86395d7f1d
[2025-09-13 06:34:16] ℹ️ 转换结果与现有 .mrs 相同，未更新：./Zoho/Zoho_OCD_Domain.mrs (md5 089990021ebd4913daae7b86395d7f1d)
[2025-09-13 06:34:16] 转换无变化，已删除 per-log：./Zoho/Zoho_OCD_Domain.mrs.log
[2025-09-13 06:34:16] 开始转换：./Zoho/Zoho_OCD_IP.yaml -> ./Zoho/Zoho_OCD_IP.mrs （临时 ./Zoho/Zoho_OCD_IP.mrs.tmp），之前 md5=3ae941e2c1937537ba5a07c4ac01521a
[2025-09-13 06:34:16] ℹ️ 转换结果与现有 .mrs 相同，未更新：./Zoho/Zoho_OCD_IP.mrs (md5 3ae941e2c1937537ba5a07c4ac01521a)
[2025-09-13 06:34:16] 转换无变化，已删除 per-log：./Zoho/Zoho_OCD_IP.mrs.log
[2025-09-13 06:34:16] 开始转换：./Bahamut/Bahamut_OCD_IP.yaml -> ./Bahamut/Bahamut_OCD_IP.mrs （临时 ./Bahamut/Bahamut_OCD_IP.mrs.tmp），之前 md5=3ae941e2c1937537ba5a07c4ac01521a
[2025-09-13 06:34:16] ℹ️ 转换结果与现有 .mrs 相同，未更新：./Bahamut/Bahamut_OCD_IP.mrs (md5 3ae941e2c1937537ba5a07c4ac01521a)
[2025-09-13 06:34:16] 转换无变化，已删除 per-log：./Bahamut/Bahamut_OCD_IP.mrs.log
[2025-09-13 06:34:16] 开始转换：./Bahamut/Bahamut_OCD_Domain.yaml -> ./Bahamut/Bahamut_OCD_Domain.mrs （临时 ./Bahamut/Bahamut_OCD_Domain.mrs.tmp），之前 md5=ddc1956fd4825da2ae890c3a01909694
[2025-09-13 06:34:16] ℹ️ 转换结果与现有 .mrs 相同，未更新：./Bahamut/Bahamut_OCD_Domain.mrs (md5 ddc1956fd4825da2ae890c3a01909694)
[2025-09-13 06:34:16] 转换无变化，已删除 per-log：./Bahamut/Bahamut_OCD_Domain.mrs.log
[2025-09-13 06:34:16] 开始转换：./AppleDev/AppleDev_OCD_IP.yaml -> ./AppleDev/AppleDev_OCD_IP.mrs （临时 ./AppleDev/AppleDev_OCD_IP.mrs.tmp），之前 md5=3ae941e2c1937537ba5a07c4ac01521a
[2025-09-13 06:34:16] ℹ️ 转换结果与现有 .mrs 相同，未更新：./AppleDev/AppleDev_OCD_IP.mrs (md5 3ae941e2c1937537ba5a07c4ac01521a)
[2025-09-13 06:34:16] 转换无变化，已删除 per-log：./AppleDev/AppleDev_OCD_IP.mrs.log
[2025-09-13 06:34:16] 开始转换：./AppleDev/AppleDev_OCD_Domain.yaml -> ./AppleDev/AppleDev_OCD_Domain.mrs （临时 ./AppleDev/AppleDev_OCD_Domain.mrs.tmp），之前 md5=479bea6620de81e2c9f5314533b47a40
[2025-09-13 06:34:16] ℹ️ 转换结果与现有 .mrs 相同，未更新：./AppleDev/AppleDev_OCD_Domain.mrs (md5 479bea6620de81e2c9f5314533b47a40)
[2025-09-13 06:34:16] 转换无变化，已删除 per-log：./AppleDev/AppleDev_OCD_Domain.mrs.log
[2025-09-13 06:34:16] 开始转换：./Maocloud/Maocloud_OCD_Domain.yaml -> ./Maocloud/Maocloud_OCD_Domain.mrs （临时 ./Maocloud/Maocloud_OCD_Domain.mrs.tmp），之前 md5=28ba25214b1ec5cf56e6158a97add9d1
[2025-09-13 06:34:16] ℹ️ 转换结果与现有 .mrs 相同，未更新：./Maocloud/Maocloud_OCD_Domain.mrs (md5 28ba25214b1ec5cf56e6158a97add9d1)
[2025-09-13 06:34:16] 转换无变化，已删除 per-log：./Maocloud/Maocloud_OCD_Domain.mrs.log
[2025-09-13 06:34:16] 开始转换：./Maocloud/Maocloud_OCD_IP.yaml -> ./Maocloud/Maocloud_OCD_IP.mrs （临时 ./Maocloud/Maocloud_OCD_IP.mrs.tmp），之前 md5=3ae941e2c1937537ba5a07c4ac01521a
[2025-09-13 06:34:16] ℹ️ 转换结果与现有 .mrs 相同，未更新：./Maocloud/Maocloud_OCD_IP.mrs (md5 3ae941e2c1937537ba5a07c4ac01521a)
[2025-09-13 06:34:16] 转换无变化，已删除 per-log：./Maocloud/Maocloud_OCD_IP.mrs.log
[2025-09-13 06:34:16] 开始转换：./JianShu/JianShu_OCD_IP.yaml -> ./JianShu/JianShu_OCD_IP.mrs （临时 ./JianShu/JianShu_OCD_IP.mrs.tmp），之前 md5=3ae941e2c1937537ba5a07c4ac01521a
[2025-09-13 06:34:16] ℹ️ 转换结果与现有 .mrs 相同，未更新：./JianShu/JianShu_OCD_IP.mrs (md5 3ae941e2c1937537ba5a07c4ac01521a)
[2025-09-13 06:34:16] 转换无变化，已删除 per-log：./JianShu/JianShu_OCD_IP.mrs.log
[2025-09-13 06:34:16] 开始转换：./JianShu/JianShu_OCD_Domain.yaml -> ./JianShu/JianShu_OCD_Domain.mrs （临时 ./JianShu/JianShu_OCD_Domain.mrs.tmp），之前 md5=9bea6bd83ceb61dd7bdf37ab5b01fab8
[2025-09-13 06:34:16] ℹ️ 转换结果与现有 .mrs 相同，未更新：./JianShu/JianShu_OCD_Domain.mrs (md5 9bea6bd83ceb61dd7bdf37ab5b01fab8)
[2025-09-13 06:34:16] 转换无变化，已删除 per-log：./JianShu/JianShu_OCD_Domain.mrs.log
[2025-09-13 06:34:16] 开始转换：./VidolTV/VidolTV_OCD_IP.yaml -> ./VidolTV/VidolTV_OCD_IP.mrs （临时 ./VidolTV/VidolTV_OCD_IP.mrs.tmp），之前 md5=3ae941e2c1937537ba5a07c4ac01521a
[2025-09-13 06:34:16] ℹ️ 转换结果与现有 .mrs 相同，未更新：./VidolTV/VidolTV_OCD_IP.mrs (md5 3ae941e2c1937537ba5a07c4ac01521a)
[2025-09-13 06:34:16] 转换无变化，已删除 per-log：./VidolTV/VidolTV_OCD_IP.mrs.log
[2025-09-13 06:34:16] 开始转换：./VidolTV/VidolTV_OCD_Domain.yaml -> ./VidolTV/VidolTV_OCD_Domain.mrs （临时 ./VidolTV/VidolTV_OCD_Domain.mrs.tmp），之前 md5=a19d3024f7b5cf98c30e4d3668f11251
[2025-09-13 06:34:16] ℹ️ 转换结果与现有 .mrs 相同，未更新：./VidolTV/VidolTV_OCD_Domain.mrs (md5 a19d3024f7b5cf98c30e4d3668f11251)
[2025-09-13 06:34:16] 转换无变化，已删除 per-log：./VidolTV/VidolTV_OCD_Domain.mrs.log
[2025-09-13 06:34:16] 开始转换：./BaiDuTieBa/BaiDuTieBa_OCD_IP.yaml -> ./BaiDuTieBa/BaiDuTieBa_OCD_IP.mrs （临时 ./BaiDuTieBa/BaiDuTieBa_OCD_IP.mrs.tmp），之前 md5=3ae941e2c1937537ba5a07c4ac01521a
[2025-09-13 06:34:16] ℹ️ 转换结果与现有 .mrs 相同，未更新：./BaiDuTieBa/BaiDuTieBa_OCD_IP.mrs (md5 3ae941e2c1937537ba5a07c4ac01521a)
[2025-09-13 06:34:16] 转换无变化，已删除 per-log：./BaiDuTieBa/BaiDuTieBa_OCD_IP.mrs.log
[2025-09-13 06:34:16] 开始转换：./BaiDuTieBa/BaiDuTieBa_OCD_Domain.yaml -> ./BaiDuTieBa/BaiDuTieBa_OCD_Domain.mrs （临时 ./BaiDuTieBa/BaiDuTieBa_OCD_Domain.mrs.tmp），之前 md5=0014b27b1bd3cd90d2190b7627e8db9e
[2025-09-13 06:34:16] ℹ️ 转换结果与现有 .mrs 相同，未更新：./BaiDuTieBa/BaiDuTieBa_OCD_Domain.mrs (md5 0014b27b1bd3cd90d2190b7627e8db9e)
[2025-09-13 06:34:16] 转换无变化，已删除 per-log：./BaiDuTieBa/BaiDuTieBa_OCD_Domain.mrs.log
[2025-09-13 06:34:16] 开始转换：./WeiZhiYunDong/WeiZhiYunDong_OCD_Domain.yaml -> ./WeiZhiYunDong/WeiZhiYunDong_OCD_Domain.mrs （临时 ./WeiZhiYunDong/WeiZhiYunDong_OCD_Domain.mrs.tmp），之前 md5=202c4248d3092c31654107152560e2bd
[2025-09-13 06:34:16] ℹ️ 转换结果与现有 .mrs 相同，未更新：./WeiZhiYunDong/WeiZhiYunDong_OCD_Domain.mrs (md5 202c4248d3092c31654107152560e2bd)
[2025-09-13 06:34:16] 转换无变化，已删除 per-log：./WeiZhiYunDong/WeiZhiYunDong_OCD_Domain.mrs.log
[2025-09-13 06:34:16] 开始转换：./WeiZhiYunDong/WeiZhiYunDong_OCD_IP.yaml -> ./WeiZhiYunDong/WeiZhiYunDong_OCD_IP.mrs （临时 ./WeiZhiYunDong/WeiZhiYunDong_OCD_IP.mrs.tmp），之前 md5=3ae941e2c1937537ba5a07c4ac01521a
[2025-09-13 06:34:16] ℹ️ 转换结果与现有 .mrs 相同，未更新：./WeiZhiYunDong/WeiZhiYunDong_OCD_IP.mrs (md5 3ae941e2c1937537ba5a07c4ac01521a)
[2025-09-13 06:34:16] 转换无变化，已删除 per-log：./WeiZhiYunDong/WeiZhiYunDong_OCD_IP.mrs.log
[2025-09-13 06:34:16] 开始转换：./LvMiLianChuang/LvMiLianChuang_OCD_Domain.yaml -> ./LvMiLianChuang/LvMiLianChuang_OCD_Domain.mrs （临时 ./LvMiLianChuang/LvMiLianChuang_OCD_Domain.mrs.tmp），之前 md5=fae762b3993ed9806d9ca51a58731887
[2025-09-13 06:34:16] ℹ️ 转换结果与现有 .mrs 相同，未更新：./LvMiLianChuang/LvMiLianChuang_OCD_Domain.mrs (md5 fae762b3993ed9806d9ca51a58731887)
[2025-09-13 06:34:16] 转换无变化，已删除 per-log：./LvMiLianChuang/LvMiLianChuang_OCD_Domain.mrs.log
[2025-09-13 06:34:16] 开始转换：./LvMiLianChuang/LvMiLianChuang_OCD_IP.yaml -> ./LvMiLianChuang/LvMiLianChuang_OCD_IP.mrs （临时 ./LvMiLianChuang/LvMiLianChuang_OCD_IP.mrs.tmp），之前 md5=3ae941e2c1937537ba5a07c4ac01521a
[2025-09-13 06:34:16] ℹ️ 转换结果与现有 .mrs 相同，未更新：./LvMiLianChuang/LvMiLianChuang_OCD_IP.mrs (md5 3ae941e2c1937537ba5a07c4ac01521a)
[2025-09-13 06:34:16] 转换无变化，已删除 per-log：./LvMiLianChuang/LvMiLianChuang_OCD_IP.mrs.log
[2025-09-13 06:34:16] 开始转换：./WanKaHuanJu/WanKaHuanJu_OCD_IP.yaml -> ./WanKaHuanJu/WanKaHuanJu_OCD_IP.mrs （临时 ./WanKaHuanJu/WanKaHuanJu_OCD_IP.mrs.tmp），之前 md5=3ae941e2c1937537ba5a07c4ac01521a
[2025-09-13 06:34:16] ℹ️ 转换结果与现有 .mrs 相同，未更新：./WanKaHuanJu/WanKaHuanJu_OCD_IP.mrs (md5 3ae941e2c1937537ba5a07c4ac01521a)
[2025-09-13 06:34:16] 转换无变化，已删除 per-log：./WanKaHuanJu/WanKaHuanJu_OCD_IP.mrs.log
[2025-09-13 06:34:16] 开始转换：./WanKaHuanJu/WanKaHuanJu_OCD_Domain.yaml -> ./WanKaHuanJu/WanKaHuanJu_OCD_Domain.mrs （临时 ./WanKaHuanJu/WanKaHuanJu_OCD_Domain.mrs.tmp），之前 md5=76ce84a8c65f8e2a638c65f70faa7b01
[2025-09-13 06:34:16] ℹ️ 转换结果与现有 .mrs 相同，未更新：./WanKaHuanJu/WanKaHuanJu_OCD_Domain.mrs (md5 76ce84a8c65f8e2a638c65f70faa7b01)
[2025-09-13 06:34:16] 转换无变化，已删除 per-log：./WanKaHuanJu/WanKaHuanJu_OCD_Domain.mrs.log
[2025-09-13 06:34:16] 开始转换：./Xbox/Xbox_OCD_Domain.yaml -> ./Xbox/Xbox_OCD_Domain.mrs （临时 ./Xbox/Xbox_OCD_Domain.mrs.tmp），之前 md5=2dac4612d74cf88f42045e46adb61c88
[2025-09-13 06:34:16] ℹ️ 转换结果与现有 .mrs 相同，未更新：./Xbox/Xbox_OCD_Domain.mrs (md5 2dac4612d74cf88f42045e46adb61c88)
[2025-09-13 06:34:16] 转换无变化，已删除 per-log：./Xbox/Xbox_OCD_Domain.mrs.log
[2025-09-13 06:34:16] 开始转换：./Xbox/Xbox_OCD_IP.yaml -> ./Xbox/Xbox_OCD_IP.mrs （临时 ./Xbox/Xbox_OCD_IP.mrs.tmp），之前 md5=3ae941e2c1937537ba5a07c4ac01521a
[2025-09-13 06:34:16] ℹ️ 转换结果与现有 .mrs 相同，未更新：./Xbox/Xbox_OCD_IP.mrs (md5 3ae941e2c1937537ba5a07c4ac01521a)
[2025-09-13 06:34:16] 转换无变化，已删除 per-log：./Xbox/Xbox_OCD_IP.mrs.log
[2025-09-13 06:34:16] 开始转换：./CNNIC/CNNIC_OCD_IP.yaml -> ./CNNIC/CNNIC_OCD_IP.mrs （临时 ./CNNIC/CNNIC_OCD_IP.mrs.tmp），之前 md5=3ae941e2c1937537ba5a07c4ac01521a
[2025-09-13 06:34:16] ℹ️ 转换结果与现有 .mrs 相同，未更新：./CNNIC/CNNIC_OCD_IP.mrs (md5 3ae941e2c1937537ba5a07c4ac01521a)
[2025-09-13 06:34:16] 转换无变化，已删除 per-log：./CNNIC/CNNIC_OCD_IP.mrs.log
[2025-09-13 06:34:16] 开始转换：./CNNIC/CNNIC_OCD_Domain.yaml -> ./CNNIC/CNNIC_OCD_Domain.mrs （临时 ./CNNIC/CNNIC_OCD_Domain.mrs.tmp），之前 md5=670089e09595e0b1870fff75332d0b95
[2025-09-13 06:34:16] ℹ️ 转换结果与现有 .mrs 相同，未更新：./CNNIC/CNNIC_OCD_Domain.mrs (md5 670089e09595e0b1870fff75332d0b95)
[2025-09-13 06:34:16] 转换无变化，已删除 per-log：./CNNIC/CNNIC_OCD_Domain.mrs.log
[2025-09-13 06:34:16] 开始转换：./4Paradigm/4Paradigm_OCD_IP.yaml -> ./4Paradigm/4Paradigm_OCD_IP.mrs （临时 ./4Paradigm/4Paradigm_OCD_IP.mrs.tmp），之前 md5=3ae941e2c1937537ba5a07c4ac01521a
[2025-09-13 06:34:16] ℹ️ 转换结果与现有 .mrs 相同，未更新：./4Paradigm/4Paradigm_OCD_IP.mrs (md5 3ae941e2c1937537ba5a07c4ac01521a)
[2025-09-13 06:34:16] 转换无变化，已删除 per-log：./4Paradigm/4Paradigm_OCD_IP.mrs.log
[2025-09-13 06:34:16] 开始转换：./4Paradigm/4Paradigm_OCD_Domain.yaml -> ./4Paradigm/4Paradigm_OCD_Domain.mrs （临时 ./4Paradigm/4Paradigm_OCD_Domain.mrs.tmp），之前 md5=2be1bba24e43ef8660a812521a8d6a5f
[2025-09-13 06:34:16] ℹ️ 转换结果与现有 .mrs 相同，未更新：./4Paradigm/4Paradigm_OCD_Domain.mrs (md5 2be1bba24e43ef8660a812521a8d6a5f)
[2025-09-13 06:34:16] 转换无变化，已删除 per-log：./4Paradigm/4Paradigm_OCD_Domain.mrs.log
[2025-09-13 06:34:16] 开始转换：./AirWick/AirWick_OCD_IP.yaml -> ./AirWick/AirWick_OCD_IP.mrs （临时 ./AirWick/AirWick_OCD_IP.mrs.tmp），之前 md5=3ae941e2c1937537ba5a07c4ac01521a
[2025-09-13 06:34:16] ℹ️ 转换结果与现有 .mrs 相同，未更新：./AirWick/AirWick_OCD_IP.mrs (md5 3ae941e2c1937537ba5a07c4ac01521a)
[2025-09-13 06:34:16] 转换无变化，已删除 per-log：./AirWick/AirWick_OCD_IP.mrs.log
[2025-09-13 06:34:16] 开始转换：./AirWick/AirWick_OCD_Domain.yaml -> ./AirWick/AirWick_OCD_Domain.mrs （临时 ./AirWick/AirWick_OCD_Domain.mrs.tmp），之前 md5=be7a8ff8fc04fad719a7104718449e9c
[2025-09-13 06:34:16] ℹ️ 转换结果与现有 .mrs 相同，未更新：./AirWick/AirWick_OCD_Domain.mrs (md5 be7a8ff8fc04fad719a7104718449e9c)
[2025-09-13 06:34:16] 转换无变化，已删除 per-log：./AirWick/AirWick_OCD_Domain.mrs.log
[2025-09-13 06:34:16] 开始转换：./CyberTrust/CyberTrust_OCD_IP.yaml -> ./CyberTrust/CyberTrust_OCD_IP.mrs （临时 ./CyberTrust/CyberTrust_OCD_IP.mrs.tmp），之前 md5=3ae941e2c1937537ba5a07c4ac01521a
[2025-09-13 06:34:17] ℹ️ 转换结果与现有 .mrs 相同，未更新：./CyberTrust/CyberTrust_OCD_IP.mrs (md5 3ae941e2c1937537ba5a07c4ac01521a)
[2025-09-13 06:34:17] 转换无变化，已删除 per-log：./CyberTrust/CyberTrust_OCD_IP.mrs.log
[2025-09-13 06:34:17] 开始转换：./CyberTrust/CyberTrust_OCD_Domain.yaml -> ./CyberTrust/CyberTrust_OCD_Domain.mrs （临时 ./CyberTrust/CyberTrust_OCD_Domain.mrs.tmp），之前 md5=8ffdf0c252f713f7e3ff4e24679f4a08
[2025-09-13 06:34:17] ℹ️ 转换结果与现有 .mrs 相同，未更新：./CyberTrust/CyberTrust_OCD_Domain.mrs (md5 8ffdf0c252f713f7e3ff4e24679f4a08)
[2025-09-13 06:34:17] 转换无变化，已删除 per-log：./CyberTrust/CyberTrust_OCD_Domain.mrs.log
[2025-09-13 06:34:17] 开始转换：./ChinaNoMedia/ChinaNoMedia_OCD_Domain.yaml -> ./ChinaNoMedia/ChinaNoMedia_OCD_Domain.mrs （临时 ./ChinaNoMedia/ChinaNoMedia_OCD_Domain.mrs.tmp），之前 md5=dcd83bb15d50ca0f35e7589ac83fb9c9
[2025-09-13 06:34:17] ℹ️ 转换结果与现有 .mrs 相同，未更新：./ChinaNoMedia/ChinaNoMedia_OCD_Domain.mrs (md5 dcd83bb15d50ca0f35e7589ac83fb9c9)
[2025-09-13 06:34:17] 转换无变化，已删除 per-log：./ChinaNoMedia/ChinaNoMedia_OCD_Domain.mrs.log
[2025-09-13 06:34:17] 开始转换：./ChinaNoMedia/ChinaNoMedia_OCD_IP.yaml -> ./ChinaNoMedia/ChinaNoMedia_OCD_IP.mrs （临时 ./ChinaNoMedia/ChinaNoMedia_OCD_IP.mrs.tmp），之前 md5=40abaa18d672d77f8b716747fd8fe05b
[2025-09-13 06:34:17] ℹ️ 转换结果与现有 .mrs 相同，未更新：./ChinaNoMedia/ChinaNoMedia_OCD_IP.mrs (md5 40abaa18d672d77f8b716747fd8fe05b)
[2025-09-13 06:34:17] 转换无变化，已删除 per-log：./ChinaNoMedia/ChinaNoMedia_OCD_IP.mrs.log
[2025-09-13 06:34:17] 开始转换：./56/56_OCD_Domain.yaml -> ./56/56_OCD_Domain.mrs （临时 ./56/56_OCD_Domain.mrs.tmp），之前 md5=46bd3f98c0a799cf8ad2c39d45cc1311
[2025-09-13 06:34:17] ℹ️ 转换结果与现有 .mrs 相同，未更新：./56/56_OCD_Domain.mrs (md5 46bd3f98c0a799cf8ad2c39d45cc1311)
[2025-09-13 06:34:17] 转换无变化，已删除 per-log：./56/56_OCD_Domain.mrs.log
[2025-09-13 06:34:17] 开始转换：./56/56_OCD_IP.yaml -> ./56/56_OCD_IP.mrs （临时 ./56/56_OCD_IP.mrs.tmp），之前 md5=3ae941e2c1937537ba5a07c4ac01521a
[2025-09-13 06:34:17] ℹ️ 转换结果与现有 .mrs 相同，未更新：./56/56_OCD_IP.mrs (md5 3ae941e2c1937537ba5a07c4ac01521a)
[2025-09-13 06:34:17] 转换无变化，已删除 per-log：./56/56_OCD_IP.mrs.log
[2025-09-13 06:34:17] 开始转换：./Rockstar/Rockstar_OCD_IP.yaml -> ./Rockstar/Rockstar_OCD_IP.mrs （临时 ./Rockstar/Rockstar_OCD_IP.mrs.tmp），之前 md5=3ae941e2c1937537ba5a07c4ac01521a
[2025-09-13 06:34:17] ℹ️ 转换结果与现有 .mrs 相同，未更新：./Rockstar/Rockstar_OCD_IP.mrs (md5 3ae941e2c1937537ba5a07c4ac01521a)
[2025-09-13 06:34:17] 转换无变化，已删除 per-log：./Rockstar/Rockstar_OCD_IP.mrs.log
[2025-09-13 06:34:17] 开始转换：./Rockstar/Rockstar_OCD_Domain.yaml -> ./Rockstar/Rockstar_OCD_Domain.mrs （临时 ./Rockstar/Rockstar_OCD_Domain.mrs.tmp），之前 md5=b3873d2de19b391dd4bdce3c4e85660e
[2025-09-13 06:34:17] ℹ️ 转换结果与现有 .mrs 相同，未更新：./Rockstar/Rockstar_OCD_Domain.mrs (md5 b3873d2de19b391dd4bdce3c4e85660e)
[2025-09-13 06:34:17] 转换无变化，已删除 per-log：./Rockstar/Rockstar_OCD_Domain.mrs.log
[2025-09-13 06:34:17] 开始转换：./LeTV/LeTV_OCD_Domain.yaml -> ./LeTV/LeTV_OCD_Domain.mrs （临时 ./LeTV/LeTV_OCD_Domain.mrs.tmp），之前 md5=a23e59cc82a5b257e3f1b00aec2dc429
[2025-09-13 06:34:17] ℹ️ 转换结果与现有 .mrs 相同，未更新：./LeTV/LeTV_OCD_Domain.mrs (md5 a23e59cc82a5b257e3f1b00aec2dc429)
[2025-09-13 06:34:17] 转换无变化，已删除 per-log：./LeTV/LeTV_OCD_Domain.mrs.log
[2025-09-13 06:34:17] 开始转换：./LeTV/LeTV_OCD_IP.yaml -> ./LeTV/LeTV_OCD_IP.mrs （临时 ./LeTV/LeTV_OCD_IP.mrs.tmp），之前 md5=3ae941e2c1937537ba5a07c4ac01521a
[2025-09-13 06:34:17] ℹ️ 转换结果与现有 .mrs 相同，未更新：./LeTV/LeTV_OCD_IP.mrs (md5 3ae941e2c1937537ba5a07c4ac01521a)
[2025-09-13 06:34:17] 转换无变化，已删除 per-log：./LeTV/LeTV_OCD_IP.mrs.log
[2025-09-13 06:34:17] 开始转换：./VipShop/VipShop_OCD_IP.yaml -> ./VipShop/VipShop_OCD_IP.mrs （临时 ./VipShop/VipShop_OCD_IP.mrs.tmp），之前 md5=3ae941e2c1937537ba5a07c4ac01521a
[2025-09-13 06:34:17] ℹ️ 转换结果与现有 .mrs 相同，未更新：./VipShop/VipShop_OCD_IP.mrs (md5 3ae941e2c1937537ba5a07c4ac01521a)
[2025-09-13 06:34:17] 转换无变化，已删除 per-log：./VipShop/VipShop_OCD_IP.mrs.log
[2025-09-13 06:34:17] 开始转换：./VipShop/VipShop_OCD_Domain.yaml -> ./VipShop/VipShop_OCD_Domain.mrs （临时 ./VipShop/VipShop_OCD_Domain.mrs.tmp），之前 md5=7e697ed65a373d298e194ca7e8cca296
[2025-09-13 06:34:17] ℹ️ 转换结果与现有 .mrs 相同，未更新：./VipShop/VipShop_OCD_Domain.mrs (md5 7e697ed65a373d298e194ca7e8cca296)
[2025-09-13 06:34:17] 转换无变化，已删除 per-log：./VipShop/VipShop_OCD_Domain.mrs.log
[2025-09-13 06:34:17] 开始转换：./iFlytek/iFlytek_OCD_Domain.yaml -> ./iFlytek/iFlytek_OCD_Domain.mrs （临时 ./iFlytek/iFlytek_OCD_Domain.mrs.tmp），之前 md5=dd84a3bd4f879065dc9977c5ca056c4e
[2025-09-13 06:34:17] ℹ️ 转换结果与现有 .mrs 相同，未更新：./iFlytek/iFlytek_OCD_Domain.mrs (md5 dd84a3bd4f879065dc9977c5ca056c4e)
[2025-09-13 06:34:17] 转换无变化，已删除 per-log：./iFlytek/iFlytek_OCD_Domain.mrs.log
[2025-09-13 06:34:17] 开始转换：./iFlytek/iFlytek_OCD_IP.yaml -> ./iFlytek/iFlytek_OCD_IP.mrs （临时 ./iFlytek/iFlytek_OCD_IP.mrs.tmp），之前 md5=3ae941e2c1937537ba5a07c4ac01521a
[2025-09-13 06:34:17] ℹ️ 转换结果与现有 .mrs 相同，未更新：./iFlytek/iFlytek_OCD_IP.mrs (md5 3ae941e2c1937537ba5a07c4ac01521a)
[2025-09-13 06:34:17] 转换无变化，已删除 per-log：./iFlytek/iFlytek_OCD_IP.mrs.log
[2025-09-13 06:34:17] 开始转换：./MeiZu/MeiZu_OCD_IP.yaml -> ./MeiZu/MeiZu_OCD_IP.mrs （临时 ./MeiZu/MeiZu_OCD_IP.mrs.tmp），之前 md5=3ae941e2c1937537ba5a07c4ac01521a
[2025-09-13 06:34:17] ℹ️ 转换结果与现有 .mrs 相同，未更新：./MeiZu/MeiZu_OCD_IP.mrs (md5 3ae941e2c1937537ba5a07c4ac01521a)
[2025-09-13 06:34:17] 转换无变化，已删除 per-log：./MeiZu/MeiZu_OCD_IP.mrs.log
[2025-09-13 06:34:17] 开始转换：./MeiZu/MeiZu_OCD_Domain.yaml -> ./MeiZu/MeiZu_OCD_Domain.mrs （临时 ./MeiZu/MeiZu_OCD_Domain.mrs.tmp），之前 md5=a7fbffde974c79b62ed1e64cd00f72cb
[2025-09-13 06:34:17] ℹ️ 转换结果与现有 .mrs 相同，未更新：./MeiZu/MeiZu_OCD_Domain.mrs (md5 a7fbffde974c79b62ed1e64cd00f72cb)
[2025-09-13 06:34:17] 转换无变化，已删除 per-log：./MeiZu/MeiZu_OCD_Domain.mrs.log
[2025-09-13 06:34:17] 开始转换：./Siri/Siri_OCD_Domain.yaml -> ./Siri/Siri_OCD_Domain.mrs （临时 ./Siri/Siri_OCD_Domain.mrs.tmp），之前 md5=801ad1345d64c7fc7b579db6617ac016
[2025-09-13 06:34:17] ℹ️ 转换结果与现有 .mrs 相同，未更新：./Siri/Siri_OCD_Domain.mrs (md5 801ad1345d64c7fc7b579db6617ac016)
[2025-09-13 06:34:17] 转换无变化，已删除 per-log：./Siri/Siri_OCD_Domain.mrs.log
[2025-09-13 06:34:17] 开始转换：./Siri/Siri_OCD_IP.yaml -> ./Siri/Siri_OCD_IP.mrs （临时 ./Siri/Siri_OCD_IP.mrs.tmp），之前 md5=3ae941e2c1937537ba5a07c4ac01521a
[2025-09-13 06:34:17] ℹ️ 转换结果与现有 .mrs 相同，未更新：./Siri/Siri_OCD_IP.mrs (md5 3ae941e2c1937537ba5a07c4ac01521a)
[2025-09-13 06:34:17] 转换无变化，已删除 per-log：./Siri/Siri_OCD_IP.mrs.log
[2025-09-13 06:34:17] 开始转换：./KouDaiShiShang/KouDaiShiShang_OCD_IP.yaml -> ./KouDaiShiShang/KouDaiShiShang_OCD_IP.mrs （临时 ./KouDaiShiShang/KouDaiShiShang_OCD_IP.mrs.tmp），之前 md5=3ae941e2c1937537ba5a07c4ac01521a
[2025-09-13 06:34:17] ℹ️ 转换结果与现有 .mrs 相同，未更新：./KouDaiShiShang/KouDaiShiShang_OCD_IP.mrs (md5 3ae941e2c1937537ba5a07c4ac01521a)
[2025-09-13 06:34:17] 转换无变化，已删除 per-log：./KouDaiShiShang/KouDaiShiShang_OCD_IP.mrs.log
[2025-09-13 06:34:17] 开始转换：./KouDaiShiShang/KouDaiShiShang_OCD_Domain.yaml -> ./KouDaiShiShang/KouDaiShiShang_OCD_Domain.mrs （临时 ./KouDaiShiShang/KouDaiShiShang_OCD_Domain.mrs.tmp），之前 md5=91dbfd5d487fa8ac36fe66688d9db542
[2025-09-13 06:34:17] ℹ️ 转换结果与现有 .mrs 相同，未更新：./KouDaiShiShang/KouDaiShiShang_OCD_Domain.mrs (md5 91dbfd5d487fa8ac36fe66688d9db542)
[2025-09-13 06:34:17] 转换无变化，已删除 per-log：./KouDaiShiShang/KouDaiShiShang_OCD_Domain.mrs.log
[2025-09-13 06:34:17] 开始转换：./MeWatch/MeWatch_OCD_IP.yaml -> ./MeWatch/MeWatch_OCD_IP.mrs （临时 ./MeWatch/MeWatch_OCD_IP.mrs.tmp），之前 md5=3ae941e2c1937537ba5a07c4ac01521a
[2025-09-13 06:34:17] ℹ️ 转换结果与现有 .mrs 相同，未更新：./MeWatch/MeWatch_OCD_IP.mrs (md5 3ae941e2c1937537ba5a07c4ac01521a)
[2025-09-13 06:34:17] 转换无变化，已删除 per-log：./MeWatch/MeWatch_OCD_IP.mrs.log
[2025-09-13 06:34:17] 开始转换：./MeWatch/MeWatch_OCD_Domain.yaml -> ./MeWatch/MeWatch_OCD_Domain.mrs （临时 ./MeWatch/MeWatch_OCD_Domain.mrs.tmp），之前 md5=18a85b3a2725d274f4db89832bb2df94
[2025-09-13 06:34:17] ℹ️ 转换结果与现有 .mrs 相同，未更新：./MeWatch/MeWatch_OCD_Domain.mrs (md5 18a85b3a2725d274f4db89832bb2df94)
[2025-09-13 06:34:17] 转换无变化，已删除 per-log：./MeWatch/MeWatch_OCD_Domain.mrs.log
[2025-09-13 06:34:17] 开始转换：./CaiNiao/CaiNiao_OCD_IP.yaml -> ./CaiNiao/CaiNiao_OCD_IP.mrs （临时 ./CaiNiao/CaiNiao_OCD_IP.mrs.tmp），之前 md5=3ae941e2c1937537ba5a07c4ac01521a
[2025-09-13 06:34:17] ℹ️ 转换结果与现有 .mrs 相同，未更新：./CaiNiao/CaiNiao_OCD_IP.mrs (md5 3ae941e2c1937537ba5a07c4ac01521a)
[2025-09-13 06:34:17] 转换无变化，已删除 per-log：./CaiNiao/CaiNiao_OCD_IP.mrs.log
[2025-09-13 06:34:17] 开始转换：./CaiNiao/CaiNiao_OCD_Domain.yaml -> ./CaiNiao/CaiNiao_OCD_Domain.mrs （临时 ./CaiNiao/CaiNiao_OCD_Domain.mrs.tmp），之前 md5=38e05808d7c5e9d2570f1d33a58583b6
[2025-09-13 06:34:17] ℹ️ 转换结果与现有 .mrs 相同，未更新：./CaiNiao/CaiNiao_OCD_Domain.mrs (md5 38e05808d7c5e9d2570f1d33a58583b6)
[2025-09-13 06:34:17] 转换无变化，已删除 per-log：./CaiNiao/CaiNiao_OCD_Domain.mrs.log
[2025-09-13 06:34:17] 开始转换：./iQIYIIntl/iQIYIIntl_OCD_IP.yaml -> ./iQIYIIntl/iQIYIIntl_OCD_IP.mrs （临时 ./iQIYIIntl/iQIYIIntl_OCD_IP.mrs.tmp），之前 md5=a005dc03c8da6009d76862d4d83356a4
[2025-09-13 06:34:17] ℹ️ 转换结果与现有 .mrs 相同，未更新：./iQIYIIntl/iQIYIIntl_OCD_IP.mrs (md5 a005dc03c8da6009d76862d4d83356a4)
[2025-09-13 06:34:17] 转换无变化，已删除 per-log：./iQIYIIntl/iQIYIIntl_OCD_IP.mrs.log
[2025-09-13 06:34:17] 开始转换：./iQIYIIntl/iQIYIIntl_OCD_Domain.yaml -> ./iQIYIIntl/iQIYIIntl_OCD_Domain.mrs （临时 ./iQIYIIntl/iQIYIIntl_OCD_Domain.mrs.tmp），之前 md5=e004451ef3bb80801abea63035d60486
[2025-09-13 06:34:17] ℹ️ 转换结果与现有 .mrs 相同，未更新：./iQIYIIntl/iQIYIIntl_OCD_Domain.mrs (md5 e004451ef3bb80801abea63035d60486)
[2025-09-13 06:34:17] 转换无变化，已删除 per-log：./iQIYIIntl/iQIYIIntl_OCD_Domain.mrs.log
[2025-09-13 06:34:17] 开始转换：./FlipBoard/FlipBoard_OCD_IP.yaml -> ./FlipBoard/FlipBoard_OCD_IP.mrs （临时 ./FlipBoard/FlipBoard_OCD_IP.mrs.tmp），之前 md5=3ae941e2c1937537ba5a07c4ac01521a
[2025-09-13 06:34:17] ℹ️ 转换结果与现有 .mrs 相同，未更新：./FlipBoard/FlipBoard_OCD_IP.mrs (md5 3ae941e2c1937537ba5a07c4ac01521a)
[2025-09-13 06:34:17] 转换无变化，已删除 per-log：./FlipBoard/FlipBoard_OCD_IP.mrs.log
[2025-09-13 06:34:17] 开始转换：./FlipBoard/FlipBoard_OCD_Domain.yaml -> ./FlipBoard/FlipBoard_OCD_Domain.mrs （临时 ./FlipBoard/FlipBoard_OCD_Domain.mrs.tmp），之前 md5=5f4940a975be1f821fcab1bd98355a66
[2025-09-13 06:34:17] ℹ️ 转换结果与现有 .mrs 相同，未更新：./FlipBoard/FlipBoard_OCD_Domain.mrs (md5 5f4940a975be1f821fcab1bd98355a66)
[2025-09-13 06:34:17] 转换无变化，已删除 per-log：./FlipBoard/FlipBoard_OCD_Domain.mrs.log
[2025-09-13 06:34:17] 开始转换：./12306/12306_OCD_Domain.yaml -> ./12306/12306_OCD_Domain.mrs （临时 ./12306/12306_OCD_Domain.mrs.tmp），之前 md5=e0df287173cfea843f1eb5150bfd382c
[2025-09-13 06:34:17] ℹ️ 转换结果与现有 .mrs 相同，未更新：./12306/12306_OCD_Domain.mrs (md5 e0df287173cfea843f1eb5150bfd382c)
[2025-09-13 06:34:17] 转换无变化，已删除 per-log：./12306/12306_OCD_Domain.mrs.log
[2025-09-13 06:34:17] 开始转换：./12306/12306_OCD_IP.yaml -> ./12306/12306_OCD_IP.mrs （临时 ./12306/12306_OCD_IP.mrs.tmp），之前 md5=3ae941e2c1937537ba5a07c4ac01521a
[2025-09-13 06:34:17] ℹ️ 转换结果与现有 .mrs 相同，未更新：./12306/12306_OCD_IP.mrs (md5 3ae941e2c1937537ba5a07c4ac01521a)
[2025-09-13 06:34:17] 转换无变化，已删除 per-log：./12306/12306_OCD_IP.mrs.log
[2025-09-13 06:34:17] 开始转换：./Assassin'sCreed/Assassin'sCreed-Origins/Assassin'sCreed-Origins_OCD_IP.yaml -> ./Assassin'sCreed/Assassin'sCreed-Origins/Assassin'sCreed-Origins_OCD_IP.mrs （临时 ./Assassin'sCreed/Assassin'sCreed-Origins/Assassin'sCreed-Origins_OCD_IP.mrs.tmp），之前 md5=49f7a081257bccba2067f3afeb0cabc6
[2025-09-13 06:34:17] ℹ️ 转换结果与现有 .mrs 相同，未更新：./Assassin'sCreed/Assassin'sCreed-Origins/Assassin'sCreed-Origins_OCD_IP.mrs (md5 49f7a081257bccba2067f3afeb0cabc6)
[2025-09-13 06:34:17] 转换无变化，已删除 per-log：./Assassin'sCreed/Assassin'sCreed-Origins/Assassin'sCreed-Origins_OCD_IP.mrs.log
[2025-09-13 06:34:17] 开始转换：./Assassin'sCreed/Assassin'sCreed-Origins/Assassin'sCreed-Origins_OCD_Domain.yaml -> ./Assassin'sCreed/Assassin'sCreed-Origins/Assassin'sCreed-Origins_OCD_Domain.mrs （临时 ./Assassin'sCreed/Assassin'sCreed-Origins/Assassin'sCreed-Origins_OCD_Domain.mrs.tmp），之前 md5=3b09ff0bd0293a12f4ddcfe99bd4d7b8
[2025-09-13 06:34:17] ✅ 转换并更新：./Assassin'sCreed/Assassin'sCreed-Origins/Assassin'sCreed-Origins_OCD_Domain.mrs （3b09ff0bd0293a12f4ddcfe99bd4d7b8 -> 017e43f277341d38bb8ae871a3770262）
[2025-09-13 06:34:17] 已删除成功转换产生的日志文件：./Assassin'sCreed/Assassin'sCreed-Origins/Assassin'sCreed-Origins_OCD_Domain.mrs.log
[2025-09-13 06:34:17] 开始转换：./Assassin'sCreed/Assassin'sCreed-Odyssey/Assassin'sCreed-Odyssey_OCD_IP.yaml -> ./Assassin'sCreed/Assassin'sCreed-Odyssey/Assassin'sCreed-Odyssey_OCD_IP.mrs （临时 ./Assassin'sCreed/Assassin'sCreed-Odyssey/Assassin'sCreed-Odyssey_OCD_IP.mrs.tmp），之前 md5=9a8e470f2e39d4d21dba7f1d39a3072c
[2025-09-13 06:34:17] ℹ️ 转换结果与现有 .mrs 相同，未更新：./Assassin'sCreed/Assassin'sCreed-Odyssey/Assassin'sCreed-Odyssey_OCD_IP.mrs (md5 9a8e470f2e39d4d21dba7f1d39a3072c)
[2025-09-13 06:34:17] 转换无变化，已删除 per-log：./Assassin'sCreed/Assassin'sCreed-Odyssey/Assassin'sCreed-Odyssey_OCD_IP.mrs.log
[2025-09-13 06:34:17] 开始转换：./Assassin'sCreed/Assassin'sCreed-Odyssey/Assassin'sCreed-Odyssey_OCD_Domain.yaml -> ./Assassin'sCreed/Assassin'sCreed-Odyssey/Assassin'sCreed-Odyssey_OCD_Domain.mrs （临时 ./Assassin'sCreed/Assassin'sCreed-Odyssey/Assassin'sCreed-Odyssey_OCD_Domain.mrs.tmp），之前 md5=3b09ff0bd0293a12f4ddcfe99bd4d7b8
[2025-09-13 06:34:17] ✅ 转换并更新：./Assassin'sCreed/Assassin'sCreed-Odyssey/Assassin'sCreed-Odyssey_OCD_Domain.mrs （3b09ff0bd0293a12f4ddcfe99bd4d7b8 -> 017e43f277341d38bb8ae871a3770262）
[2025-09-13 06:34:17] 已删除成功转换产生的日志文件：./Assassin'sCreed/Assassin'sCreed-Odyssey/Assassin'sCreed-Odyssey_OCD_Domain.mrs.log
[2025-09-13 06:34:18] 开始转换：./TCL/TCL_OCD_IP.yaml -> ./TCL/TCL_OCD_IP.mrs （临时 ./TCL/TCL_OCD_IP.mrs.tmp），之前 md5=3ae941e2c1937537ba5a07c4ac01521a
[2025-09-13 06:34:18] ℹ️ 转换结果与现有 .mrs 相同，未更新：./TCL/TCL_OCD_IP.mrs (md5 3ae941e2c1937537ba5a07c4ac01521a)
[2025-09-13 06:34:18] 转换无变化，已删除 per-log：./TCL/TCL_OCD_IP.mrs.log
[2025-09-13 06:34:18] 开始转换：./TCL/TCL_OCD_Domain.yaml -> ./TCL/TCL_OCD_Domain.mrs （临时 ./TCL/TCL_OCD_Domain.mrs.tmp），之前 md5=a4891fe8db4f91b399fff57f8fece1f8
[2025-09-13 06:34:18] ℹ️ 转换结果与现有 .mrs 相同，未更新：./TCL/TCL_OCD_Domain.mrs (md5 a4891fe8db4f91b399fff57f8fece1f8)
[2025-09-13 06:34:18] 转换无变化，已删除 per-log：./TCL/TCL_OCD_Domain.mrs.log
[2025-09-13 06:34:18] 开始转换：./AppStore/AppStore_OCD_IP.yaml -> ./AppStore/AppStore_OCD_IP.mrs （临时 ./AppStore/AppStore_OCD_IP.mrs.tmp），之前 md5=3ae941e2c1937537ba5a07c4ac01521a
[2025-09-13 06:34:18] ℹ️ 转换结果与现有 .mrs 相同，未更新：./AppStore/AppStore_OCD_IP.mrs (md5 3ae941e2c1937537ba5a07c4ac01521a)
[2025-09-13 06:34:18] 转换无变化，已删除 per-log：./AppStore/AppStore_OCD_IP.mrs.log
[2025-09-13 06:34:18] 开始转换：./AppStore/AppStore_OCD_Domain.yaml -> ./AppStore/AppStore_OCD_Domain.mrs （临时 ./AppStore/AppStore_OCD_Domain.mrs.tmp），之前 md5=484f1719b5db7f100958102d9f4355d4
[2025-09-13 06:34:18] ℹ️ 转换结果与现有 .mrs 相同，未更新：./AppStore/AppStore_OCD_Domain.mrs (md5 484f1719b5db7f100958102d9f4355d4)
[2025-09-13 06:34:18] 转换无变化，已删除 per-log：./AppStore/AppStore_OCD_Domain.mrs.log
[2025-09-13 06:34:18] 开始转换：./Speedtest/Speedtest_OCD_IP.yaml -> ./Speedtest/Speedtest_OCD_IP.mrs （临时 ./Speedtest/Speedtest_OCD_IP.mrs.tmp），之前 md5=3ae941e2c1937537ba5a07c4ac01521a
[2025-09-13 06:34:18] ℹ️ 转换结果与现有 .mrs 相同，未更新：./Speedtest/Speedtest_OCD_IP.mrs (md5 3ae941e2c1937537ba5a07c4ac01521a)
[2025-09-13 06:34:18] 转换无变化，已删除 per-log：./Speedtest/Speedtest_OCD_IP.mrs.log
[2025-09-13 06:34:18] 开始转换：./Speedtest/Speedtest_OCD_Domain.yaml -> ./Speedtest/Speedtest_OCD_Domain.mrs （临时 ./Speedtest/Speedtest_OCD_Domain.mrs.tmp），之前 md5=ba5448147603ab8e05c6d2a286658921
[2025-09-13 06:34:18] ℹ️ 转换结果与现有 .mrs 相同，未更新：./Speedtest/Speedtest_OCD_Domain.mrs (md5 ba5448147603ab8e05c6d2a286658921)
[2025-09-13 06:34:18] 转换无变化，已删除 per-log：./Speedtest/Speedtest_OCD_Domain.mrs.log
[2025-09-13 06:34:18] 开始转换：./HBOAsia/HBOAsia_OCD_Domain.yaml -> ./HBOAsia/HBOAsia_OCD_Domain.mrs （临时 ./HBOAsia/HBOAsia_OCD_Domain.mrs.tmp），之前 md5=dbf12b5f3da57d4155d21dc9b0377d4e
[2025-09-13 06:34:18] ℹ️ 转换结果与现有 .mrs 相同，未更新：./HBOAsia/HBOAsia_OCD_Domain.mrs (md5 dbf12b5f3da57d4155d21dc9b0377d4e)
[2025-09-13 06:34:18] 转换无变化，已删除 per-log：./HBOAsia/HBOAsia_OCD_Domain.mrs.log
[2025-09-13 06:34:18] 开始转换：./HBOAsia/HBOAsia_OCD_IP.yaml -> ./HBOAsia/HBOAsia_OCD_IP.mrs （临时 ./HBOAsia/HBOAsia_OCD_IP.mrs.tmp），之前 md5=3ae941e2c1937537ba5a07c4ac01521a
[2025-09-13 06:34:18] ℹ️ 转换结果与现有 .mrs 相同，未更新：./HBOAsia/HBOAsia_OCD_IP.mrs (md5 3ae941e2c1937537ba5a07c4ac01521a)
[2025-09-13 06:34:18] 转换无变化，已删除 per-log：./HBOAsia/HBOAsia_OCD_IP.mrs.log
[2025-09-13 06:34:18] 开始转换：./Himalaya/Himalaya_OCD_Domain.yaml -> ./Himalaya/Himalaya_OCD_Domain.mrs （临时 ./Himalaya/Himalaya_OCD_Domain.mrs.tmp），之前 md5=1c001e3d296bffe61912881038bfd190
[2025-09-13 06:34:18] ℹ️ 转换结果与现有 .mrs 相同，未更新：./Himalaya/Himalaya_OCD_Domain.mrs (md5 1c001e3d296bffe61912881038bfd190)
[2025-09-13 06:34:18] 转换无变化，已删除 per-log：./Himalaya/Himalaya_OCD_Domain.mrs.log
[2025-09-13 06:34:18] 开始转换：./Himalaya/Himalaya_OCD_IP.yaml -> ./Himalaya/Himalaya_OCD_IP.mrs （临时 ./Himalaya/Himalaya_OCD_IP.mrs.tmp），之前 md5=3ae941e2c1937537ba5a07c4ac01521a
[2025-09-13 06:34:18] ℹ️ 转换结果与现有 .mrs 相同，未更新：./Himalaya/Himalaya_OCD_IP.mrs (md5 3ae941e2c1937537ba5a07c4ac01521a)
[2025-09-13 06:34:18] 转换无变化，已删除 per-log：./Himalaya/Himalaya_OCD_IP.mrs.log
[2025-09-13 06:34:18] 开始转换：./ParamountPlus/ParamountPlus_OCD_IP.yaml -> ./ParamountPlus/ParamountPlus_OCD_IP.mrs （临时 ./ParamountPlus/ParamountPlus_OCD_IP.mrs.tmp），之前 md5=3ae941e2c1937537ba5a07c4ac01521a
[2025-09-13 06:34:18] ℹ️ 转换结果与现有 .mrs 相同，未更新：./ParamountPlus/ParamountPlus_OCD_IP.mrs (md5 3ae941e2c1937537ba5a07c4ac01521a)
[2025-09-13 06:34:18] 转换无变化，已删除 per-log：./ParamountPlus/ParamountPlus_OCD_IP.mrs.log
[2025-09-13 06:34:18] 开始转换：./ParamountPlus/ParamountPlus_OCD_Domain.yaml -> ./ParamountPlus/ParamountPlus_OCD_Domain.mrs （临时 ./ParamountPlus/ParamountPlus_OCD_Domain.mrs.tmp），之前 md5=536aef9b243204a65bcbb0918706a770
[2025-09-13 06:34:18] ℹ️ 转换结果与现有 .mrs 相同，未更新：./ParamountPlus/ParamountPlus_OCD_Domain.mrs (md5 536aef9b243204a65bcbb0918706a770)
[2025-09-13 06:34:18] 转换无变化，已删除 per-log：./ParamountPlus/ParamountPlus_OCD_Domain.mrs.log
[2025-09-13 06:34:18] 开始转换：./McDonalds/McDonalds_OCD_IP.yaml -> ./McDonalds/McDonalds_OCD_IP.mrs （临时 ./McDonalds/McDonalds_OCD_IP.mrs.tmp），之前 md5=3ae941e2c1937537ba5a07c4ac01521a
[2025-09-13 06:34:18] ℹ️ 转换结果与现有 .mrs 相同，未更新：./McDonalds/McDonalds_OCD_IP.mrs (md5 3ae941e2c1937537ba5a07c4ac01521a)
[2025-09-13 06:34:18] 转换无变化，已删除 per-log：./McDonalds/McDonalds_OCD_IP.mrs.log
[2025-09-13 06:34:18] 开始转换：./McDonalds/McDonalds_OCD_Domain.yaml -> ./McDonalds/McDonalds_OCD_Domain.mrs （临时 ./McDonalds/McDonalds_OCD_Domain.mrs.tmp），之前 md5=d811739892ea51ad672fd9ceac4c2714
[2025-09-13 06:34:18] ℹ️ 转换结果与现有 .mrs 相同，未更新：./McDonalds/McDonalds_OCD_Domain.mrs (md5 d811739892ea51ad672fd9ceac4c2714)
[2025-09-13 06:34:18] 转换无变化，已删除 per-log：./McDonalds/McDonalds_OCD_Domain.mrs.log
[2025-09-13 06:34:18] 开始转换：./HKOpenTV/HKOpenTV_OCD_IP.yaml -> ./HKOpenTV/HKOpenTV_OCD_IP.mrs （临时 ./HKOpenTV/HKOpenTV_OCD_IP.mrs.tmp），之前 md5=3ae941e2c1937537ba5a07c4ac01521a
[2025-09-13 06:34:18] ℹ️ 转换结果与现有 .mrs 相同，未更新：./HKOpenTV/HKOpenTV_OCD_IP.mrs (md5 3ae941e2c1937537ba5a07c4ac01521a)
[2025-09-13 06:34:18] 转换无变化，已删除 per-log：./HKOpenTV/HKOpenTV_OCD_IP.mrs.log
[2025-09-13 06:34:18] 开始转换：./HKOpenTV/HKOpenTV_OCD_Domain.yaml -> ./HKOpenTV/HKOpenTV_OCD_Domain.mrs （临时 ./HKOpenTV/HKOpenTV_OCD_Domain.mrs.tmp），之前 md5=fa3e6b2211f616d63615330c42f23cdb
[2025-09-13 06:34:18] ℹ️ 转换结果与现有 .mrs 相同，未更新：./HKOpenTV/HKOpenTV_OCD_Domain.mrs (md5 fa3e6b2211f616d63615330c42f23cdb)
[2025-09-13 06:34:18] 转换无变化，已删除 per-log：./HKOpenTV/HKOpenTV_OCD_Domain.mrs.log
[2025-09-13 06:34:18] 开始转换：./CETV/CETV_OCD_IP.yaml -> ./CETV/CETV_OCD_IP.mrs （临时 ./CETV/CETV_OCD_IP.mrs.tmp），之前 md5=3ae941e2c1937537ba5a07c4ac01521a
[2025-09-13 06:34:18] ℹ️ 转换结果与现有 .mrs 相同，未更新：./CETV/CETV_OCD_IP.mrs (md5 3ae941e2c1937537ba5a07c4ac01521a)
[2025-09-13 06:34:18] 转换无变化，已删除 per-log：./CETV/CETV_OCD_IP.mrs.log
[2025-09-13 06:34:18] 开始转换：./CETV/CETV_OCD_Domain.yaml -> ./CETV/CETV_OCD_Domain.mrs （临时 ./CETV/CETV_OCD_Domain.mrs.tmp），之前 md5=3fa07a16b5f5dc13dc50a163f989ce56
[2025-09-13 06:34:18] ℹ️ 转换结果与现有 .mrs 相同，未更新：./CETV/CETV_OCD_Domain.mrs (md5 3fa07a16b5f5dc13dc50a163f989ce56)
[2025-09-13 06:34:18] 转换无变化，已删除 per-log：./CETV/CETV_OCD_Domain.mrs.log
[2025-09-13 06:34:18] 开始转换：./GlobalMedia/GlobalMedia_OCD_IP.yaml -> ./GlobalMedia/GlobalMedia_OCD_IP.mrs （临时 ./GlobalMedia/GlobalMedia_OCD_IP.mrs.tmp），之前 md5=9ebef968f979cd5d7775b4f382e608d9
[2025-09-13 06:34:18] ℹ️ 转换结果与现有 .mrs 相同，未更新：./GlobalMedia/GlobalMedia_OCD_IP.mrs (md5 9ebef968f979cd5d7775b4f382e608d9)
[2025-09-13 06:34:18] 转换无变化，已删除 per-log：./GlobalMedia/GlobalMedia_OCD_IP.mrs.log
[2025-09-13 06:34:18] 开始转换：./GlobalMedia/GlobalMedia_OCD_Domain.yaml -> ./GlobalMedia/GlobalMedia_OCD_Domain.mrs （临时 ./GlobalMedia/GlobalMedia_OCD_Domain.mrs.tmp），之前 md5=9dcabd1d693daeea154eb19635c75168
[2025-09-13 06:34:18] ℹ️ 转换结果与现有 .mrs 相同，未更新：./GlobalMedia/GlobalMedia_OCD_Domain.mrs (md5 9dcabd1d693daeea154eb19635c75168)
[2025-09-13 06:34:18] 转换无变化，已删除 per-log：./GlobalMedia/GlobalMedia_OCD_Domain.mrs.log
[2025-09-13 06:34:18] 开始转换：./TelegramUS/TelegramUS_OCD_IP.yaml -> ./TelegramUS/TelegramUS_OCD_IP.mrs （临时 ./TelegramUS/TelegramUS_OCD_IP.mrs.tmp），之前 md5=1021957fd3f759f69c51c846c45b5f3a
[2025-09-13 06:34:18] ℹ️ 转换结果与现有 .mrs 相同，未更新：./TelegramUS/TelegramUS_OCD_IP.mrs (md5 1021957fd3f759f69c51c846c45b5f3a)
[2025-09-13 06:34:18] 转换无变化，已删除 per-log：./TelegramUS/TelegramUS_OCD_IP.mrs.log
[2025-09-13 06:34:18] 开始转换：./TelegramUS/TelegramUS_OCD_Domain.yaml -> ./TelegramUS/TelegramUS_OCD_Domain.mrs （临时 ./TelegramUS/TelegramUS_OCD_Domain.mrs.tmp），之前 md5=3b09ff0bd0293a12f4ddcfe99bd4d7b8
[2025-09-13 06:34:18] ✅ 转换并更新：./TelegramUS/TelegramUS_OCD_Domain.mrs （3b09ff0bd0293a12f4ddcfe99bd4d7b8 -> 017e43f277341d38bb8ae871a3770262）
[2025-09-13 06:34:18] 已删除成功转换产生的日志文件：./TelegramUS/TelegramUS_OCD_Domain.mrs.log
[2025-09-13 06:34:18] 开始转换：./MingLueZhaoHui/MingLueZhaoHui_OCD_IP.yaml -> ./MingLueZhaoHui/MingLueZhaoHui_OCD_IP.mrs （临时 ./MingLueZhaoHui/MingLueZhaoHui_OCD_IP.mrs.tmp），之前 md5=3ae941e2c1937537ba5a07c4ac01521a
[2025-09-13 06:34:18] ℹ️ 转换结果与现有 .mrs 相同，未更新：./MingLueZhaoHui/MingLueZhaoHui_OCD_IP.mrs (md5 3ae941e2c1937537ba5a07c4ac01521a)
[2025-09-13 06:34:18] 转换无变化，已删除 per-log：./MingLueZhaoHui/MingLueZhaoHui_OCD_IP.mrs.log
[2025-09-13 06:34:18] 开始转换：./MingLueZhaoHui/MingLueZhaoHui_OCD_Domain.yaml -> ./MingLueZhaoHui/MingLueZhaoHui_OCD_Domain.mrs （临时 ./MingLueZhaoHui/MingLueZhaoHui_OCD_Domain.mrs.tmp），之前 md5=2450eddcfeebde104c18eb47b33a70f4
[2025-09-13 06:34:18] ℹ️ 转换结果与现有 .mrs 相同，未更新：./MingLueZhaoHui/MingLueZhaoHui_OCD_Domain.mrs (md5 2450eddcfeebde104c18eb47b33a70f4)
[2025-09-13 06:34:18] 转换无变化，已删除 per-log：./MingLueZhaoHui/MingLueZhaoHui_OCD_Domain.mrs.log
[2025-09-13 06:34:18] 开始转换：./PlayStation/PlayStation_OCD_Domain.yaml -> ./PlayStation/PlayStation_OCD_Domain.mrs （临时 ./PlayStation/PlayStation_OCD_Domain.mrs.tmp），之前 md5=f491f4313ea245b8f03726f5f9065eae
[2025-09-13 06:34:18] ℹ️ 转换结果与现有 .mrs 相同，未更新：./PlayStation/PlayStation_OCD_Domain.mrs (md5 f491f4313ea245b8f03726f5f9065eae)
[2025-09-13 06:34:18] 转换无变化，已删除 per-log：./PlayStation/PlayStation_OCD_Domain.mrs.log
[2025-09-13 06:34:18] 开始转换：./PlayStation/PlayStation_OCD_IP.yaml -> ./PlayStation/PlayStation_OCD_IP.mrs （临时 ./PlayStation/PlayStation_OCD_IP.mrs.tmp），之前 md5=3ae941e2c1937537ba5a07c4ac01521a
[2025-09-13 06:34:18] ℹ️ 转换结果与现有 .mrs 相同，未更新：./PlayStation/PlayStation_OCD_IP.mrs (md5 3ae941e2c1937537ba5a07c4ac01521a)
[2025-09-13 06:34:18] 转换无变化，已删除 per-log：./PlayStation/PlayStation_OCD_IP.mrs.log
[2025-09-13 06:34:18] 开始转换：./CMB/CMB_OCD_IP.yaml -> ./CMB/CMB_OCD_IP.mrs （临时 ./CMB/CMB_OCD_IP.mrs.tmp），之前 md5=3ae941e2c1937537ba5a07c4ac01521a
[2025-09-13 06:34:18] ℹ️ 转换结果与现有 .mrs 相同，未更新：./CMB/CMB_OCD_IP.mrs (md5 3ae941e2c1937537ba5a07c4ac01521a)
[2025-09-13 06:34:18] 转换无变化，已删除 per-log：./CMB/CMB_OCD_IP.mrs.log
[2025-09-13 06:34:18] 开始转换：./CMB/CMB_OCD_Domain.yaml -> ./CMB/CMB_OCD_Domain.mrs （临时 ./CMB/CMB_OCD_Domain.mrs.tmp），之前 md5=3fc22b58c7ab641890e9faf1592c3c71
[2025-09-13 06:34:18] ℹ️ 转换结果与现有 .mrs 相同，未更新：./CMB/CMB_OCD_Domain.mrs (md5 3fc22b58c7ab641890e9faf1592c3c71)
[2025-09-13 06:34:18] 转换无变化，已删除 per-log：./CMB/CMB_OCD_Domain.mrs.log
[2025-09-13 06:34:18] 开始转换：./Emby/Emby_OCD_IP.yaml -> ./Emby/Emby_OCD_IP.mrs （临时 ./Emby/Emby_OCD_IP.mrs.tmp），之前 md5=3ae941e2c1937537ba5a07c4ac01521a
[2025-09-13 06:34:18] ℹ️ 转换结果与现有 .mrs 相同，未更新：./Emby/Emby_OCD_IP.mrs (md5 3ae941e2c1937537ba5a07c4ac01521a)
[2025-09-13 06:34:18] 转换无变化，已删除 per-log：./Emby/Emby_OCD_IP.mrs.log
[2025-09-13 06:34:18] 开始转换：./Emby/Emby_OCD_Domain.yaml -> ./Emby/Emby_OCD_Domain.mrs （临时 ./Emby/Emby_OCD_Domain.mrs.tmp），之前 md5=88b975ddbc6ed658f4c5c84572e6cfc5
[2025-09-13 06:34:18] ℹ️ 转换结果与现有 .mrs 相同，未更新：./Emby/Emby_OCD_Domain.mrs (md5 88b975ddbc6ed658f4c5c84572e6cfc5)
[2025-09-13 06:34:18] 转换无变化，已删除 per-log：./Emby/Emby_OCD_Domain.mrs.log
[2025-09-13 06:34:18] 开始转换：./Lenovo/Lenovo_OCD_IP.yaml -> ./Lenovo/Lenovo_OCD_IP.mrs （临时 ./Lenovo/Lenovo_OCD_IP.mrs.tmp），之前 md5=3ae941e2c1937537ba5a07c4ac01521a
[2025-09-13 06:34:18] ℹ️ 转换结果与现有 .mrs 相同，未更新：./Lenovo/Lenovo_OCD_IP.mrs (md5 3ae941e2c1937537ba5a07c4ac01521a)
[2025-09-13 06:34:18] 转换无变化，已删除 per-log：./Lenovo/Lenovo_OCD_IP.mrs.log
[2025-09-13 06:34:18] 开始转换：./Lenovo/Lenovo_OCD_Domain.yaml -> ./Lenovo/Lenovo_OCD_Domain.mrs （临时 ./Lenovo/Lenovo_OCD_Domain.mrs.tmp），之前 md5=83a610eec832ba428df8d688c941eff6
[2025-09-13 06:34:18] ℹ️ 转换结果与现有 .mrs 相同，未更新：./Lenovo/Lenovo_OCD_Domain.mrs (md5 83a610eec832ba428df8d688c941eff6)
[2025-09-13 06:34:18] 转换无变化，已删除 per-log：./Lenovo/Lenovo_OCD_Domain.mrs.log
[2025-09-13 06:34:18] 开始转换：./Origin/Origin_OCD_Domain.yaml -> ./Origin/Origin_OCD_Domain.mrs （临时 ./Origin/Origin_OCD_Domain.mrs.tmp），之前 md5=d1b4cfd0d44afee10077e76696ce8dcd
[2025-09-13 06:34:18] ℹ️ 转换结果与现有 .mrs 相同，未更新：./Origin/Origin_OCD_Domain.mrs (md5 d1b4cfd0d44afee10077e76696ce8dcd)
[2025-09-13 06:34:18] 转换无变化，已删除 per-log：./Origin/Origin_OCD_Domain.mrs.log
[2025-09-13 06:34:18] 开始转换：./Origin/Origin_OCD_IP.yaml -> ./Origin/Origin_OCD_IP.mrs （临时 ./Origin/Origin_OCD_IP.mrs.tmp），之前 md5=3ae941e2c1937537ba5a07c4ac01521a
[2025-09-13 06:34:19] ℹ️ 转换结果与现有 .mrs 相同，未更新：./Origin/Origin_OCD_IP.mrs (md5 3ae941e2c1937537ba5a07c4ac01521a)
[2025-09-13 06:34:19] 转换无变化，已删除 per-log：./Origin/Origin_OCD_IP.mrs.log
[2025-09-13 06:34:19] 开始转换：./CNN/CNN_OCD_Domain.yaml -> ./CNN/CNN_OCD_Domain.mrs （临时 ./CNN/CNN_OCD_Domain.mrs.tmp），之前 md5=f9902b21e7797da22a2f6c4bab9a1781
[2025-09-13 06:34:19] ℹ️ 转换结果与现有 .mrs 相同，未更新：./CNN/CNN_OCD_Domain.mrs (md5 f9902b21e7797da22a2f6c4bab9a1781)
[2025-09-13 06:34:19] 转换无变化，已删除 per-log：./CNN/CNN_OCD_Domain.mrs.log
[2025-09-13 06:34:19] 开始转换：./CNN/CNN_OCD_IP.yaml -> ./CNN/CNN_OCD_IP.mrs （临时 ./CNN/CNN_OCD_IP.mrs.tmp），之前 md5=3ae941e2c1937537ba5a07c4ac01521a
[2025-09-13 06:34:19] ℹ️ 转换结果与现有 .mrs 相同，未更新：./CNN/CNN_OCD_IP.mrs (md5 3ae941e2c1937537ba5a07c4ac01521a)
[2025-09-13 06:34:19] 转换无变化，已删除 per-log：./CNN/CNN_OCD_IP.mrs.log
[2025-09-13 06:34:19] 开始转换：./DanDanZan/DanDanZan_OCD_Domain.yaml -> ./DanDanZan/DanDanZan_OCD_Domain.mrs （临时 ./DanDanZan/DanDanZan_OCD_Domain.mrs.tmp），之前 md5=230c303eef09459340f345101fc5b6f7
[2025-09-13 06:34:19] ℹ️ 转换结果与现有 .mrs 相同，未更新：./DanDanZan/DanDanZan_OCD_Domain.mrs (md5 230c303eef09459340f345101fc5b6f7)
[2025-09-13 06:34:19] 转换无变化，已删除 per-log：./DanDanZan/DanDanZan_OCD_Domain.mrs.log
[2025-09-13 06:34:19] 开始转换：./DanDanZan/DanDanZan_OCD_IP.yaml -> ./DanDanZan/DanDanZan_OCD_IP.mrs （临时 ./DanDanZan/DanDanZan_OCD_IP.mrs.tmp），之前 md5=3ae941e2c1937537ba5a07c4ac01521a
[2025-09-13 06:34:19] ℹ️ 转换结果与现有 .mrs 相同，未更新：./DanDanZan/DanDanZan_OCD_IP.mrs (md5 3ae941e2c1937537ba5a07c4ac01521a)
[2025-09-13 06:34:19] 转换无变化，已删除 per-log：./DanDanZan/DanDanZan_OCD_IP.mrs.log
[2025-09-13 06:34:19] 开始转换：./Dailymotion/Dailymotion_OCD_IP.yaml -> ./Dailymotion/Dailymotion_OCD_IP.mrs （临时 ./Dailymotion/Dailymotion_OCD_IP.mrs.tmp），之前 md5=3ae941e2c1937537ba5a07c4ac01521a
[2025-09-13 06:34:19] ℹ️ 转换结果与现有 .mrs 相同，未更新：./Dailymotion/Dailymotion_OCD_IP.mrs (md5 3ae941e2c1937537ba5a07c4ac01521a)
[2025-09-13 06:34:19] 转换无变化，已删除 per-log：./Dailymotion/Dailymotion_OCD_IP.mrs.log
[2025-09-13 06:34:19] 开始转换：./Dailymotion/Dailymotion_OCD_Domain.yaml -> ./Dailymotion/Dailymotion_OCD_Domain.mrs （临时 ./Dailymotion/Dailymotion_OCD_Domain.mrs.tmp），之前 md5=c36c51c768990266ea1af5edce6b4118
[2025-09-13 06:34:19] ℹ️ 转换结果与现有 .mrs 相同，未更新：./Dailymotion/Dailymotion_OCD_Domain.mrs (md5 c36c51c768990266ea1af5edce6b4118)
[2025-09-13 06:34:19] 转换无变化，已删除 per-log：./Dailymotion/Dailymotion_OCD_Domain.mrs.log
[2025-09-13 06:34:19] 开始转换：./YYeTs/YYeTs_OCD_Domain.yaml -> ./YYeTs/YYeTs_OCD_Domain.mrs （临时 ./YYeTs/YYeTs_OCD_Domain.mrs.tmp），之前 md5=8b418377857497868852d04fa24177cb
[2025-09-13 06:34:19] ℹ️ 转换结果与现有 .mrs 相同，未更新：./YYeTs/YYeTs_OCD_Domain.mrs (md5 8b418377857497868852d04fa24177cb)
[2025-09-13 06:34:19] 转换无变化，已删除 per-log：./YYeTs/YYeTs_OCD_Domain.mrs.log
[2025-09-13 06:34:19] 开始转换：./YYeTs/YYeTs_OCD_IP.yaml -> ./YYeTs/YYeTs_OCD_IP.mrs （临时 ./YYeTs/YYeTs_OCD_IP.mrs.tmp），之前 md5=3ae941e2c1937537ba5a07c4ac01521a
[2025-09-13 06:34:19] ℹ️ 转换结果与现有 .mrs 相同，未更新：./YYeTs/YYeTs_OCD_IP.mrs (md5 3ae941e2c1937537ba5a07c4ac01521a)
[2025-09-13 06:34:19] 转换无变化，已删除 per-log：./YYeTs/YYeTs_OCD_IP.mrs.log
[2025-09-13 06:34:19] 开始转换：./Tumblr/Tumblr_OCD_IP.yaml -> ./Tumblr/Tumblr_OCD_IP.mrs （临时 ./Tumblr/Tumblr_OCD_IP.mrs.tmp），之前 md5=3ae941e2c1937537ba5a07c4ac01521a
[2025-09-13 06:34:19] ℹ️ 转换结果与现有 .mrs 相同，未更新：./Tumblr/Tumblr_OCD_IP.mrs (md5 3ae941e2c1937537ba5a07c4ac01521a)
[2025-09-13 06:34:19] 转换无变化，已删除 per-log：./Tumblr/Tumblr_OCD_IP.mrs.log
[2025-09-13 06:34:19] 开始转换：./Tumblr/Tumblr_OCD_Domain.yaml -> ./Tumblr/Tumblr_OCD_Domain.mrs （临时 ./Tumblr/Tumblr_OCD_Domain.mrs.tmp），之前 md5=12e00d9eba72550e22e8b9d8d6be5172
[2025-09-13 06:34:19] ℹ️ 转换结果与现有 .mrs 相同，未更新：./Tumblr/Tumblr_OCD_Domain.mrs (md5 12e00d9eba72550e22e8b9d8d6be5172)
[2025-09-13 06:34:19] 转换无变化，已删除 per-log：./Tumblr/Tumblr_OCD_Domain.mrs.log
[2025-09-13 06:34:19] 开始转换：./Heroku/Heroku_OCD_IP.yaml -> ./Heroku/Heroku_OCD_IP.mrs （临时 ./Heroku/Heroku_OCD_IP.mrs.tmp），之前 md5=3ae941e2c1937537ba5a07c4ac01521a
[2025-09-13 06:34:19] ℹ️ 转换结果与现有 .mrs 相同，未更新：./Heroku/Heroku_OCD_IP.mrs (md5 3ae941e2c1937537ba5a07c4ac01521a)
[2025-09-13 06:34:19] 转换无变化，已删除 per-log：./Heroku/Heroku_OCD_IP.mrs.log
[2025-09-13 06:34:19] 开始转换：./Heroku/Heroku_OCD_Domain.yaml -> ./Heroku/Heroku_OCD_Domain.mrs （临时 ./Heroku/Heroku_OCD_Domain.mrs.tmp），之前 md5=6bff4907e3c9d6eacd57c466e3ce2249
[2025-09-13 06:34:19] ℹ️ 转换结果与现有 .mrs 相同，未更新：./Heroku/Heroku_OCD_Domain.mrs (md5 6bff4907e3c9d6eacd57c466e3ce2249)
[2025-09-13 06:34:19] 转换无变化，已删除 per-log：./Heroku/Heroku_OCD_Domain.mrs.log
[2025-09-13 06:34:19] 开始转换：./Yandex/Yandex_OCD_IP.yaml -> ./Yandex/Yandex_OCD_IP.mrs （临时 ./Yandex/Yandex_OCD_IP.mrs.tmp），之前 md5=eb752a63aa7676cfd9bb8ffc30556f63
[2025-09-13 06:34:19] ℹ️ 转换结果与现有 .mrs 相同，未更新：./Yandex/Yandex_OCD_IP.mrs (md5 eb752a63aa7676cfd9bb8ffc30556f63)
[2025-09-13 06:34:19] 转换无变化，已删除 per-log：./Yandex/Yandex_OCD_IP.mrs.log
[2025-09-13 06:34:19] 开始转换：./Yandex/Yandex_OCD_Domain.yaml -> ./Yandex/Yandex_OCD_Domain.mrs （临时 ./Yandex/Yandex_OCD_Domain.mrs.tmp），之前 md5=cfd231808823228934e3acc05b772649
[2025-09-13 06:34:19] ℹ️ 转换结果与现有 .mrs 相同，未更新：./Yandex/Yandex_OCD_Domain.mrs (md5 cfd231808823228934e3acc05b772649)
[2025-09-13 06:34:19] 转换无变化，已删除 per-log：./Yandex/Yandex_OCD_Domain.mrs.log
[2025-09-13 06:34:19] 开始转换：./115/115_OCD_IP.yaml -> ./115/115_OCD_IP.mrs （临时 ./115/115_OCD_IP.mrs.tmp），之前 md5=3ae941e2c1937537ba5a07c4ac01521a
[2025-09-13 06:34:19] ℹ️ 转换结果与现有 .mrs 相同，未更新：./115/115_OCD_IP.mrs (md5 3ae941e2c1937537ba5a07c4ac01521a)
[2025-09-13 06:34:19] 转换无变化，已删除 per-log：./115/115_OCD_IP.mrs.log
[2025-09-13 06:34:19] 开始转换：./115/115_OCD_Domain.yaml -> ./115/115_OCD_Domain.mrs （临时 ./115/115_OCD_Domain.mrs.tmp），之前 md5=2faa699659063f4a3aabbedbaf9c06cd
[2025-09-13 06:34:19] ℹ️ 转换结果与现有 .mrs 相同，未更新：./115/115_OCD_Domain.mrs (md5 2faa699659063f4a3aabbedbaf9c06cd)
[2025-09-13 06:34:19] 转换无变化，已删除 per-log：./115/115_OCD_Domain.mrs.log
[2025-09-13 06:34:19] 开始转换：./KuangShi/KuangShi_OCD_Domain.yaml -> ./KuangShi/KuangShi_OCD_Domain.mrs （临时 ./KuangShi/KuangShi_OCD_Domain.mrs.tmp），之前 md5=c0a726b3e2ab8f3634bcf52a54749619
[2025-09-13 06:34:19] ℹ️ 转换结果与现有 .mrs 相同，未更新：./KuangShi/KuangShi_OCD_Domain.mrs (md5 c0a726b3e2ab8f3634bcf52a54749619)
[2025-09-13 06:34:19] 转换无变化，已删除 per-log：./KuangShi/KuangShi_OCD_Domain.mrs.log
[2025-09-13 06:34:19] 开始转换：./KuangShi/KuangShi_OCD_IP.yaml -> ./KuangShi/KuangShi_OCD_IP.mrs （临时 ./KuangShi/KuangShi_OCD_IP.mrs.tmp），之前 md5=7f5b6cfa7b67970319d5da04ee76530f
[2025-09-13 06:34:19] ℹ️ 转换结果与现有 .mrs 相同，未更新：./KuangShi/KuangShi_OCD_IP.mrs (md5 7f5b6cfa7b67970319d5da04ee76530f)
[2025-09-13 06:34:19] 转换无变化，已删除 per-log：./KuangShi/KuangShi_OCD_IP.mrs.log
[2025-09-13 06:34:19] 开始转换：./Jfrog/Jfrog_OCD_IP.yaml -> ./Jfrog/Jfrog_OCD_IP.mrs （临时 ./Jfrog/Jfrog_OCD_IP.mrs.tmp），之前 md5=3ae941e2c1937537ba5a07c4ac01521a
[2025-09-13 06:34:19] ℹ️ 转换结果与现有 .mrs 相同，未更新：./Jfrog/Jfrog_OCD_IP.mrs (md5 3ae941e2c1937537ba5a07c4ac01521a)
[2025-09-13 06:34:19] 转换无变化，已删除 per-log：./Jfrog/Jfrog_OCD_IP.mrs.log
[2025-09-13 06:34:19] 开始转换：./Jfrog/Jfrog_OCD_Domain.yaml -> ./Jfrog/Jfrog_OCD_Domain.mrs （临时 ./Jfrog/Jfrog_OCD_Domain.mrs.tmp），之前 md5=34c15e3d64291c0236b510376e3d9745
[2025-09-13 06:34:19] ℹ️ 转换结果与现有 .mrs 相同，未更新：./Jfrog/Jfrog_OCD_Domain.mrs (md5 34c15e3d64291c0236b510376e3d9745)
[2025-09-13 06:34:19] 转换无变化，已删除 per-log：./Jfrog/Jfrog_OCD_Domain.mrs.log
[2025-09-13 06:34:19] 开始转换：./DiscoveryPlus/DiscoveryPlus_OCD_IP.yaml -> ./DiscoveryPlus/DiscoveryPlus_OCD_IP.mrs （临时 ./DiscoveryPlus/DiscoveryPlus_OCD_IP.mrs.tmp），之前 md5=3ae941e2c1937537ba5a07c4ac01521a
[2025-09-13 06:34:19] ℹ️ 转换结果与现有 .mrs 相同，未更新：./DiscoveryPlus/DiscoveryPlus_OCD_IP.mrs (md5 3ae941e2c1937537ba5a07c4ac01521a)
[2025-09-13 06:34:19] 转换无变化，已删除 per-log：./DiscoveryPlus/DiscoveryPlus_OCD_IP.mrs.log
[2025-09-13 06:34:19] 开始转换：./DiscoveryPlus/DiscoveryPlus_OCD_Domain.yaml -> ./DiscoveryPlus/DiscoveryPlus_OCD_Domain.mrs （临时 ./DiscoveryPlus/DiscoveryPlus_OCD_Domain.mrs.tmp），之前 md5=097b3f224ef2904bc9ef607ab0c6bd3f
[2025-09-13 06:34:19] ℹ️ 转换结果与现有 .mrs 相同，未更新：./DiscoveryPlus/DiscoveryPlus_OCD_Domain.mrs (md5 097b3f224ef2904bc9ef607ab0c6bd3f)
[2025-09-13 06:34:19] 转换无变化，已删除 per-log：./DiscoveryPlus/DiscoveryPlus_OCD_Domain.mrs.log
[2025-09-13 06:34:19] 开始转换：./Zee/Zee_OCD_IP.yaml -> ./Zee/Zee_OCD_IP.mrs （临时 ./Zee/Zee_OCD_IP.mrs.tmp），之前 md5=3ae941e2c1937537ba5a07c4ac01521a
[2025-09-13 06:34:19] ℹ️ 转换结果与现有 .mrs 相同，未更新：./Zee/Zee_OCD_IP.mrs (md5 3ae941e2c1937537ba5a07c4ac01521a)
[2025-09-13 06:34:19] 转换无变化，已删除 per-log：./Zee/Zee_OCD_IP.mrs.log
[2025-09-13 06:34:19] 开始转换：./Zee/Zee_OCD_Domain.yaml -> ./Zee/Zee_OCD_Domain.mrs （临时 ./Zee/Zee_OCD_Domain.mrs.tmp），之前 md5=65cce824fbd6b8fb0934db4864df7834
[2025-09-13 06:34:19] ℹ️ 转换结果与现有 .mrs 相同，未更新：./Zee/Zee_OCD_Domain.mrs (md5 65cce824fbd6b8fb0934db4864df7834)
[2025-09-13 06:34:19] 转换无变化，已删除 per-log：./Zee/Zee_OCD_Domain.mrs.log
[2025-09-13 06:34:19] 开始转换：./Anonv/Anonv_OCD_IP.yaml -> ./Anonv/Anonv_OCD_IP.mrs （临时 ./Anonv/Anonv_OCD_IP.mrs.tmp），之前 md5=3ae941e2c1937537ba5a07c4ac01521a
[2025-09-13 06:34:19] ℹ️ 转换结果与现有 .mrs 相同，未更新：./Anonv/Anonv_OCD_IP.mrs (md5 3ae941e2c1937537ba5a07c4ac01521a)
[2025-09-13 06:34:19] 转换无变化，已删除 per-log：./Anonv/Anonv_OCD_IP.mrs.log
[2025-09-13 06:34:19] 开始转换：./Anonv/Anonv_OCD_Domain.yaml -> ./Anonv/Anonv_OCD_Domain.mrs （临时 ./Anonv/Anonv_OCD_Domain.mrs.tmp），之前 md5=4f860f0c512eaaae2b95c97eae0934eb
[2025-09-13 06:34:19] ℹ️ 转换结果与现有 .mrs 相同，未更新：./Anonv/Anonv_OCD_Domain.mrs (md5 4f860f0c512eaaae2b95c97eae0934eb)
[2025-09-13 06:34:19] 转换无变化，已删除 per-log：./Anonv/Anonv_OCD_Domain.mrs.log
[2025-09-13 06:34:19] 开始转换：./TongCheng/TongCheng_OCD_Domain.yaml -> ./TongCheng/TongCheng_OCD_Domain.mrs （临时 ./TongCheng/TongCheng_OCD_Domain.mrs.tmp），之前 md5=b3c84dbab785c7e5263519127ae844a5
[2025-09-13 06:34:19] ℹ️ 转换结果与现有 .mrs 相同，未更新：./TongCheng/TongCheng_OCD_Domain.mrs (md5 b3c84dbab785c7e5263519127ae844a5)
[2025-09-13 06:34:19] 转换无变化，已删除 per-log：./TongCheng/TongCheng_OCD_Domain.mrs.log
[2025-09-13 06:34:19] 开始转换：./TongCheng/TongCheng_OCD_IP.yaml -> ./TongCheng/TongCheng_OCD_IP.mrs （临时 ./TongCheng/TongCheng_OCD_IP.mrs.tmp），之前 md5=3ae941e2c1937537ba5a07c4ac01521a
[2025-09-13 06:34:19] ℹ️ 转换结果与现有 .mrs 相同，未更新：./TongCheng/TongCheng_OCD_IP.mrs (md5 3ae941e2c1937537ba5a07c4ac01521a)
[2025-09-13 06:34:19] 转换无变化，已删除 per-log：./TongCheng/TongCheng_OCD_IP.mrs.log
[2025-09-13 06:34:19] 开始转换：./HKBN/HKBN_OCD_IP.yaml -> ./HKBN/HKBN_OCD_IP.mrs （临时 ./HKBN/HKBN_OCD_IP.mrs.tmp），之前 md5=3ae941e2c1937537ba5a07c4ac01521a
[2025-09-13 06:34:19] ℹ️ 转换结果与现有 .mrs 相同，未更新：./HKBN/HKBN_OCD_IP.mrs (md5 3ae941e2c1937537ba5a07c4ac01521a)
[2025-09-13 06:34:19] 转换无变化，已删除 per-log：./HKBN/HKBN_OCD_IP.mrs.log
[2025-09-13 06:34:19] 开始转换：./HKBN/HKBN_OCD_Domain.yaml -> ./HKBN/HKBN_OCD_Domain.mrs （临时 ./HKBN/HKBN_OCD_Domain.mrs.tmp），之前 md5=685a223220247996aa887ca537428b1d
[2025-09-13 06:34:19] ℹ️ 转换结果与现有 .mrs 相同，未更新：./HKBN/HKBN_OCD_Domain.mrs (md5 685a223220247996aa887ca537428b1d)
[2025-09-13 06:34:19] 转换无变化，已删除 per-log：./HKBN/HKBN_OCD_Domain.mrs.log
[2025-09-13 06:34:19] 开始转换：./CCB/CCB_OCD_Domain.yaml -> ./CCB/CCB_OCD_Domain.mrs （临时 ./CCB/CCB_OCD_Domain.mrs.tmp），之前 md5=50f40b603cc4919364704feca9374c15
[2025-09-13 06:34:19] ℹ️ 转换结果与现有 .mrs 相同，未更新：./CCB/CCB_OCD_Domain.mrs (md5 50f40b603cc4919364704feca9374c15)
[2025-09-13 06:34:19] 转换无变化，已删除 per-log：./CCB/CCB_OCD_Domain.mrs.log
[2025-09-13 06:34:19] 开始转换：./CCB/CCB_OCD_IP.yaml -> ./CCB/CCB_OCD_IP.mrs （临时 ./CCB/CCB_OCD_IP.mrs.tmp），之前 md5=3ae941e2c1937537ba5a07c4ac01521a
[2025-09-13 06:34:19] ℹ️ 转换结果与现有 .mrs 相同，未更新：./CCB/CCB_OCD_IP.mrs (md5 3ae941e2c1937537ba5a07c4ac01521a)
[2025-09-13 06:34:19] 转换无变化，已删除 per-log：./CCB/CCB_OCD_IP.mrs.log
[2025-09-13 06:34:19] 开始转换：./TianWeiChengXin/TianWeiChengXin_OCD_Domain.yaml -> ./TianWeiChengXin/TianWeiChengXin_OCD_Domain.mrs （临时 ./TianWeiChengXin/TianWeiChengXin_OCD_Domain.mrs.tmp），之前 md5=cec51a78fff49dc036d407896256ebcb
[2025-09-13 06:34:19] ℹ️ 转换结果与现有 .mrs 相同，未更新：./TianWeiChengXin/TianWeiChengXin_OCD_Domain.mrs (md5 cec51a78fff49dc036d407896256ebcb)
[2025-09-13 06:34:19] 转换无变化，已删除 per-log：./TianWeiChengXin/TianWeiChengXin_OCD_Domain.mrs.log
[2025-09-13 06:34:19] 开始转换：./TianWeiChengXin/TianWeiChengXin_OCD_IP.yaml -> ./TianWeiChengXin/TianWeiChengXin_OCD_IP.mrs （临时 ./TianWeiChengXin/TianWeiChengXin_OCD_IP.mrs.tmp），之前 md5=3ae941e2c1937537ba5a07c4ac01521a
[2025-09-13 06:34:19] ℹ️ 转换结果与现有 .mrs 相同，未更新：./TianWeiChengXin/TianWeiChengXin_OCD_IP.mrs (md5 3ae941e2c1937537ba5a07c4ac01521a)
[2025-09-13 06:34:19] 转换无变化，已删除 per-log：./TianWeiChengXin/TianWeiChengXin_OCD_IP.mrs.log
[2025-09-13 06:34:19] 开始转换：./Addthis/Addthis_OCD_Domain.yaml -> ./Addthis/Addthis_OCD_Domain.mrs （临时 ./Addthis/Addthis_OCD_Domain.mrs.tmp），之前 md5=227621559378410f5355e73aced53025
[2025-09-13 06:34:19] ℹ️ 转换结果与现有 .mrs 相同，未更新：./Addthis/Addthis_OCD_Domain.mrs (md5 227621559378410f5355e73aced53025)
[2025-09-13 06:34:19] 转换无变化，已删除 per-log：./Addthis/Addthis_OCD_Domain.mrs.log
[2025-09-13 06:34:19] 开始转换：./Addthis/Addthis_OCD_IP.yaml -> ./Addthis/Addthis_OCD_IP.mrs （临时 ./Addthis/Addthis_OCD_IP.mrs.tmp），之前 md5=3ae941e2c1937537ba5a07c4ac01521a
[2025-09-13 06:34:20] ℹ️ 转换结果与现有 .mrs 相同，未更新：./Addthis/Addthis_OCD_IP.mrs (md5 3ae941e2c1937537ba5a07c4ac01521a)
[2025-09-13 06:34:20] 转换无变化，已删除 per-log：./Addthis/Addthis_OCD_IP.mrs.log
[2025-09-13 06:34:20] 开始转换：./UPYun/UPYun_OCD_Domain.yaml -> ./UPYun/UPYun_OCD_Domain.mrs （临时 ./UPYun/UPYun_OCD_Domain.mrs.tmp），之前 md5=f6dee791e4c05d02b76c69f56b776a33
[2025-09-13 06:34:20] ℹ️ 转换结果与现有 .mrs 相同，未更新：./UPYun/UPYun_OCD_Domain.mrs (md5 f6dee791e4c05d02b76c69f56b776a33)
[2025-09-13 06:34:20] 转换无变化，已删除 per-log：./UPYun/UPYun_OCD_Domain.mrs.log
[2025-09-13 06:34:20] 开始转换：./UPYun/UPYun_OCD_IP.yaml -> ./UPYun/UPYun_OCD_IP.mrs （临时 ./UPYun/UPYun_OCD_IP.mrs.tmp），之前 md5=3ae941e2c1937537ba5a07c4ac01521a
[2025-09-13 06:34:20] ℹ️ 转换结果与现有 .mrs 相同，未更新：./UPYun/UPYun_OCD_IP.mrs (md5 3ae941e2c1937537ba5a07c4ac01521a)
[2025-09-13 06:34:20] 转换无变化，已删除 per-log：./UPYun/UPYun_OCD_IP.mrs.log
[2025-09-13 06:34:20] 开始转换：./ZeeTV/ZeeTV_OCD_IP.yaml -> ./ZeeTV/ZeeTV_OCD_IP.mrs （临时 ./ZeeTV/ZeeTV_OCD_IP.mrs.tmp），之前 md5=3ae941e2c1937537ba5a07c4ac01521a
[2025-09-13 06:34:20] ℹ️ 转换结果与现有 .mrs 相同，未更新：./ZeeTV/ZeeTV_OCD_IP.mrs (md5 3ae941e2c1937537ba5a07c4ac01521a)
[2025-09-13 06:34:20] 转换无变化，已删除 per-log：./ZeeTV/ZeeTV_OCD_IP.mrs.log
[2025-09-13 06:34:20] 开始转换：./ZeeTV/ZeeTV_OCD_Domain.yaml -> ./ZeeTV/ZeeTV_OCD_Domain.mrs （临时 ./ZeeTV/ZeeTV_OCD_Domain.mrs.tmp），之前 md5=93361d6d777e3f45e3c61b7393da776c
[2025-09-13 06:34:20] ℹ️ 转换结果与现有 .mrs 相同，未更新：./ZeeTV/ZeeTV_OCD_Domain.mrs (md5 93361d6d777e3f45e3c61b7393da776c)
[2025-09-13 06:34:20] 转换无变化，已删除 per-log：./ZeeTV/ZeeTV_OCD_Domain.mrs.log
[2025-09-13 06:34:20] 开始转换：./WenJuanXing/WenJuanXing_OCD_IP.yaml -> ./WenJuanXing/WenJuanXing_OCD_IP.mrs （临时 ./WenJuanXing/WenJuanXing_OCD_IP.mrs.tmp），之前 md5=3ae941e2c1937537ba5a07c4ac01521a
[2025-09-13 06:34:20] ℹ️ 转换结果与现有 .mrs 相同，未更新：./WenJuanXing/WenJuanXing_OCD_IP.mrs (md5 3ae941e2c1937537ba5a07c4ac01521a)
[2025-09-13 06:34:20] 转换无变化，已删除 per-log：./WenJuanXing/WenJuanXing_OCD_IP.mrs.log
[2025-09-13 06:34:20] 开始转换：./WenJuanXing/WenJuanXing_OCD_Domain.yaml -> ./WenJuanXing/WenJuanXing_OCD_Domain.mrs （临时 ./WenJuanXing/WenJuanXing_OCD_Domain.mrs.tmp），之前 md5=bc334493a232142fbb99380488a118e4
[2025-09-13 06:34:20] ℹ️ 转换结果与现有 .mrs 相同，未更新：./WenJuanXing/WenJuanXing_OCD_Domain.mrs (md5 bc334493a232142fbb99380488a118e4)
[2025-09-13 06:34:20] 转换无变化，已删除 per-log：./WenJuanXing/WenJuanXing_OCD_Domain.mrs.log
[2025-09-13 06:34:20] 开始转换：./Mail/Mail_OCD_IP.yaml -> ./Mail/Mail_OCD_IP.mrs （临时 ./Mail/Mail_OCD_IP.mrs.tmp），之前 md5=3ae941e2c1937537ba5a07c4ac01521a
[2025-09-13 06:34:20] ℹ️ 转换结果与现有 .mrs 相同，未更新：./Mail/Mail_OCD_IP.mrs (md5 3ae941e2c1937537ba5a07c4ac01521a)
[2025-09-13 06:34:20] 转换无变化，已删除 per-log：./Mail/Mail_OCD_IP.mrs.log
[2025-09-13 06:34:20] 开始转换：./Mail/Mail_OCD_Domain.yaml -> ./Mail/Mail_OCD_Domain.mrs （临时 ./Mail/Mail_OCD_Domain.mrs.tmp），之前 md5=a1fa1bc2ee37239ae85604b5f2a93ad8
[2025-09-13 06:34:20] ℹ️ 转换结果与现有 .mrs 相同，未更新：./Mail/Mail_OCD_Domain.mrs (md5 a1fa1bc2ee37239ae85604b5f2a93ad8)
[2025-09-13 06:34:20] 转换无变化，已删除 per-log：./Mail/Mail_OCD_Domain.mrs.log
[2025-09-13 06:34:20] 开始转换：./DuoWan/DuoWan_OCD_IP.yaml -> ./DuoWan/DuoWan_OCD_IP.mrs （临时 ./DuoWan/DuoWan_OCD_IP.mrs.tmp），之前 md5=3ae941e2c1937537ba5a07c4ac01521a
[2025-09-13 06:34:20] ℹ️ 转换结果与现有 .mrs 相同，未更新：./DuoWan/DuoWan_OCD_IP.mrs (md5 3ae941e2c1937537ba5a07c4ac01521a)
[2025-09-13 06:34:20] 转换无变化，已删除 per-log：./DuoWan/DuoWan_OCD_IP.mrs.log
[2025-09-13 06:34:20] 开始转换：./DuoWan/DuoWan_OCD_Domain.yaml -> ./DuoWan/DuoWan_OCD_Domain.mrs （临时 ./DuoWan/DuoWan_OCD_Domain.mrs.tmp），之前 md5=c0af4e446721a25cb21508b93336db73
[2025-09-13 06:34:20] ℹ️ 转换结果与现有 .mrs 相同，未更新：./DuoWan/DuoWan_OCD_Domain.mrs (md5 c0af4e446721a25cb21508b93336db73)
[2025-09-13 06:34:20] 转换无变化，已删除 per-log：./DuoWan/DuoWan_OCD_Domain.mrs.log
[2025-09-13 06:34:20] 开始转换：./Clubhouse/Clubhouse_OCD_Domain.yaml -> ./Clubhouse/Clubhouse_OCD_Domain.mrs （临时 ./Clubhouse/Clubhouse_OCD_Domain.mrs.tmp），之前 md5=36f2717b75559b0aa114f1134cce84cc
[2025-09-13 06:34:20] ℹ️ 转换结果与现有 .mrs 相同，未更新：./Clubhouse/Clubhouse_OCD_Domain.mrs (md5 36f2717b75559b0aa114f1134cce84cc)
[2025-09-13 06:34:20] 转换无变化，已删除 per-log：./Clubhouse/Clubhouse_OCD_Domain.mrs.log
[2025-09-13 06:34:20] 开始转换：./Clubhouse/Clubhouse_OCD_IP.yaml -> ./Clubhouse/Clubhouse_OCD_IP.mrs （临时 ./Clubhouse/Clubhouse_OCD_IP.mrs.tmp），之前 md5=3ae941e2c1937537ba5a07c4ac01521a
[2025-09-13 06:34:20] ℹ️ 转换结果与现有 .mrs 相同，未更新：./Clubhouse/Clubhouse_OCD_IP.mrs (md5 3ae941e2c1937537ba5a07c4ac01521a)
[2025-09-13 06:34:20] 转换无变化，已删除 per-log：./Clubhouse/Clubhouse_OCD_IP.mrs.log
[2025-09-13 06:34:20] 开始转换：./SuiShiChuanMei/SuiShiChuanMei_OCD_Domain.yaml -> ./SuiShiChuanMei/SuiShiChuanMei_OCD_Domain.mrs （临时 ./SuiShiChuanMei/SuiShiChuanMei_OCD_Domain.mrs.tmp），之前 md5=b99df41474c0dd337f0e3160cea47fbd
[2025-09-13 06:34:20] ℹ️ 转换结果与现有 .mrs 相同，未更新：./SuiShiChuanMei/SuiShiChuanMei_OCD_Domain.mrs (md5 b99df41474c0dd337f0e3160cea47fbd)
[2025-09-13 06:34:20] 转换无变化，已删除 per-log：./SuiShiChuanMei/SuiShiChuanMei_OCD_Domain.mrs.log
[2025-09-13 06:34:20] 开始转换：./SuiShiChuanMei/SuiShiChuanMei_OCD_IP.yaml -> ./SuiShiChuanMei/SuiShiChuanMei_OCD_IP.mrs （临时 ./SuiShiChuanMei/SuiShiChuanMei_OCD_IP.mrs.tmp），之前 md5=3ae941e2c1937537ba5a07c4ac01521a
[2025-09-13 06:34:20] ℹ️ 转换结果与现有 .mrs 相同，未更新：./SuiShiChuanMei/SuiShiChuanMei_OCD_IP.mrs (md5 3ae941e2c1937537ba5a07c4ac01521a)
[2025-09-13 06:34:20] 转换无变化，已删除 per-log：./SuiShiChuanMei/SuiShiChuanMei_OCD_IP.mrs.log
[2025-09-13 06:34:20] 开始转换：./UCloud/UCloud_OCD_Domain.yaml -> ./UCloud/UCloud_OCD_Domain.mrs （临时 ./UCloud/UCloud_OCD_Domain.mrs.tmp），之前 md5=4445dd86c1cfbf210bd330e0197a9808
[2025-09-13 06:34:20] ℹ️ 转换结果与现有 .mrs 相同，未更新：./UCloud/UCloud_OCD_Domain.mrs (md5 4445dd86c1cfbf210bd330e0197a9808)
[2025-09-13 06:34:20] 转换无变化，已删除 per-log：./UCloud/UCloud_OCD_Domain.mrs.log
[2025-09-13 06:34:20] 开始转换：./UCloud/UCloud_OCD_IP.yaml -> ./UCloud/UCloud_OCD_IP.mrs （临时 ./UCloud/UCloud_OCD_IP.mrs.tmp），之前 md5=3ae941e2c1937537ba5a07c4ac01521a
[2025-09-13 06:34:20] ℹ️ 转换结果与现有 .mrs 相同，未更新：./UCloud/UCloud_OCD_IP.mrs (md5 3ae941e2c1937537ba5a07c4ac01521a)
[2025-09-13 06:34:20] 转换无变化，已删除 per-log：./UCloud/UCloud_OCD_IP.mrs.log
[2025-09-13 06:34:20] 开始转换：./Proxy/Proxy_OCD_Domain.yaml -> ./Proxy/Proxy_OCD_Domain.mrs （临时 ./Proxy/Proxy_OCD_Domain.mrs.tmp），之前 md5=eb7ed17987edbd71cad8536f81592e2b
[2025-09-13 06:34:20] ℹ️ 转换结果与现有 .mrs 相同，未更新：./Proxy/Proxy_OCD_Domain.mrs (md5 eb7ed17987edbd71cad8536f81592e2b)
[2025-09-13 06:34:20] 转换无变化，已删除 per-log：./Proxy/Proxy_OCD_Domain.mrs.log
[2025-09-13 06:34:20] 开始转换：./Proxy/Proxy_OCD_IP.yaml -> ./Proxy/Proxy_OCD_IP.mrs （临时 ./Proxy/Proxy_OCD_IP.mrs.tmp），之前 md5=e3115adfbd1fb119edfeefbcdae129d4
[2025-09-13 06:34:20] ℹ️ 转换结果与现有 .mrs 相同，未更新：./Proxy/Proxy_OCD_IP.mrs (md5 e3115adfbd1fb119edfeefbcdae129d4)
[2025-09-13 06:34:20] 转换无变化，已删除 per-log：./Proxy/Proxy_OCD_IP.mrs.log
[2025-09-13 06:34:20] 开始转换：./Atomdata/Atomdata_OCD_Domain.yaml -> ./Atomdata/Atomdata_OCD_Domain.mrs （临时 ./Atomdata/Atomdata_OCD_Domain.mrs.tmp），之前 md5=c2456bffbdabd8b2a6446f2f12478595
[2025-09-13 06:34:20] ℹ️ 转换结果与现有 .mrs 相同，未更新：./Atomdata/Atomdata_OCD_Domain.mrs (md5 c2456bffbdabd8b2a6446f2f12478595)
[2025-09-13 06:34:20] 转换无变化，已删除 per-log：./Atomdata/Atomdata_OCD_Domain.mrs.log
[2025-09-13 06:34:20] 开始转换：./Atomdata/Atomdata_OCD_IP.yaml -> ./Atomdata/Atomdata_OCD_IP.mrs （临时 ./Atomdata/Atomdata_OCD_IP.mrs.tmp），之前 md5=3ae941e2c1937537ba5a07c4ac01521a
[2025-09-13 06:34:20] ℹ️ 转换结果与现有 .mrs 相同，未更新：./Atomdata/Atomdata_OCD_IP.mrs (md5 3ae941e2c1937537ba5a07c4ac01521a)
[2025-09-13 06:34:20] 转换无变化，已删除 per-log：./Atomdata/Atomdata_OCD_IP.mrs.log
[2025-09-13 06:34:20] 开始转换：./Instagram/Instagram_OCD_Domain.yaml -> ./Instagram/Instagram_OCD_Domain.mrs （临时 ./Instagram/Instagram_OCD_Domain.mrs.tmp），之前 md5=e82ee3887c934bcc9135d31e03a540e3
[2025-09-13 06:34:20] ℹ️ 转换结果与现有 .mrs 相同，未更新：./Instagram/Instagram_OCD_Domain.mrs (md5 e82ee3887c934bcc9135d31e03a540e3)
[2025-09-13 06:34:20] 转换无变化，已删除 per-log：./Instagram/Instagram_OCD_Domain.mrs.log
[2025-09-13 06:34:20] 开始转换：./Instagram/Instagram_OCD_IP.yaml -> ./Instagram/Instagram_OCD_IP.mrs （临时 ./Instagram/Instagram_OCD_IP.mrs.tmp），之前 md5=3ae941e2c1937537ba5a07c4ac01521a
[2025-09-13 06:34:20] ℹ️ 转换结果与现有 .mrs 相同，未更新：./Instagram/Instagram_OCD_IP.mrs (md5 3ae941e2c1937537ba5a07c4ac01521a)
[2025-09-13 06:34:20] 转换无变化，已删除 per-log：./Instagram/Instagram_OCD_IP.mrs.log
[2025-09-13 06:34:20] 开始转换：./Hearthstone/Hearthstone_OCD_Domain.yaml -> ./Hearthstone/Hearthstone_OCD_Domain.mrs （临时 ./Hearthstone/Hearthstone_OCD_Domain.mrs.tmp），之前 md5=3b09ff0bd0293a12f4ddcfe99bd4d7b8
[2025-09-13 06:34:20] ✅ 转换并更新：./Hearthstone/Hearthstone_OCD_Domain.mrs （3b09ff0bd0293a12f4ddcfe99bd4d7b8 -> 017e43f277341d38bb8ae871a3770262）
[2025-09-13 06:34:20] 已删除成功转换产生的日志文件：./Hearthstone/Hearthstone_OCD_Domain.mrs.log
[2025-09-13 06:34:20] 开始转换：./Hearthstone/Hearthstone_OCD_IP.yaml -> ./Hearthstone/Hearthstone_OCD_IP.mrs （临时 ./Hearthstone/Hearthstone_OCD_IP.mrs.tmp），之前 md5=e76fa750c90a2889baf689fe3d5a4a45
[2025-09-13 06:34:20] ℹ️ 转换结果与现有 .mrs 相同，未更新：./Hearthstone/Hearthstone_OCD_IP.mrs (md5 e76fa750c90a2889baf689fe3d5a4a45)
[2025-09-13 06:34:20] 转换无变化，已删除 per-log：./Hearthstone/Hearthstone_OCD_IP.mrs.log
[2025-09-13 06:34:20] 开始转换：./OP/OP_OCD_IP.yaml -> ./OP/OP_OCD_IP.mrs （临时 ./OP/OP_OCD_IP.mrs.tmp），之前 md5=3ae941e2c1937537ba5a07c4ac01521a
[2025-09-13 06:34:20] ℹ️ 转换结果与现有 .mrs 相同，未更新：./OP/OP_OCD_IP.mrs (md5 3ae941e2c1937537ba5a07c4ac01521a)
[2025-09-13 06:34:20] 转换无变化，已删除 per-log：./OP/OP_OCD_IP.mrs.log
[2025-09-13 06:34:20] 开始转换：./OP/OP_OCD_Domain.yaml -> ./OP/OP_OCD_Domain.mrs （临时 ./OP/OP_OCD_Domain.mrs.tmp），之前 md5=22b60023c1f7f9ef8a4a4faec34ebe6b
[2025-09-13 06:34:20] ℹ️ 转换结果与现有 .mrs 相同，未更新：./OP/OP_OCD_Domain.mrs (md5 22b60023c1f7f9ef8a4a4faec34ebe6b)
[2025-09-13 06:34:20] 转换无变化，已删除 per-log：./OP/OP_OCD_Domain.mrs.log
[2025-09-13 06:34:20] 开始转换：./Alibaba/Alibaba_OCD_IP.yaml -> ./Alibaba/Alibaba_OCD_IP.mrs （临时 ./Alibaba/Alibaba_OCD_IP.mrs.tmp），之前 md5=abe109dc0ab220236fb60b74d9fc4140
[2025-09-13 06:34:20] ℹ️ 转换结果与现有 .mrs 相同，未更新：./Alibaba/Alibaba_OCD_IP.mrs (md5 abe109dc0ab220236fb60b74d9fc4140)
[2025-09-13 06:34:20] 转换无变化，已删除 per-log：./Alibaba/Alibaba_OCD_IP.mrs.log
[2025-09-13 06:34:20] 开始转换：./Alibaba/Alibaba_OCD_Domain.yaml -> ./Alibaba/Alibaba_OCD_Domain.mrs （临时 ./Alibaba/Alibaba_OCD_Domain.mrs.tmp），之前 md5=269dbdc34bac7a7d460a8cb8f3ed4984
[2025-09-13 06:34:20] ℹ️ 转换结果与现有 .mrs 相同，未更新：./Alibaba/Alibaba_OCD_Domain.mrs (md5 269dbdc34bac7a7d460a8cb8f3ed4984)
[2025-09-13 06:34:20] 转换无变化，已删除 per-log：./Alibaba/Alibaba_OCD_Domain.mrs.log
[2025-09-13 06:34:20] 开始转换：./Wteam/Wteam_OCD_IP.yaml -> ./Wteam/Wteam_OCD_IP.mrs （临时 ./Wteam/Wteam_OCD_IP.mrs.tmp），之前 md5=3ae941e2c1937537ba5a07c4ac01521a
[2025-09-13 06:34:20] ℹ️ 转换结果与现有 .mrs 相同，未更新：./Wteam/Wteam_OCD_IP.mrs (md5 3ae941e2c1937537ba5a07c4ac01521a)
[2025-09-13 06:34:20] 转换无变化，已删除 per-log：./Wteam/Wteam_OCD_IP.mrs.log
[2025-09-13 06:34:20] 开始转换：./Wteam/Wteam_OCD_Domain.yaml -> ./Wteam/Wteam_OCD_Domain.mrs （临时 ./Wteam/Wteam_OCD_Domain.mrs.tmp），之前 md5=e724b889d5eded25cdd5285b7af7d344
[2025-09-13 06:34:20] ℹ️ 转换结果与现有 .mrs 相同，未更新：./Wteam/Wteam_OCD_Domain.mrs (md5 e724b889d5eded25cdd5285b7af7d344)
[2025-09-13 06:34:20] 转换无变化，已删除 per-log：./Wteam/Wteam_OCD_Domain.mrs.log
[2025-09-13 06:34:20] 开始转换：./Bloomberg/Bloomberg_OCD_Domain.yaml -> ./Bloomberg/Bloomberg_OCD_Domain.mrs （临时 ./Bloomberg/Bloomberg_OCD_Domain.mrs.tmp），之前 md5=c8cf1386dcbed6d6745490c244d33ef3
[2025-09-13 06:34:21] ℹ️ 转换结果与现有 .mrs 相同，未更新：./Bloomberg/Bloomberg_OCD_Domain.mrs (md5 c8cf1386dcbed6d6745490c244d33ef3)
[2025-09-13 06:34:21] 转换无变化，已删除 per-log：./Bloomberg/Bloomberg_OCD_Domain.mrs.log
[2025-09-13 06:34:21] 开始转换：./Bloomberg/Bloomberg_OCD_IP.yaml -> ./Bloomberg/Bloomberg_OCD_IP.mrs （临时 ./Bloomberg/Bloomberg_OCD_IP.mrs.tmp），之前 md5=3ae941e2c1937537ba5a07c4ac01521a
[2025-09-13 06:34:21] ℹ️ 转换结果与现有 .mrs 相同，未更新：./Bloomberg/Bloomberg_OCD_IP.mrs (md5 3ae941e2c1937537ba5a07c4ac01521a)
[2025-09-13 06:34:21] 转换无变化，已删除 per-log：./Bloomberg/Bloomberg_OCD_IP.mrs.log
[2025-09-13 06:34:21] 开始转换：./Sharethis/Sharethis_OCD_Domain.yaml -> ./Sharethis/Sharethis_OCD_Domain.mrs （临时 ./Sharethis/Sharethis_OCD_Domain.mrs.tmp），之前 md5=90855c59d2a02674d736271bb5699b61
[2025-09-13 06:34:21] ℹ️ 转换结果与现有 .mrs 相同，未更新：./Sharethis/Sharethis_OCD_Domain.mrs (md5 90855c59d2a02674d736271bb5699b61)
[2025-09-13 06:34:21] 转换无变化，已删除 per-log：./Sharethis/Sharethis_OCD_Domain.mrs.log
[2025-09-13 06:34:21] 开始转换：./Sharethis/Sharethis_OCD_IP.yaml -> ./Sharethis/Sharethis_OCD_IP.mrs （临时 ./Sharethis/Sharethis_OCD_IP.mrs.tmp），之前 md5=3ae941e2c1937537ba5a07c4ac01521a
[2025-09-13 06:34:21] ℹ️ 转换结果与现有 .mrs 相同，未更新：./Sharethis/Sharethis_OCD_IP.mrs (md5 3ae941e2c1937537ba5a07c4ac01521a)
[2025-09-13 06:34:21] 转换无变化，已删除 per-log：./Sharethis/Sharethis_OCD_IP.mrs.log
[2025-09-13 06:34:21] 开始转换：./Naver/Naver_OCD_Domain.yaml -> ./Naver/Naver_OCD_Domain.mrs （临时 ./Naver/Naver_OCD_Domain.mrs.tmp），之前 md5=441203fffc9aa8f09727034757af5e4b
[2025-09-13 06:34:21] ℹ️ 转换结果与现有 .mrs 相同，未更新：./Naver/Naver_OCD_Domain.mrs (md5 441203fffc9aa8f09727034757af5e4b)
[2025-09-13 06:34:21] 转换无变化，已删除 per-log：./Naver/Naver_OCD_Domain.mrs.log
[2025-09-13 06:34:21] 开始转换：./Naver/Naver_OCD_IP.yaml -> ./Naver/Naver_OCD_IP.mrs （临时 ./Naver/Naver_OCD_IP.mrs.tmp），之前 md5=b55813a9030587a255c4b38b54d4ebaa
[2025-09-13 06:34:21] ℹ️ 转换结果与现有 .mrs 相同，未更新：./Naver/Naver_OCD_IP.mrs (md5 b55813a9030587a255c4b38b54d4ebaa)
[2025-09-13 06:34:21] 转换无变化，已删除 per-log：./Naver/Naver_OCD_IP.mrs.log
[2025-09-13 06:34:21] 开始转换：./OPPO/OPPO_OCD_IP.yaml -> ./OPPO/OPPO_OCD_IP.mrs （临时 ./OPPO/OPPO_OCD_IP.mrs.tmp），之前 md5=3ae941e2c1937537ba5a07c4ac01521a
[2025-09-13 06:34:21] ℹ️ 转换结果与现有 .mrs 相同，未更新：./OPPO/OPPO_OCD_IP.mrs (md5 3ae941e2c1937537ba5a07c4ac01521a)
[2025-09-13 06:34:21] 转换无变化，已删除 per-log：./OPPO/OPPO_OCD_IP.mrs.log
[2025-09-13 06:34:21] 开始转换：./OPPO/OPPO_OCD_Domain.yaml -> ./OPPO/OPPO_OCD_Domain.mrs （临时 ./OPPO/OPPO_OCD_Domain.mrs.tmp），之前 md5=409d2a06d1f1935d2df1999d53392180
[2025-09-13 06:34:21] ℹ️ 转换结果与现有 .mrs 相同，未更新：./OPPO/OPPO_OCD_Domain.mrs (md5 409d2a06d1f1935d2df1999d53392180)
[2025-09-13 06:34:21] 转换无变化，已删除 per-log：./OPPO/OPPO_OCD_Domain.mrs.log
[2025-09-13 06:34:21] 开始转换：./Zhihu/Zhihu_OCD_Domain.yaml -> ./Zhihu/Zhihu_OCD_Domain.mrs （临时 ./Zhihu/Zhihu_OCD_Domain.mrs.tmp），之前 md5=1b550243fc75c9e878008b90198fd26a
[2025-09-13 06:34:21] ℹ️ 转换结果与现有 .mrs 相同，未更新：./Zhihu/Zhihu_OCD_Domain.mrs (md5 1b550243fc75c9e878008b90198fd26a)
[2025-09-13 06:34:21] 转换无变化，已删除 per-log：./Zhihu/Zhihu_OCD_Domain.mrs.log
[2025-09-13 06:34:21] 开始转换：./Zhihu/Zhihu_OCD_IP.yaml -> ./Zhihu/Zhihu_OCD_IP.mrs （临时 ./Zhihu/Zhihu_OCD_IP.mrs.tmp），之前 md5=956de9f5bf07126512a8454454ab7b18
[2025-09-13 06:34:21] ℹ️ 转换结果与现有 .mrs 相同，未更新：./Zhihu/Zhihu_OCD_IP.mrs (md5 956de9f5bf07126512a8454454ab7b18)
[2025-09-13 06:34:21] 转换无变化，已删除 per-log：./Zhihu/Zhihu_OCD_IP.mrs.log
[2025-09-13 06:34:21] 开始转换：./Americasvoice/Americasvoice_OCD_Domain.yaml -> ./Americasvoice/Americasvoice_OCD_Domain.mrs （临时 ./Americasvoice/Americasvoice_OCD_Domain.mrs.tmp），之前 md5=bb53ee399421307ee12943da167bdd64
[2025-09-13 06:34:21] ℹ️ 转换结果与现有 .mrs 相同，未更新：./Americasvoice/Americasvoice_OCD_Domain.mrs (md5 bb53ee399421307ee12943da167bdd64)
[2025-09-13 06:34:21] 转换无变化，已删除 per-log：./Americasvoice/Americasvoice_OCD_Domain.mrs.log
[2025-09-13 06:34:21] 开始转换：./Americasvoice/Americasvoice_OCD_IP.yaml -> ./Americasvoice/Americasvoice_OCD_IP.mrs （临时 ./Americasvoice/Americasvoice_OCD_IP.mrs.tmp），之前 md5=3ae941e2c1937537ba5a07c4ac01521a
[2025-09-13 06:34:21] ℹ️ 转换结果与现有 .mrs 相同，未更新：./Americasvoice/Americasvoice_OCD_IP.mrs (md5 3ae941e2c1937537ba5a07c4ac01521a)
[2025-09-13 06:34:21] 转换无变化，已删除 per-log：./Americasvoice/Americasvoice_OCD_IP.mrs.log
[2025-09-13 06:34:21] 开始转换：./FOXPlus/FOXPlus_OCD_Domain.yaml -> ./FOXPlus/FOXPlus_OCD_Domain.mrs （临时 ./FOXPlus/FOXPlus_OCD_Domain.mrs.tmp），之前 md5=84956c149a83d43435e5cf0334a91e72
[2025-09-13 06:34:21] ℹ️ 转换结果与现有 .mrs 相同，未更新：./FOXPlus/FOXPlus_OCD_Domain.mrs (md5 84956c149a83d43435e5cf0334a91e72)
[2025-09-13 06:34:21] 转换无变化，已删除 per-log：./FOXPlus/FOXPlus_OCD_Domain.mrs.log
[2025-09-13 06:34:21] 开始转换：./FOXPlus/FOXPlus_OCD_IP.yaml -> ./FOXPlus/FOXPlus_OCD_IP.mrs （临时 ./FOXPlus/FOXPlus_OCD_IP.mrs.tmp），之前 md5=3ae941e2c1937537ba5a07c4ac01521a
[2025-09-13 06:34:21] ℹ️ 转换结果与现有 .mrs 相同，未更新：./FOXPlus/FOXPlus_OCD_IP.mrs (md5 3ae941e2c1937537ba5a07c4ac01521a)
[2025-09-13 06:34:21] 转换无变化，已删除 per-log：./FOXPlus/FOXPlus_OCD_IP.mrs.log
[2025-09-13 06:34:21] 开始转换：./17zuoye/17zuoye_OCD_IP.yaml -> ./17zuoye/17zuoye_OCD_IP.mrs （临时 ./17zuoye/17zuoye_OCD_IP.mrs.tmp），之前 md5=3ae941e2c1937537ba5a07c4ac01521a
[2025-09-13 06:34:21] ℹ️ 转换结果与现有 .mrs 相同，未更新：./17zuoye/17zuoye_OCD_IP.mrs (md5 3ae941e2c1937537ba5a07c4ac01521a)
[2025-09-13 06:34:21] 转换无变化，已删除 per-log：./17zuoye/17zuoye_OCD_IP.mrs.log
[2025-09-13 06:34:21] 开始转换：./17zuoye/17zuoye_OCD_Domain.yaml -> ./17zuoye/17zuoye_OCD_Domain.mrs （临时 ./17zuoye/17zuoye_OCD_Domain.mrs.tmp），之前 md5=62bbe7a0de7fc9e6a2bfa7bceb70e569
[2025-09-13 06:34:21] ℹ️ 转换结果与现有 .mrs 相同，未更新：./17zuoye/17zuoye_OCD_Domain.mrs (md5 62bbe7a0de7fc9e6a2bfa7bceb70e569)
[2025-09-13 06:34:21] 转换无变化，已删除 per-log：./17zuoye/17zuoye_OCD_Domain.mrs.log
[2025-09-13 06:34:21] 开始转换：./TigerFintech/TigerFintech_OCD_Domain.yaml -> ./TigerFintech/TigerFintech_OCD_Domain.mrs （临时 ./TigerFintech/TigerFintech_OCD_Domain.mrs.tmp），之前 md5=35c3d82aa6c8c3fa9f94cbec2bd45ab7
[2025-09-13 06:34:21] ℹ️ 转换结果与现有 .mrs 相同，未更新：./TigerFintech/TigerFintech_OCD_Domain.mrs (md5 35c3d82aa6c8c3fa9f94cbec2bd45ab7)
[2025-09-13 06:34:21] 转换无变化，已删除 per-log：./TigerFintech/TigerFintech_OCD_Domain.mrs.log
[2025-09-13 06:34:21] 开始转换：./TigerFintech/TigerFintech_OCD_IP.yaml -> ./TigerFintech/TigerFintech_OCD_IP.mrs （临时 ./TigerFintech/TigerFintech_OCD_IP.mrs.tmp），之前 md5=3ae941e2c1937537ba5a07c4ac01521a
[2025-09-13 06:34:21] ℹ️ 转换结果与现有 .mrs 相同，未更新：./TigerFintech/TigerFintech_OCD_IP.mrs (md5 3ae941e2c1937537ba5a07c4ac01521a)
[2025-09-13 06:34:21] 转换无变化，已删除 per-log：./TigerFintech/TigerFintech_OCD_IP.mrs.log
[2025-09-13 06:34:21] 开始转换：./Keep/Keep_OCD_IP.yaml -> ./Keep/Keep_OCD_IP.mrs （临时 ./Keep/Keep_OCD_IP.mrs.tmp），之前 md5=3ae941e2c1937537ba5a07c4ac01521a
[2025-09-13 06:34:21] ℹ️ 转换结果与现有 .mrs 相同，未更新：./Keep/Keep_OCD_IP.mrs (md5 3ae941e2c1937537ba5a07c4ac01521a)
[2025-09-13 06:34:21] 转换无变化，已删除 per-log：./Keep/Keep_OCD_IP.mrs.log
[2025-09-13 06:34:21] 开始转换：./Keep/Keep_OCD_Domain.yaml -> ./Keep/Keep_OCD_Domain.mrs （临时 ./Keep/Keep_OCD_Domain.mrs.tmp），之前 md5=17308283b877650828d604c7673a4a5e
[2025-09-13 06:34:21] ℹ️ 转换结果与现有 .mrs 相同，未更新：./Keep/Keep_OCD_Domain.mrs (md5 17308283b877650828d604c7673a4a5e)
[2025-09-13 06:34:21] 转换无变化，已删除 per-log：./Keep/Keep_OCD_Domain.mrs.log
[2025-09-13 06:34:21] 开始转换：./ITV/ITV_OCD_Domain.yaml -> ./ITV/ITV_OCD_Domain.mrs （临时 ./ITV/ITV_OCD_Domain.mrs.tmp），之前 md5=cae64f31e529078d3230293a247e22d4
[2025-09-13 06:34:21] ℹ️ 转换结果与现有 .mrs 相同，未更新：./ITV/ITV_OCD_Domain.mrs (md5 cae64f31e529078d3230293a247e22d4)
[2025-09-13 06:34:21] 转换无变化，已删除 per-log：./ITV/ITV_OCD_Domain.mrs.log
[2025-09-13 06:34:21] 开始转换：./ITV/ITV_OCD_IP.yaml -> ./ITV/ITV_OCD_IP.mrs （临时 ./ITV/ITV_OCD_IP.mrs.tmp），之前 md5=3ae941e2c1937537ba5a07c4ac01521a
[2025-09-13 06:34:21] ℹ️ 转换结果与现有 .mrs 相同，未更新：./ITV/ITV_OCD_IP.mrs (md5 3ae941e2c1937537ba5a07c4ac01521a)
[2025-09-13 06:34:21] 转换无变化，已删除 per-log：./ITV/ITV_OCD_IP.mrs.log
[2025-09-13 06:34:21] 开始转换：./myTVSUPER/myTVSUPER_OCD_Domain.yaml -> ./myTVSUPER/myTVSUPER_OCD_Domain.mrs （临时 ./myTVSUPER/myTVSUPER_OCD_Domain.mrs.tmp），之前 md5=9c66181449eac8110eda8819e79a2dee
[2025-09-13 06:34:21] ℹ️ 转换结果与现有 .mrs 相同，未更新：./myTVSUPER/myTVSUPER_OCD_Domain.mrs (md5 9c66181449eac8110eda8819e79a2dee)
[2025-09-13 06:34:21] 转换无变化，已删除 per-log：./myTVSUPER/myTVSUPER_OCD_Domain.mrs.log
[2025-09-13 06:34:21] 开始转换：./myTVSUPER/myTVSUPER_OCD_IP.yaml -> ./myTVSUPER/myTVSUPER_OCD_IP.mrs （临时 ./myTVSUPER/myTVSUPER_OCD_IP.mrs.tmp），之前 md5=3ae941e2c1937537ba5a07c4ac01521a
[2025-09-13 06:34:21] ℹ️ 转换结果与现有 .mrs 相同，未更新：./myTVSUPER/myTVSUPER_OCD_IP.mrs (md5 3ae941e2c1937537ba5a07c4ac01521a)
[2025-09-13 06:34:21] 转换无变化，已删除 per-log：./myTVSUPER/myTVSUPER_OCD_IP.mrs.log
[2025-09-13 06:34:21] 开始转换：./AnTianKeJi/AnTianKeJi_OCD_IP.yaml -> ./AnTianKeJi/AnTianKeJi_OCD_IP.mrs （临时 ./AnTianKeJi/AnTianKeJi_OCD_IP.mrs.tmp），之前 md5=3ae941e2c1937537ba5a07c4ac01521a
[2025-09-13 06:34:21] ℹ️ 转换结果与现有 .mrs 相同，未更新：./AnTianKeJi/AnTianKeJi_OCD_IP.mrs (md5 3ae941e2c1937537ba5a07c4ac01521a)
[2025-09-13 06:34:21] 转换无变化，已删除 per-log：./AnTianKeJi/AnTianKeJi_OCD_IP.mrs.log
[2025-09-13 06:34:21] 开始转换：./AnTianKeJi/AnTianKeJi_OCD_Domain.yaml -> ./AnTianKeJi/AnTianKeJi_OCD_Domain.mrs （临时 ./AnTianKeJi/AnTianKeJi_OCD_Domain.mrs.tmp），之前 md5=63665ace4b16d538ad42f33ecff2e8c2
[2025-09-13 06:34:21] ℹ️ 转换结果与现有 .mrs 相同，未更新：./AnTianKeJi/AnTianKeJi_OCD_Domain.mrs (md5 63665ace4b16d538ad42f33ecff2e8c2)
[2025-09-13 06:34:21] 转换无变化，已删除 per-log：./AnTianKeJi/AnTianKeJi_OCD_Domain.mrs.log
[2025-09-13 06:34:21] 开始转换：./ChengTongWangPan/ChengTongWangPan_OCD_Domain.yaml -> ./ChengTongWangPan/ChengTongWangPan_OCD_Domain.mrs （临时 ./ChengTongWangPan/ChengTongWangPan_OCD_Domain.mrs.tmp），之前 md5=9ca31a3cd2f69e9c9db10cec3b332ab7
[2025-09-13 06:34:21] ℹ️ 转换结果与现有 .mrs 相同，未更新：./ChengTongWangPan/ChengTongWangPan_OCD_Domain.mrs (md5 9ca31a3cd2f69e9c9db10cec3b332ab7)
[2025-09-13 06:34:21] 转换无变化，已删除 per-log：./ChengTongWangPan/ChengTongWangPan_OCD_Domain.mrs.log
[2025-09-13 06:34:21] 开始转换：./ChengTongWangPan/ChengTongWangPan_OCD_IP.yaml -> ./ChengTongWangPan/ChengTongWangPan_OCD_IP.mrs （临时 ./ChengTongWangPan/ChengTongWangPan_OCD_IP.mrs.tmp），之前 md5=3ae941e2c1937537ba5a07c4ac01521a
[2025-09-13 06:34:21] ℹ️ 转换结果与现有 .mrs 相同，未更新：./ChengTongWangPan/ChengTongWangPan_OCD_IP.mrs (md5 3ae941e2c1937537ba5a07c4ac01521a)
[2025-09-13 06:34:21] 转换无变化，已删除 per-log：./ChengTongWangPan/ChengTongWangPan_OCD_IP.mrs.log
[2025-09-13 06:34:21] 开始转换：./ChinaNews/ChinaNews_OCD_IP.yaml -> ./ChinaNews/ChinaNews_OCD_IP.mrs （临时 ./ChinaNews/ChinaNews_OCD_IP.mrs.tmp），之前 md5=3ae941e2c1937537ba5a07c4ac01521a
[2025-09-13 06:34:21] ℹ️ 转换结果与现有 .mrs 相同，未更新：./ChinaNews/ChinaNews_OCD_IP.mrs (md5 3ae941e2c1937537ba5a07c4ac01521a)
[2025-09-13 06:34:21] 转换无变化，已删除 per-log：./ChinaNews/ChinaNews_OCD_IP.mrs.log
[2025-09-13 06:34:21] 开始转换：./ChinaNews/ChinaNews_OCD_Domain.yaml -> ./ChinaNews/ChinaNews_OCD_Domain.mrs （临时 ./ChinaNews/ChinaNews_OCD_Domain.mrs.tmp），之前 md5=7cd472da26bc8792475a13213cda628b
[2025-09-13 06:34:21] ℹ️ 转换结果与现有 .mrs 相同，未更新：./ChinaNews/ChinaNews_OCD_Domain.mrs (md5 7cd472da26bc8792475a13213cda628b)
[2025-09-13 06:34:21] 转换无变化，已删除 per-log：./ChinaNews/ChinaNews_OCD_Domain.mrs.log
[2025-09-13 06:34:21] 开始转换：./BoXun/BoXun_OCD_IP.yaml -> ./BoXun/BoXun_OCD_IP.mrs （临时 ./BoXun/BoXun_OCD_IP.mrs.tmp），之前 md5=3ae941e2c1937537ba5a07c4ac01521a
[2025-09-13 06:34:21] ℹ️ 转换结果与现有 .mrs 相同，未更新：./BoXun/BoXun_OCD_IP.mrs (md5 3ae941e2c1937537ba5a07c4ac01521a)
[2025-09-13 06:34:21] 转换无变化，已删除 per-log：./BoXun/BoXun_OCD_IP.mrs.log
[2025-09-13 06:34:21] 开始转换：./BoXun/BoXun_OCD_Domain.yaml -> ./BoXun/BoXun_OCD_Domain.mrs （临时 ./BoXun/BoXun_OCD_Domain.mrs.tmp），之前 md5=c3b9226e50040a283c1b3b49c05a8d77
[2025-09-13 06:34:21] ℹ️ 转换结果与现有 .mrs 相同，未更新：./BoXun/BoXun_OCD_Domain.mrs (md5 c3b9226e50040a283c1b3b49c05a8d77)
[2025-09-13 06:34:21] 转换无变化，已删除 per-log：./BoXun/BoXun_OCD_Domain.mrs.log
[2025-09-13 06:34:21] 开始转换：./NetEase/NetEase_OCD_Domain.yaml -> ./NetEase/NetEase_OCD_Domain.mrs （临时 ./NetEase/NetEase_OCD_Domain.mrs.tmp），之前 md5=6a878bd0aa9d86296e1dbac77a6eb3bc
[2025-09-13 06:34:21] ℹ️ 转换结果与现有 .mrs 相同，未更新：./NetEase/NetEase_OCD_Domain.mrs (md5 6a878bd0aa9d86296e1dbac77a6eb3bc)
[2025-09-13 06:34:21] 转换无变化，已删除 per-log：./NetEase/NetEase_OCD_Domain.mrs.log
[2025-09-13 06:34:21] 开始转换：./NetEase/NetEase_OCD_IP.yaml -> ./NetEase/NetEase_OCD_IP.mrs （临时 ./NetEase/NetEase_OCD_IP.mrs.tmp），之前 md5=4a9a732968c8bdb5a9ed9cb6543018d5
[2025-09-13 06:34:21] ℹ️ 转换结果与现有 .mrs 相同，未更新：./NetEase/NetEase_OCD_IP.mrs (md5 4a9a732968c8bdb5a9ed9cb6543018d5)
[2025-09-13 06:34:21] 转换无变化，已删除 per-log：./NetEase/NetEase_OCD_IP.mrs.log
[2025-09-13 06:34:21] 开始转换：./WanMeiShiJie/WanMeiShiJie_OCD_Domain.yaml -> ./WanMeiShiJie/WanMeiShiJie_OCD_Domain.mrs （临时 ./WanMeiShiJie/WanMeiShiJie_OCD_Domain.mrs.tmp），之前 md5=e151dec106e0edfd1e1584af471fe0d9
[2025-09-13 06:34:21] ℹ️ 转换结果与现有 .mrs 相同，未更新：./WanMeiShiJie/WanMeiShiJie_OCD_Domain.mrs (md5 e151dec106e0edfd1e1584af471fe0d9)
[2025-09-13 06:34:21] 转换无变化，已删除 per-log：./WanMeiShiJie/WanMeiShiJie_OCD_Domain.mrs.log
[2025-09-13 06:34:21] 开始转换：./WanMeiShiJie/WanMeiShiJie_OCD_IP.yaml -> ./WanMeiShiJie/WanMeiShiJie_OCD_IP.mrs （临时 ./WanMeiShiJie/WanMeiShiJie_OCD_IP.mrs.tmp），之前 md5=3ae941e2c1937537ba5a07c4ac01521a
[2025-09-13 06:34:21] ℹ️ 转换结果与现有 .mrs 相同，未更新：./WanMeiShiJie/WanMeiShiJie_OCD_IP.mrs (md5 3ae941e2c1937537ba5a07c4ac01521a)
[2025-09-13 06:34:21] 转换无变化，已删除 per-log：./WanMeiShiJie/WanMeiShiJie_OCD_IP.mrs.log
[2025-09-13 06:34:21] 开始转换：./FOXNOW/FOXNOW_OCD_Domain.yaml -> ./FOXNOW/FOXNOW_OCD_Domain.mrs （临时 ./FOXNOW/FOXNOW_OCD_Domain.mrs.tmp），之前 md5=6da58262db960ecb45e02762c16599aa
[2025-09-13 06:34:22] ℹ️ 转换结果与现有 .mrs 相同，未更新：./FOXNOW/FOXNOW_OCD_Domain.mrs (md5 6da58262db960ecb45e02762c16599aa)
[2025-09-13 06:34:22] 转换无变化，已删除 per-log：./FOXNOW/FOXNOW_OCD_Domain.mrs.log
[2025-09-13 06:34:22] 开始转换：./FOXNOW/FOXNOW_OCD_IP.yaml -> ./FOXNOW/FOXNOW_OCD_IP.mrs （临时 ./FOXNOW/FOXNOW_OCD_IP.mrs.tmp），之前 md5=3ae941e2c1937537ba5a07c4ac01521a
[2025-09-13 06:34:22] ℹ️ 转换结果与现有 .mrs 相同，未更新：./FOXNOW/FOXNOW_OCD_IP.mrs (md5 3ae941e2c1937537ba5a07c4ac01521a)
[2025-09-13 06:34:22] 转换无变化，已删除 per-log：./FOXNOW/FOXNOW_OCD_IP.mrs.log
[2025-09-13 06:34:22] 开始转换：./AdColony/AdColony_OCD_IP.yaml -> ./AdColony/AdColony_OCD_IP.mrs （临时 ./AdColony/AdColony_OCD_IP.mrs.tmp），之前 md5=3ae941e2c1937537ba5a07c4ac01521a
[2025-09-13 06:34:22] ℹ️ 转换结果与现有 .mrs 相同，未更新：./AdColony/AdColony_OCD_IP.mrs (md5 3ae941e2c1937537ba5a07c4ac01521a)
[2025-09-13 06:34:22] 转换无变化，已删除 per-log：./AdColony/AdColony_OCD_IP.mrs.log
[2025-09-13 06:34:22] 开始转换：./AdColony/AdColony_OCD_Domain.yaml -> ./AdColony/AdColony_OCD_Domain.mrs （临时 ./AdColony/AdColony_OCD_Domain.mrs.tmp），之前 md5=bc0a28f0c3da084e3f52611ea3db5072
[2025-09-13 06:34:22] ℹ️ 转换结果与现有 .mrs 相同，未更新：./AdColony/AdColony_OCD_Domain.mrs (md5 bc0a28f0c3da084e3f52611ea3db5072)
[2025-09-13 06:34:22] 转换无变化，已删除 per-log：./AdColony/AdColony_OCD_Domain.mrs.log
[2025-09-13 06:34:22] 开始转换：./Mogujie/Mogujie_OCD_Domain.yaml -> ./Mogujie/Mogujie_OCD_Domain.mrs （临时 ./Mogujie/Mogujie_OCD_Domain.mrs.tmp），之前 md5=405f45724acae47fa8ea2167ade559e2
[2025-09-13 06:34:22] ℹ️ 转换结果与现有 .mrs 相同，未更新：./Mogujie/Mogujie_OCD_Domain.mrs (md5 405f45724acae47fa8ea2167ade559e2)
[2025-09-13 06:34:22] 转换无变化，已删除 per-log：./Mogujie/Mogujie_OCD_Domain.mrs.log
[2025-09-13 06:34:22] 开始转换：./Mogujie/Mogujie_OCD_IP.yaml -> ./Mogujie/Mogujie_OCD_IP.mrs （临时 ./Mogujie/Mogujie_OCD_IP.mrs.tmp），之前 md5=3ae941e2c1937537ba5a07c4ac01521a
[2025-09-13 06:34:22] ℹ️ 转换结果与现有 .mrs 相同，未更新：./Mogujie/Mogujie_OCD_IP.mrs (md5 3ae941e2c1937537ba5a07c4ac01521a)
[2025-09-13 06:34:22] 转换无变化，已删除 per-log：./Mogujie/Mogujie_OCD_IP.mrs.log
[2025-09-13 06:34:22] 开始转换：./LineTV/LineTV_OCD_IP.yaml -> ./LineTV/LineTV_OCD_IP.mrs （临时 ./LineTV/LineTV_OCD_IP.mrs.tmp），之前 md5=3ae941e2c1937537ba5a07c4ac01521a
[2025-09-13 06:34:22] ℹ️ 转换结果与现有 .mrs 相同，未更新：./LineTV/LineTV_OCD_IP.mrs (md5 3ae941e2c1937537ba5a07c4ac01521a)
[2025-09-13 06:34:22] 转换无变化，已删除 per-log：./LineTV/LineTV_OCD_IP.mrs.log
[2025-09-13 06:34:22] 开始转换：./LineTV/LineTV_OCD_Domain.yaml -> ./LineTV/LineTV_OCD_Domain.mrs （临时 ./LineTV/LineTV_OCD_Domain.mrs.tmp），之前 md5=32db901afc77186b83cafec51255db8a
[2025-09-13 06:34:22] ℹ️ 转换结果与现有 .mrs 相同，未更新：./LineTV/LineTV_OCD_Domain.mrs (md5 32db901afc77186b83cafec51255db8a)
[2025-09-13 06:34:22] 转换无变化，已删除 per-log：./LineTV/LineTV_OCD_Domain.mrs.log
[2025-09-13 06:34:22] 开始转换：./Canon/Canon_OCD_Domain.yaml -> ./Canon/Canon_OCD_Domain.mrs （临时 ./Canon/Canon_OCD_Domain.mrs.tmp），之前 md5=79a27f8433f7067e26704ae0437a3e7a
[2025-09-13 06:34:22] ℹ️ 转换结果与现有 .mrs 相同，未更新：./Canon/Canon_OCD_Domain.mrs (md5 79a27f8433f7067e26704ae0437a3e7a)
[2025-09-13 06:34:22] 转换无变化，已删除 per-log：./Canon/Canon_OCD_Domain.mrs.log
[2025-09-13 06:34:22] 开始转换：./Canon/Canon_OCD_IP.yaml -> ./Canon/Canon_OCD_IP.mrs （临时 ./Canon/Canon_OCD_IP.mrs.tmp），之前 md5=3ae941e2c1937537ba5a07c4ac01521a
[2025-09-13 06:34:22] ℹ️ 转换结果与现有 .mrs 相同，未更新：./Canon/Canon_OCD_IP.mrs (md5 3ae941e2c1937537ba5a07c4ac01521a)
[2025-09-13 06:34:22] 转换无变化，已删除 per-log：./Canon/Canon_OCD_IP.mrs.log
[2025-09-13 06:34:22] 开始转换：./Faronics/Faronics_OCD_Domain.yaml -> ./Faronics/Faronics_OCD_Domain.mrs （临时 ./Faronics/Faronics_OCD_Domain.mrs.tmp），之前 md5=b27c6fbb4cfec368515111bc6c16d2cd
[2025-09-13 06:34:22] ℹ️ 转换结果与现有 .mrs 相同，未更新：./Faronics/Faronics_OCD_Domain.mrs (md5 b27c6fbb4cfec368515111bc6c16d2cd)
[2025-09-13 06:34:22] 转换无变化，已删除 per-log：./Faronics/Faronics_OCD_Domain.mrs.log
[2025-09-13 06:34:22] 开始转换：./Faronics/Faronics_OCD_IP.yaml -> ./Faronics/Faronics_OCD_IP.mrs （临时 ./Faronics/Faronics_OCD_IP.mrs.tmp），之前 md5=3ae941e2c1937537ba5a07c4ac01521a
[2025-09-13 06:34:22] ℹ️ 转换结果与现有 .mrs 相同，未更新：./Faronics/Faronics_OCD_IP.mrs (md5 3ae941e2c1937537ba5a07c4ac01521a)
[2025-09-13 06:34:22] 转换无变化，已删除 per-log：./Faronics/Faronics_OCD_IP.mrs.log
[2025-09-13 06:34:22] 开始转换：./PCCW/PCCW_OCD_IP.yaml -> ./PCCW/PCCW_OCD_IP.mrs （临时 ./PCCW/PCCW_OCD_IP.mrs.tmp），之前 md5=3ae941e2c1937537ba5a07c4ac01521a
[2025-09-13 06:34:22] ℹ️ 转换结果与现有 .mrs 相同，未更新：./PCCW/PCCW_OCD_IP.mrs (md5 3ae941e2c1937537ba5a07c4ac01521a)
[2025-09-13 06:34:22] 转换无变化，已删除 per-log：./PCCW/PCCW_OCD_IP.mrs.log
[2025-09-13 06:34:22] 开始转换：./PCCW/PCCW_OCD_Domain.yaml -> ./PCCW/PCCW_OCD_Domain.mrs （临时 ./PCCW/PCCW_OCD_Domain.mrs.tmp），之前 md5=7cf60baec86abf4fdabee438a012eb13
[2025-09-13 06:34:22] ℹ️ 转换结果与现有 .mrs 相同，未更新：./PCCW/PCCW_OCD_Domain.mrs (md5 7cf60baec86abf4fdabee438a012eb13)
[2025-09-13 06:34:22] 转换无变化，已删除 per-log：./PCCW/PCCW_OCD_Domain.mrs.log
[2025-09-13 06:34:22] 开始转换：./Wordpress/Wordpress_OCD_IP.yaml -> ./Wordpress/Wordpress_OCD_IP.mrs （临时 ./Wordpress/Wordpress_OCD_IP.mrs.tmp），之前 md5=3ae941e2c1937537ba5a07c4ac01521a
[2025-09-13 06:34:22] ℹ️ 转换结果与现有 .mrs 相同，未更新：./Wordpress/Wordpress_OCD_IP.mrs (md5 3ae941e2c1937537ba5a07c4ac01521a)
[2025-09-13 06:34:22] 转换无变化，已删除 per-log：./Wordpress/Wordpress_OCD_IP.mrs.log
[2025-09-13 06:34:22] 开始转换：./Wordpress/Wordpress_OCD_Domain.yaml -> ./Wordpress/Wordpress_OCD_Domain.mrs （临时 ./Wordpress/Wordpress_OCD_Domain.mrs.tmp），之前 md5=8e08c0d4ce8cbba212288a57d3038115
[2025-09-13 06:34:22] ℹ️ 转换结果与现有 .mrs 相同，未更新：./Wordpress/Wordpress_OCD_Domain.mrs (md5 8e08c0d4ce8cbba212288a57d3038115)
[2025-09-13 06:34:22] 转换无变化，已删除 per-log：./Wordpress/Wordpress_OCD_Domain.mrs.log
[2025-09-13 06:34:22] 开始转换：./VISA/VISA_OCD_IP.yaml -> ./VISA/VISA_OCD_IP.mrs （临时 ./VISA/VISA_OCD_IP.mrs.tmp），之前 md5=3ae941e2c1937537ba5a07c4ac01521a
[2025-09-13 06:34:22] ℹ️ 转换结果与现有 .mrs 相同，未更新：./VISA/VISA_OCD_IP.mrs (md5 3ae941e2c1937537ba5a07c4ac01521a)
[2025-09-13 06:34:22] 转换无变化，已删除 per-log：./VISA/VISA_OCD_IP.mrs.log
[2025-09-13 06:34:22] 开始转换：./VISA/VISA_OCD_Domain.yaml -> ./VISA/VISA_OCD_Domain.mrs （临时 ./VISA/VISA_OCD_Domain.mrs.tmp），之前 md5=ea64bfc21ee425fbb54b638e8a42391d
[2025-09-13 06:34:22] ℹ️ 转换结果与现有 .mrs 相同，未更新：./VISA/VISA_OCD_Domain.mrs (md5 ea64bfc21ee425fbb54b638e8a42391d)
[2025-09-13 06:34:22] 转换无变化，已删除 per-log：./VISA/VISA_OCD_Domain.mrs.log
[2025-09-13 06:34:22] 开始转换：./Haveibeenpwned/Haveibeenpwned_OCD_Domain.yaml -> ./Haveibeenpwned/Haveibeenpwned_OCD_Domain.mrs （临时 ./Haveibeenpwned/Haveibeenpwned_OCD_Domain.mrs.tmp），之前 md5=98aa2609ce09025fa924779347d406c0
[2025-09-13 06:34:22] ℹ️ 转换结果与现有 .mrs 相同，未更新：./Haveibeenpwned/Haveibeenpwned_OCD_Domain.mrs (md5 98aa2609ce09025fa924779347d406c0)
[2025-09-13 06:34:22] 转换无变化，已删除 per-log：./Haveibeenpwned/Haveibeenpwned_OCD_Domain.mrs.log
[2025-09-13 06:34:22] 开始转换：./Haveibeenpwned/Haveibeenpwned_OCD_IP.yaml -> ./Haveibeenpwned/Haveibeenpwned_OCD_IP.mrs （临时 ./Haveibeenpwned/Haveibeenpwned_OCD_IP.mrs.tmp），之前 md5=3ae941e2c1937537ba5a07c4ac01521a
[2025-09-13 06:34:22] ℹ️ 转换结果与现有 .mrs 相同，未更新：./Haveibeenpwned/Haveibeenpwned_OCD_IP.mrs (md5 3ae941e2c1937537ba5a07c4ac01521a)
[2025-09-13 06:34:22] 转换无变化，已删除 per-log：./Haveibeenpwned/Haveibeenpwned_OCD_IP.mrs.log
[2025-09-13 06:34:22] 开始转换：./Privacy/Privacy_OCD_IP.yaml -> ./Privacy/Privacy_OCD_IP.mrs （临时 ./Privacy/Privacy_OCD_IP.mrs.tmp），之前 md5=74f2262f8573b72bf819e62d0c059727
[2025-09-13 06:34:22] ℹ️ 转换结果与现有 .mrs 相同，未更新：./Privacy/Privacy_OCD_IP.mrs (md5 74f2262f8573b72bf819e62d0c059727)
[2025-09-13 06:34:22] 转换无变化，已删除 per-log：./Privacy/Privacy_OCD_IP.mrs.log
[2025-09-13 06:34:22] 开始转换：./Privacy/Privacy_OCD_Domain.yaml -> ./Privacy/Privacy_OCD_Domain.mrs （临时 ./Privacy/Privacy_OCD_Domain.mrs.tmp），之前 md5=1726726367e6caee8f53050778569ad4
[2025-09-13 06:34:23] ℹ️ 转换结果与现有 .mrs 相同，未更新：./Privacy/Privacy_OCD_Domain.mrs (md5 1726726367e6caee8f53050778569ad4)
[2025-09-13 06:34:23] 转换无变化，已删除 per-log：./Privacy/Privacy_OCD_Domain.mrs.log
[2025-09-13 06:34:23] 开始转换：./LG/LG_OCD_Domain.yaml -> ./LG/LG_OCD_Domain.mrs （临时 ./LG/LG_OCD_Domain.mrs.tmp），之前 md5=87daeca169d106642954b7c904993f58
[2025-09-13 06:34:23] ℹ️ 转换结果与现有 .mrs 相同，未更新：./LG/LG_OCD_Domain.mrs (md5 87daeca169d106642954b7c904993f58)
[2025-09-13 06:34:23] 转换无变化，已删除 per-log：./LG/LG_OCD_Domain.mrs.log
[2025-09-13 06:34:23] 开始转换：./LG/LG_OCD_IP.yaml -> ./LG/LG_OCD_IP.mrs （临时 ./LG/LG_OCD_IP.mrs.tmp），之前 md5=91ea9147649fa82766364f3f7fcf7cde
[2025-09-13 06:34:23] ℹ️ 转换结果与现有 .mrs 相同，未更新：./LG/LG_OCD_IP.mrs (md5 91ea9147649fa82766364f3f7fcf7cde)
[2025-09-13 06:34:23] 转换无变化，已删除 per-log：./LG/LG_OCD_IP.mrs.log
[2025-09-13 06:34:23] 开始转换：./zhanqi/zhanqi_OCD_IP.yaml -> ./zhanqi/zhanqi_OCD_IP.mrs （临时 ./zhanqi/zhanqi_OCD_IP.mrs.tmp），之前 md5=3ae941e2c1937537ba5a07c4ac01521a
[2025-09-13 06:34:23] ℹ️ 转换结果与现有 .mrs 相同，未更新：./zhanqi/zhanqi_OCD_IP.mrs (md5 3ae941e2c1937537ba5a07c4ac01521a)
[2025-09-13 06:34:23] 转换无变化，已删除 per-log：./zhanqi/zhanqi_OCD_IP.mrs.log
[2025-09-13 06:34:23] 开始转换：./zhanqi/zhanqi_OCD_Domain.yaml -> ./zhanqi/zhanqi_OCD_Domain.mrs （临时 ./zhanqi/zhanqi_OCD_Domain.mrs.tmp），之前 md5=1e2c3632a743415c58673df54b17d5ce
[2025-09-13 06:34:23] ℹ️ 转换结果与现有 .mrs 相同，未更新：./zhanqi/zhanqi_OCD_Domain.mrs (md5 1e2c3632a743415c58673df54b17d5ce)
[2025-09-13 06:34:23] 转换无变化，已删除 per-log：./zhanqi/zhanqi_OCD_Domain.mrs.log
[2025-09-13 06:34:23] 开始转换：./NetEaseMusic/NetEaseMusic_OCD_IP.yaml -> ./NetEaseMusic/NetEaseMusic_OCD_IP.mrs （临时 ./NetEaseMusic/NetEaseMusic_OCD_IP.mrs.tmp），之前 md5=3e44a315ad74933a48b4d5f609287ba4
[2025-09-13 06:34:23] ℹ️ 转换结果与现有 .mrs 相同，未更新：./NetEaseMusic/NetEaseMusic_OCD_IP.mrs (md5 3e44a315ad74933a48b4d5f609287ba4)
[2025-09-13 06:34:23] 转换无变化，已删除 per-log：./NetEaseMusic/NetEaseMusic_OCD_IP.mrs.log
[2025-09-13 06:34:23] 开始转换：./NetEaseMusic/NetEaseMusic_OCD_Domain.yaml -> ./NetEaseMusic/NetEaseMusic_OCD_Domain.mrs （临时 ./NetEaseMusic/NetEaseMusic_OCD_Domain.mrs.tmp），之前 md5=7485e805a8d0820a54f8281ff33f9a8d
[2025-09-13 06:34:23] ℹ️ 转换结果与现有 .mrs 相同，未更新：./NetEaseMusic/NetEaseMusic_OCD_Domain.mrs (md5 7485e805a8d0820a54f8281ff33f9a8d)
[2025-09-13 06:34:23] 转换无变化，已删除 per-log：./NetEaseMusic/NetEaseMusic_OCD_Domain.mrs.log
[2025-09-13 06:34:23] 开始转换：./Anthropic/Anthropic_OCD_IP.yaml -> ./Anthropic/Anthropic_OCD_IP.mrs （临时 ./Anthropic/Anthropic_OCD_IP.mrs.tmp），之前 md5=3ae941e2c1937537ba5a07c4ac01521a
[2025-09-13 06:34:23] ℹ️ 转换结果与现有 .mrs 相同，未更新：./Anthropic/Anthropic_OCD_IP.mrs (md5 3ae941e2c1937537ba5a07c4ac01521a)
[2025-09-13 06:34:23] 转换无变化，已删除 per-log：./Anthropic/Anthropic_OCD_IP.mrs.log
[2025-09-13 06:34:23] 开始转换：./Anthropic/Anthropic_OCD_Domain.yaml -> ./Anthropic/Anthropic_OCD_Domain.mrs （临时 ./Anthropic/Anthropic_OCD_Domain.mrs.tmp），之前 md5=161aeee9ba07f7655e006462c722a3dc
[2025-09-13 06:34:23] ℹ️ 转换结果与现有 .mrs 相同，未更新：./Anthropic/Anthropic_OCD_Domain.mrs (md5 161aeee9ba07f7655e006462c722a3dc)
[2025-09-13 06:34:23] 转换无变化，已删除 per-log：./Anthropic/Anthropic_OCD_Domain.mrs.log
[2025-09-13 06:34:23] 开始转换：./Kingsoft/Kingsoft_OCD_Domain.yaml -> ./Kingsoft/Kingsoft_OCD_Domain.mrs （临时 ./Kingsoft/Kingsoft_OCD_Domain.mrs.tmp），之前 md5=ef104f3565a682607954c6ba3420c236
[2025-09-13 06:34:23] ℹ️ 转换结果与现有 .mrs 相同，未更新：./Kingsoft/Kingsoft_OCD_Domain.mrs (md5 ef104f3565a682607954c6ba3420c236)
[2025-09-13 06:34:23] 转换无变化，已删除 per-log：./Kingsoft/Kingsoft_OCD_Domain.mrs.log
[2025-09-13 06:34:23] 开始转换：./Kingsoft/Kingsoft_OCD_IP.yaml -> ./Kingsoft/Kingsoft_OCD_IP.mrs （临时 ./Kingsoft/Kingsoft_OCD_IP.mrs.tmp），之前 md5=3ae941e2c1937537ba5a07c4ac01521a
[2025-09-13 06:34:23] ℹ️ 转换结果与现有 .mrs 相同，未更新：./Kingsoft/Kingsoft_OCD_IP.mrs (md5 3ae941e2c1937537ba5a07c4ac01521a)
[2025-09-13 06:34:23] 转换无变化，已删除 per-log：./Kingsoft/Kingsoft_OCD_IP.mrs.log
[2025-09-13 06:34:23] 开始转换：./NGA/NGA_OCD_Domain.yaml -> ./NGA/NGA_OCD_Domain.mrs （临时 ./NGA/NGA_OCD_Domain.mrs.tmp），之前 md5=6401b04915e3f55e1e6b1782238bc93c
[2025-09-13 06:34:23] ℹ️ 转换结果与现有 .mrs 相同，未更新：./NGA/NGA_OCD_Domain.mrs (md5 6401b04915e3f55e1e6b1782238bc93c)
[2025-09-13 06:34:23] 转换无变化，已删除 per-log：./NGA/NGA_OCD_Domain.mrs.log
[2025-09-13 06:34:23] 开始转换：./NGA/NGA_OCD_IP.yaml -> ./NGA/NGA_OCD_IP.mrs （临时 ./NGA/NGA_OCD_IP.mrs.tmp），之前 md5=3ae941e2c1937537ba5a07c4ac01521a
[2025-09-13 06:34:23] ℹ️ 转换结果与现有 .mrs 相同，未更新：./NGA/NGA_OCD_IP.mrs (md5 3ae941e2c1937537ba5a07c4ac01521a)
[2025-09-13 06:34:23] 转换无变化，已删除 per-log：./NGA/NGA_OCD_IP.mrs.log
[2025-09-13 06:34:23] 开始转换：./AMD/AMD_OCD_Domain.yaml -> ./AMD/AMD_OCD_Domain.mrs （临时 ./AMD/AMD_OCD_Domain.mrs.tmp），之前 md5=da147e0622e899dcbaec9f2ca85e450d
[2025-09-13 06:34:23] ℹ️ 转换结果与现有 .mrs 相同，未更新：./AMD/AMD_OCD_Domain.mrs (md5 da147e0622e899dcbaec9f2ca85e450d)
[2025-09-13 06:34:23] 转换无变化，已删除 per-log：./AMD/AMD_OCD_Domain.mrs.log
[2025-09-13 06:34:23] 开始转换：./AMD/AMD_OCD_IP.yaml -> ./AMD/AMD_OCD_IP.mrs （临时 ./AMD/AMD_OCD_IP.mrs.tmp），之前 md5=3ae941e2c1937537ba5a07c4ac01521a
[2025-09-13 06:34:23] ℹ️ 转换结果与现有 .mrs 相同，未更新：./AMD/AMD_OCD_IP.mrs (md5 3ae941e2c1937537ba5a07c4ac01521a)
[2025-09-13 06:34:23] 转换无变化，已删除 per-log：./AMD/AMD_OCD_IP.mrs.log
[2025-09-13 06:34:23] 开始转换：./Claude/Claude_OCD_IP.yaml -> ./Claude/Claude_OCD_IP.mrs （临时 ./Claude/Claude_OCD_IP.mrs.tmp），之前 md5=3ae941e2c1937537ba5a07c4ac01521a
[2025-09-13 06:34:23] ℹ️ 转换结果与现有 .mrs 相同，未更新：./Claude/Claude_OCD_IP.mrs (md5 3ae941e2c1937537ba5a07c4ac01521a)
[2025-09-13 06:34:23] 转换无变化，已删除 per-log：./Claude/Claude_OCD_IP.mrs.log
[2025-09-13 06:34:23] 开始转换：./Claude/Claude_OCD_Domain.yaml -> ./Claude/Claude_OCD_Domain.mrs （临时 ./Claude/Claude_OCD_Domain.mrs.tmp），之前 md5=30dbcf258332b141e5e305e9f58f3ae3
[2025-09-13 06:34:23] ℹ️ 转换结果与现有 .mrs 相同，未更新：./Claude/Claude_OCD_Domain.mrs (md5 30dbcf258332b141e5e305e9f58f3ae3)
[2025-09-13 06:34:23] 转换无变化，已删除 per-log：./Claude/Claude_OCD_Domain.mrs.log
[2025-09-13 06:34:23] 开始转换：./AppleMusic/AppleMusic_OCD_Domain.yaml -> ./AppleMusic/AppleMusic_OCD_Domain.mrs （临时 ./AppleMusic/AppleMusic_OCD_Domain.mrs.tmp），之前 md5=45ebc03010f62f32049aa74ee96a4127
[2025-09-13 06:34:23] ℹ️ 转换结果与现有 .mrs 相同，未更新：./AppleMusic/AppleMusic_OCD_Domain.mrs (md5 45ebc03010f62f32049aa74ee96a4127)
[2025-09-13 06:34:23] 转换无变化，已删除 per-log：./AppleMusic/AppleMusic_OCD_Domain.mrs.log
[2025-09-13 06:34:23] 开始转换：./AppleMusic/AppleMusic_OCD_IP.yaml -> ./AppleMusic/AppleMusic_OCD_IP.mrs （临时 ./AppleMusic/AppleMusic_OCD_IP.mrs.tmp），之前 md5=3ae941e2c1937537ba5a07c4ac01521a
[2025-09-13 06:34:23] ℹ️ 转换结果与现有 .mrs 相同，未更新：./AppleMusic/AppleMusic_OCD_IP.mrs (md5 3ae941e2c1937537ba5a07c4ac01521a)
[2025-09-13 06:34:23] 转换无变化，已删除 per-log：./AppleMusic/AppleMusic_OCD_IP.mrs.log
[2025-09-13 06:34:23] 开始转换：./WeTV/WeTV_OCD_IP.yaml -> ./WeTV/WeTV_OCD_IP.mrs （临时 ./WeTV/WeTV_OCD_IP.mrs.tmp），之前 md5=bbce4d4bea20e4ff057619e17efc75d6
[2025-09-13 06:34:23] ℹ️ 转换结果与现有 .mrs 相同，未更新：./WeTV/WeTV_OCD_IP.mrs (md5 bbce4d4bea20e4ff057619e17efc75d6)
[2025-09-13 06:34:23] 转换无变化，已删除 per-log：./WeTV/WeTV_OCD_IP.mrs.log
[2025-09-13 06:34:23] 开始转换：./WeTV/WeTV_OCD_Domain.yaml -> ./WeTV/WeTV_OCD_Domain.mrs （临时 ./WeTV/WeTV_OCD_Domain.mrs.tmp），之前 md5=7164d179833c1ce68fdbdfbd8786ead5
[2025-09-13 06:34:23] ℹ️ 转换结果与现有 .mrs 相同，未更新：./WeTV/WeTV_OCD_Domain.mrs (md5 7164d179833c1ce68fdbdfbd8786ead5)
[2025-09-13 06:34:23] 转换无变化，已删除 per-log：./WeTV/WeTV_OCD_Domain.mrs.log
[2025-09-13 06:34:23] 开始转换：./AdvertisingTest/AdvertisingTest_OCD_Domain.yaml -> ./AdvertisingTest/AdvertisingTest_OCD_Domain.mrs （临时 ./AdvertisingTest/AdvertisingTest_OCD_Domain.mrs.tmp），之前 md5=140ce98291e53823527e8f76bce4e956
[2025-09-13 06:34:26] ℹ️ 转换结果与现有 .mrs 相同，未更新：./AdvertisingTest/AdvertisingTest_OCD_Domain.mrs (md5 140ce98291e53823527e8f76bce4e956)
[2025-09-13 06:34:26] 转换无变化，已删除 per-log：./AdvertisingTest/AdvertisingTest_OCD_Domain.mrs.log
[2025-09-13 06:34:26] 开始转换：./AdvertisingTest/AdvertisingTest_OCD_IP.yaml -> ./AdvertisingTest/AdvertisingTest_OCD_IP.mrs （临时 ./AdvertisingTest/AdvertisingTest_OCD_IP.mrs.tmp），之前 md5=c16a00b263bfa99e5493e5e82e097e6a
[2025-09-13 06:34:26] ℹ️ 转换结果与现有 .mrs 相同，未更新：./AdvertisingTest/AdvertisingTest_OCD_IP.mrs (md5 c16a00b263bfa99e5493e5e82e097e6a)
[2025-09-13 06:34:26] 转换无变化，已删除 per-log：./AdvertisingTest/AdvertisingTest_OCD_IP.mrs.log
[2025-09-13 06:34:26] 开始转换：./YouTube/YouTube_OCD_IP.yaml -> ./YouTube/YouTube_OCD_IP.mrs （临时 ./YouTube/YouTube_OCD_IP.mrs.tmp），之前 md5=38e8abdf4790154f9bb1f455e0f20623
[2025-09-13 06:34:26] ℹ️ 转换结果与现有 .mrs 相同，未更新：./YouTube/YouTube_OCD_IP.mrs (md5 38e8abdf4790154f9bb1f455e0f20623)
[2025-09-13 06:34:26] 转换无变化，已删除 per-log：./YouTube/YouTube_OCD_IP.mrs.log
[2025-09-13 06:34:27] 开始转换：./YouTube/YouTube_OCD_Domain.yaml -> ./YouTube/YouTube_OCD_Domain.mrs （临时 ./YouTube/YouTube_OCD_Domain.mrs.tmp），之前 md5=0e64c486d168cdc66e118e7496e1108b
[2025-09-13 06:34:27] ℹ️ 转换结果与现有 .mrs 相同，未更新：./YouTube/YouTube_OCD_Domain.mrs (md5 0e64c486d168cdc66e118e7496e1108b)
[2025-09-13 06:34:27] 转换无变化，已删除 per-log：./YouTube/YouTube_OCD_Domain.mrs.log
[2025-09-13 06:34:27] 开始转换：./ViuTV/ViuTV_OCD_Domain.yaml -> ./ViuTV/ViuTV_OCD_Domain.mrs （临时 ./ViuTV/ViuTV_OCD_Domain.mrs.tmp），之前 md5=cfe830b64c354895214b61435064049f
[2025-09-13 06:34:27] ℹ️ 转换结果与现有 .mrs 相同，未更新：./ViuTV/ViuTV_OCD_Domain.mrs (md5 cfe830b64c354895214b61435064049f)
[2025-09-13 06:34:27] 转换无变化，已删除 per-log：./ViuTV/ViuTV_OCD_Domain.mrs.log
[2025-09-13 06:34:27] 开始转换：./ViuTV/ViuTV_OCD_IP.yaml -> ./ViuTV/ViuTV_OCD_IP.mrs （临时 ./ViuTV/ViuTV_OCD_IP.mrs.tmp），之前 md5=3ae941e2c1937537ba5a07c4ac01521a
[2025-09-13 06:34:27] ℹ️ 转换结果与现有 .mrs 相同，未更新：./ViuTV/ViuTV_OCD_IP.mrs (md5 3ae941e2c1937537ba5a07c4ac01521a)
[2025-09-13 06:34:27] 转换无变化，已删除 per-log：./ViuTV/ViuTV_OCD_IP.mrs.log
[2025-09-13 06:34:27] 开始转换：./Nike/Nike_OCD_IP.yaml -> ./Nike/Nike_OCD_IP.mrs （临时 ./Nike/Nike_OCD_IP.mrs.tmp），之前 md5=3ae941e2c1937537ba5a07c4ac01521a
[2025-09-13 06:34:27] ℹ️ 转换结果与现有 .mrs 相同，未更新：./Nike/Nike_OCD_IP.mrs (md5 3ae941e2c1937537ba5a07c4ac01521a)
[2025-09-13 06:34:27] 转换无变化，已删除 per-log：./Nike/Nike_OCD_IP.mrs.log
[2025-09-13 06:34:27] 开始转换：./Nike/Nike_OCD_Domain.yaml -> ./Nike/Nike_OCD_Domain.mrs （临时 ./Nike/Nike_OCD_Domain.mrs.tmp），之前 md5=566049fb090fc03becd4dcdd48bd2854
[2025-09-13 06:34:27] ℹ️ 转换结果与现有 .mrs 相同，未更新：./Nike/Nike_OCD_Domain.mrs (md5 566049fb090fc03becd4dcdd48bd2854)
[2025-09-13 06:34:27] 转换无变化，已删除 per-log：./Nike/Nike_OCD_Domain.mrs.log
[2025-09-13 06:34:27] 开始转换：./Cloudflare/Cloudflare_OCD_IP.yaml -> ./Cloudflare/Cloudflare_OCD_IP.mrs （临时 ./Cloudflare/Cloudflare_OCD_IP.mrs.tmp），之前 md5=a4e769852a820e7543c728d0c547f983
[2025-09-13 06:34:27] ℹ️ 转换结果与现有 .mrs 相同，未更新：./Cloudflare/Cloudflare_OCD_IP.mrs (md5 a4e769852a820e7543c728d0c547f983)
[2025-09-13 06:34:27] 转换无变化，已删除 per-log：./Cloudflare/Cloudflare_OCD_IP.mrs.log
[2025-09-13 06:34:27] 开始转换：./Cloudflare/Cloudflare_OCD_Domain.yaml -> ./Cloudflare/Cloudflare_OCD_Domain.mrs （临时 ./Cloudflare/Cloudflare_OCD_Domain.mrs.tmp），之前 md5=72a0ef4d61cf9d1f4d22c5e6071e98d0
[2025-09-13 06:34:27] ℹ️ 转换结果与现有 .mrs 相同，未更新：./Cloudflare/Cloudflare_OCD_Domain.mrs (md5 72a0ef4d61cf9d1f4d22c5e6071e98d0)
[2025-09-13 06:34:27] 转换无变化，已删除 per-log：./Cloudflare/Cloudflare_OCD_Domain.mrs.log
[2025-09-13 06:34:27] 开始转换：./AppleDaily/AppleDaily_OCD_Domain.yaml -> ./AppleDaily/AppleDaily_OCD_Domain.mrs （临时 ./AppleDaily/AppleDaily_OCD_Domain.mrs.tmp），之前 md5=f437e011c66cc5e0a8f2f080eafe3804
[2025-09-13 06:34:27] ℹ️ 转换结果与现有 .mrs 相同，未更新：./AppleDaily/AppleDaily_OCD_Domain.mrs (md5 f437e011c66cc5e0a8f2f080eafe3804)
[2025-09-13 06:34:27] 转换无变化，已删除 per-log：./AppleDaily/AppleDaily_OCD_Domain.mrs.log
[2025-09-13 06:34:27] 开始转换：./AppleDaily/AppleDaily_OCD_IP.yaml -> ./AppleDaily/AppleDaily_OCD_IP.mrs （临时 ./AppleDaily/AppleDaily_OCD_IP.mrs.tmp），之前 md5=3ae941e2c1937537ba5a07c4ac01521a
[2025-09-13 06:34:27] ℹ️ 转换结果与现有 .mrs 相同，未更新：./AppleDaily/AppleDaily_OCD_IP.mrs (md5 3ae941e2c1937537ba5a07c4ac01521a)
[2025-09-13 06:34:27] 转换无变化，已删除 per-log：./AppleDaily/AppleDaily_OCD_IP.mrs.log
[2025-09-13 06:34:27] 开始转换：./CBS/CBS_OCD_Domain.yaml -> ./CBS/CBS_OCD_Domain.mrs （临时 ./CBS/CBS_OCD_Domain.mrs.tmp），之前 md5=b7ae799afd97b439b5bc0ff4ce88e5a9
[2025-09-13 06:34:27] ℹ️ 转换结果与现有 .mrs 相同，未更新：./CBS/CBS_OCD_Domain.mrs (md5 b7ae799afd97b439b5bc0ff4ce88e5a9)
[2025-09-13 06:34:27] 转换无变化，已删除 per-log：./CBS/CBS_OCD_Domain.mrs.log
[2025-09-13 06:34:27] 开始转换：./CBS/CBS_OCD_IP.yaml -> ./CBS/CBS_OCD_IP.mrs （临时 ./CBS/CBS_OCD_IP.mrs.tmp），之前 md5=3ae941e2c1937537ba5a07c4ac01521a
[2025-09-13 06:34:27] ℹ️ 转换结果与现有 .mrs 相同，未更新：./CBS/CBS_OCD_IP.mrs (md5 3ae941e2c1937537ba5a07c4ac01521a)
[2025-09-13 06:34:27] 转换无变化，已删除 per-log：./CBS/CBS_OCD_IP.mrs.log
[2025-09-13 06:34:27] 开始转换：./HeroesoftheStorm/HeroesoftheStorm_OCD_IP.yaml -> ./HeroesoftheStorm/HeroesoftheStorm_OCD_IP.mrs （临时 ./HeroesoftheStorm/HeroesoftheStorm_OCD_IP.mrs.tmp），之前 md5=aeb1a46c2fc40149daafa96dc1f493d8
[2025-09-13 06:34:27] ℹ️ 转换结果与现有 .mrs 相同，未更新：./HeroesoftheStorm/HeroesoftheStorm_OCD_IP.mrs (md5 aeb1a46c2fc40149daafa96dc1f493d8)
[2025-09-13 06:34:27] 转换无变化，已删除 per-log：./HeroesoftheStorm/HeroesoftheStorm_OCD_IP.mrs.log
[2025-09-13 06:34:27] 开始转换：./HeroesoftheStorm/HeroesoftheStorm_OCD_Domain.yaml -> ./HeroesoftheStorm/HeroesoftheStorm_OCD_Domain.mrs （临时 ./HeroesoftheStorm/HeroesoftheStorm_OCD_Domain.mrs.tmp），之前 md5=3b09ff0bd0293a12f4ddcfe99bd4d7b8
[2025-09-13 06:34:27] ✅ 转换并更新：./HeroesoftheStorm/HeroesoftheStorm_OCD_Domain.mrs （3b09ff0bd0293a12f4ddcfe99bd4d7b8 -> 017e43f277341d38bb8ae871a3770262）
[2025-09-13 06:34:27] 已删除成功转换产生的日志文件：./HeroesoftheStorm/HeroesoftheStorm_OCD_Domain.mrs.log
[2025-09-13 06:34:27] 开始转换：./Advertising/Advertising_OCD_Domain.yaml -> ./Advertising/Advertising_OCD_Domain.mrs （临时 ./Advertising/Advertising_OCD_Domain.mrs.tmp），之前 md5=e72e44b9b41855a70c86bd97e621d41c
[2025-09-13 06:34:30] ℹ️ 转换结果与现有 .mrs 相同，未更新：./Advertising/Advertising_OCD_Domain.mrs (md5 e72e44b9b41855a70c86bd97e621d41c)
[2025-09-13 06:34:30] 转换无变化，已删除 per-log：./Advertising/Advertising_OCD_Domain.mrs.log
[2025-09-13 06:34:30] 开始转换：./Advertising/Advertising_OCD_IP.yaml -> ./Advertising/Advertising_OCD_IP.mrs （临时 ./Advertising/Advertising_OCD_IP.mrs.tmp），之前 md5=226c23cbf99e8caa664c8519a8a23e62
[2025-09-13 06:34:30] ℹ️ 转换结果与现有 .mrs 相同，未更新：./Advertising/Advertising_OCD_IP.mrs (md5 226c23cbf99e8caa664c8519a8a23e62)
[2025-09-13 06:34:30] 转换无变化，已删除 per-log：./Advertising/Advertising_OCD_IP.mrs.log
[2025-09-13 06:34:30] 开始转换：./TVer/TVer_OCD_IP.yaml -> ./TVer/TVer_OCD_IP.mrs （临时 ./TVer/TVer_OCD_IP.mrs.tmp），之前 md5=3ae941e2c1937537ba5a07c4ac01521a
[2025-09-13 06:34:30] ℹ️ 转换结果与现有 .mrs 相同，未更新：./TVer/TVer_OCD_IP.mrs (md5 3ae941e2c1937537ba5a07c4ac01521a)
[2025-09-13 06:34:30] 转换无变化，已删除 per-log：./TVer/TVer_OCD_IP.mrs.log
[2025-09-13 06:34:30] 开始转换：./TVer/TVer_OCD_Domain.yaml -> ./TVer/TVer_OCD_Domain.mrs （临时 ./TVer/TVer_OCD_Domain.mrs.tmp），之前 md5=63fd041e430ebab898d530f19498ef89
[2025-09-13 06:34:30] ℹ️ 转换结果与现有 .mrs 相同，未更新：./TVer/TVer_OCD_Domain.mrs (md5 63fd041e430ebab898d530f19498ef89)
[2025-09-13 06:34:30] 转换无变化，已删除 per-log：./TVer/TVer_OCD_Domain.mrs.log
[2025-09-13 06:34:30] 开始转换：./DynDNS/DynDNS_OCD_Domain.yaml -> ./DynDNS/DynDNS_OCD_Domain.mrs （临时 ./DynDNS/DynDNS_OCD_Domain.mrs.tmp），之前 md5=ab3e7b646635c8c22d04361ba7910bc0
[2025-09-13 06:34:30] ℹ️ 转换结果与现有 .mrs 相同，未更新：./DynDNS/DynDNS_OCD_Domain.mrs (md5 ab3e7b646635c8c22d04361ba7910bc0)
[2025-09-13 06:34:30] 转换无变化，已删除 per-log：./DynDNS/DynDNS_OCD_Domain.mrs.log
[2025-09-13 06:34:30] 开始转换：./DynDNS/DynDNS_OCD_IP.yaml -> ./DynDNS/DynDNS_OCD_IP.mrs （临时 ./DynDNS/DynDNS_OCD_IP.mrs.tmp），之前 md5=3ae941e2c1937537ba5a07c4ac01521a
[2025-09-13 06:34:30] ℹ️ 转换结果与现有 .mrs 相同，未更新：./DynDNS/DynDNS_OCD_IP.mrs (md5 3ae941e2c1937537ba5a07c4ac01521a)
[2025-09-13 06:34:30] 转换无变化，已删除 per-log：./DynDNS/DynDNS_OCD_IP.mrs.log
[2025-09-13 06:34:30] 开始转换：./MOOV/MOOV_OCD_Domain.yaml -> ./MOOV/MOOV_OCD_Domain.mrs （临时 ./MOOV/MOOV_OCD_Domain.mrs.tmp），之前 md5=1f1a3ccad5988a67f19ce42f57dfbf83
[2025-09-13 06:34:30] ℹ️ 转换结果与现有 .mrs 相同，未更新：./MOOV/MOOV_OCD_Domain.mrs (md5 1f1a3ccad5988a67f19ce42f57dfbf83)
[2025-09-13 06:34:30] 转换无变化，已删除 per-log：./MOOV/MOOV_OCD_Domain.mrs.log
[2025-09-13 06:34:30] 开始转换：./MOOV/MOOV_OCD_IP.yaml -> ./MOOV/MOOV_OCD_IP.mrs （临时 ./MOOV/MOOV_OCD_IP.mrs.tmp），之前 md5=3ae941e2c1937537ba5a07c4ac01521a
[2025-09-13 06:34:30] ℹ️ 转换结果与现有 .mrs 相同，未更新：./MOOV/MOOV_OCD_IP.mrs (md5 3ae941e2c1937537ba5a07c4ac01521a)
[2025-09-13 06:34:30] 转换无变化，已删除 per-log：./MOOV/MOOV_OCD_IP.mrs.log
[2025-09-13 06:34:30] 开始转换：./Intel/Intel_OCD_Domain.yaml -> ./Intel/Intel_OCD_Domain.mrs （临时 ./Intel/Intel_OCD_Domain.mrs.tmp），之前 md5=16b9c3721eb1ed3d28914e026f0e9959
[2025-09-13 06:34:30] ℹ️ 转换结果与现有 .mrs 相同，未更新：./Intel/Intel_OCD_Domain.mrs (md5 16b9c3721eb1ed3d28914e026f0e9959)
[2025-09-13 06:34:30] 转换无变化，已删除 per-log：./Intel/Intel_OCD_Domain.mrs.log
[2025-09-13 06:34:30] 开始转换：./Intel/Intel_OCD_IP.yaml -> ./Intel/Intel_OCD_IP.mrs （临时 ./Intel/Intel_OCD_IP.mrs.tmp），之前 md5=3ae941e2c1937537ba5a07c4ac01521a
[2025-09-13 06:34:30] ℹ️ 转换结果与现有 .mrs 相同，未更新：./Intel/Intel_OCD_IP.mrs (md5 3ae941e2c1937537ba5a07c4ac01521a)
[2025-09-13 06:34:30] 转换无变化，已删除 per-log：./Intel/Intel_OCD_IP.mrs.log
[2025-09-13 06:34:30] 开始转换：./My5/My5_OCD_IP.yaml -> ./My5/My5_OCD_IP.mrs （临时 ./My5/My5_OCD_IP.mrs.tmp），之前 md5=3ae941e2c1937537ba5a07c4ac01521a
[2025-09-13 06:34:30] ℹ️ 转换结果与现有 .mrs 相同，未更新：./My5/My5_OCD_IP.mrs (md5 3ae941e2c1937537ba5a07c4ac01521a)
[2025-09-13 06:34:30] 转换无变化，已删除 per-log：./My5/My5_OCD_IP.mrs.log
[2025-09-13 06:34:30] 开始转换：./My5/My5_OCD_Domain.yaml -> ./My5/My5_OCD_Domain.mrs （临时 ./My5/My5_OCD_Domain.mrs.tmp），之前 md5=5e93bdb7b98efca388869057485eb94d
[2025-09-13 06:34:30] ℹ️ 转换结果与现有 .mrs 相同，未更新：./My5/My5_OCD_Domain.mrs (md5 5e93bdb7b98efca388869057485eb94d)
[2025-09-13 06:34:30] 转换无变化，已删除 per-log：./My5/My5_OCD_Domain.mrs.log
[2025-09-13 06:34:30] 开始转换：./Opera/Opera_OCD_IP.yaml -> ./Opera/Opera_OCD_IP.mrs （临时 ./Opera/Opera_OCD_IP.mrs.tmp），之前 md5=2e23993794568c780eb9e974d828a75b
[2025-09-13 06:34:30] ℹ️ 转换结果与现有 .mrs 相同，未更新：./Opera/Opera_OCD_IP.mrs (md5 2e23993794568c780eb9e974d828a75b)
[2025-09-13 06:34:30] 转换无变化，已删除 per-log：./Opera/Opera_OCD_IP.mrs.log
[2025-09-13 06:34:30] 开始转换：./Opera/Opera_OCD_Domain.yaml -> ./Opera/Opera_OCD_Domain.mrs （临时 ./Opera/Opera_OCD_Domain.mrs.tmp），之前 md5=373b4bfb3ad8a757bbd9f53258e710f4
[2025-09-13 06:34:30] ℹ️ 转换结果与现有 .mrs 相同，未更新：./Opera/Opera_OCD_Domain.mrs (md5 373b4bfb3ad8a757bbd9f53258e710f4)
[2025-09-13 06:34:30] 转换无变化，已删除 per-log：./Opera/Opera_OCD_Domain.mrs.log
[2025-09-13 06:34:30] 开始转换：./aiXcoder/aiXcoder_OCD_IP.yaml -> ./aiXcoder/aiXcoder_OCD_IP.mrs （临时 ./aiXcoder/aiXcoder_OCD_IP.mrs.tmp），之前 md5=3ae941e2c1937537ba5a07c4ac01521a
[2025-09-13 06:34:30] ℹ️ 转换结果与现有 .mrs 相同，未更新：./aiXcoder/aiXcoder_OCD_IP.mrs (md5 3ae941e2c1937537ba5a07c4ac01521a)
[2025-09-13 06:34:30] 转换无变化，已删除 per-log：./aiXcoder/aiXcoder_OCD_IP.mrs.log
[2025-09-13 06:34:30] 开始转换：./aiXcoder/aiXcoder_OCD_Domain.yaml -> ./aiXcoder/aiXcoder_OCD_Domain.mrs （临时 ./aiXcoder/aiXcoder_OCD_Domain.mrs.tmp），之前 md5=2ed17456226f84d9886dcdb3ddc5a388
[2025-09-13 06:34:30] ℹ️ 转换结果与现有 .mrs 相同，未更新：./aiXcoder/aiXcoder_OCD_Domain.mrs (md5 2ed17456226f84d9886dcdb3ddc5a388)
[2025-09-13 06:34:30] 转换无变化，已删除 per-log：./aiXcoder/aiXcoder_OCD_Domain.mrs.log
[2025-09-13 06:34:30] 开始转换：./EasyPrivacy/EasyPrivacy_OCD_IP.yaml -> ./EasyPrivacy/EasyPrivacy_OCD_IP.mrs （临时 ./EasyPrivacy/EasyPrivacy_OCD_IP.mrs.tmp），之前 md5=3ae941e2c1937537ba5a07c4ac01521a
[2025-09-13 06:34:30] ℹ️ 转换结果与现有 .mrs 相同，未更新：./EasyPrivacy/EasyPrivacy_OCD_IP.mrs (md5 3ae941e2c1937537ba5a07c4ac01521a)
[2025-09-13 06:34:30] 转换无变化，已删除 per-log：./EasyPrivacy/EasyPrivacy_OCD_IP.mrs.log
[2025-09-13 06:34:30] 开始转换：./EasyPrivacy/EasyPrivacy_OCD_Domain.yaml -> ./EasyPrivacy/EasyPrivacy_OCD_Domain.mrs （临时 ./EasyPrivacy/EasyPrivacy_OCD_Domain.mrs.tmp），之前 md5=46520634120868255e93918b37977c05
[2025-09-13 06:34:31] ℹ️ 转换结果与现有 .mrs 相同，未更新：./EasyPrivacy/EasyPrivacy_OCD_Domain.mrs (md5 46520634120868255e93918b37977c05)
[2025-09-13 06:34:31] 转换无变化，已删除 per-log：./EasyPrivacy/EasyPrivacy_OCD_Domain.mrs.log
[2025-09-13 06:34:31] 开始转换：./Game/TencentLoLMobile/TencentLoLMobile_OCD_IP.yaml -> ./Game/TencentLoLMobile/TencentLoLMobile_OCD_IP.mrs （临时 ./Game/TencentLoLMobile/TencentLoLMobile_OCD_IP.mrs.tmp），之前 md5=3ae941e2c1937537ba5a07c4ac01521a
[2025-09-13 06:34:31] ℹ️ 转换结果与现有 .mrs 相同，未更新：./Game/TencentLoLMobile/TencentLoLMobile_OCD_IP.mrs (md5 3ae941e2c1937537ba5a07c4ac01521a)
[2025-09-13 06:34:31] 转换无变化，已删除 per-log：./Game/TencentLoLMobile/TencentLoLMobile_OCD_IP.mrs.log
[2025-09-13 06:34:31] 开始转换：./Game/TencentLoLMobile/TencentLoLMobile_OCD_Domain.yaml -> ./Game/TencentLoLMobile/TencentLoLMobile_OCD_Domain.mrs （临时 ./Game/TencentLoLMobile/TencentLoLMobile_OCD_Domain.mrs.tmp），之前 md5=44b944008c682883359e32441d7fc958
[2025-09-13 06:34:31] ℹ️ 转换结果与现有 .mrs 相同，未更新：./Game/TencentLoLMobile/TencentLoLMobile_OCD_Domain.mrs (md5 44b944008c682883359e32441d7fc958)
[2025-09-13 06:34:31] 转换无变化，已删除 per-log：./Game/TencentLoLMobile/TencentLoLMobile_OCD_Domain.mrs.log
[2025-09-13 06:34:31] 开始转换：./Game/Nikke/Nikke_OCD_Domain.yaml -> ./Game/Nikke/Nikke_OCD_Domain.mrs （临时 ./Game/Nikke/Nikke_OCD_Domain.mrs.tmp），之前 md5=e81563c3ea3d050a6f7a7de30e3d71c4
[2025-09-13 06:34:31] ℹ️ 转换结果与现有 .mrs 相同，未更新：./Game/Nikke/Nikke_OCD_Domain.mrs (md5 e81563c3ea3d050a6f7a7de30e3d71c4)
[2025-09-13 06:34:31] 转换无变化，已删除 per-log：./Game/Nikke/Nikke_OCD_Domain.mrs.log
[2025-09-13 06:34:31] 开始转换：./Game/Nikke/Nikke_OCD_IP.yaml -> ./Game/Nikke/Nikke_OCD_IP.mrs （临时 ./Game/Nikke/Nikke_OCD_IP.mrs.tmp），之前 md5=29c08c8be3f563d7e949f3e1294fe466
[2025-09-13 06:34:31] ℹ️ 转换结果与现有 .mrs 相同，未更新：./Game/Nikke/Nikke_OCD_IP.mrs (md5 29c08c8be3f563d7e949f3e1294fe466)
[2025-09-13 06:34:31] 转换无变化，已删除 per-log：./Game/Nikke/Nikke_OCD_IP.mrs.log
[2025-09-13 06:34:31] 开始转换：./Game/GameDownload/GameDownload_OCD_Domain.yaml -> ./Game/GameDownload/GameDownload_OCD_Domain.mrs （临时 ./Game/GameDownload/GameDownload_OCD_Domain.mrs.tmp），之前 md5=e664bf4f68c43b17a6e22a788b0bafd6
[2025-09-13 06:34:31] ℹ️ 转换结果与现有 .mrs 相同，未更新：./Game/GameDownload/GameDownload_OCD_Domain.mrs (md5 e664bf4f68c43b17a6e22a788b0bafd6)
[2025-09-13 06:34:31] 转换无变化，已删除 per-log：./Game/GameDownload/GameDownload_OCD_Domain.mrs.log
[2025-09-13 06:34:31] 开始转换：./Game/GameDownload/GameDownload_OCD_IP.yaml -> ./Game/GameDownload/GameDownload_OCD_IP.mrs （临时 ./Game/GameDownload/GameDownload_OCD_IP.mrs.tmp），之前 md5=3ae941e2c1937537ba5a07c4ac01521a
[2025-09-13 06:34:31] ℹ️ 转换结果与现有 .mrs 相同，未更新：./Game/GameDownload/GameDownload_OCD_IP.mrs (md5 3ae941e2c1937537ba5a07c4ac01521a)
[2025-09-13 06:34:31] 转换无变化，已删除 per-log：./Game/GameDownload/GameDownload_OCD_IP.mrs.log
[2025-09-13 06:34:31] 开始转换：./Game/Assassin'sCreed-Origins/Assassin'sCreed-Origins_OCD_IP.yaml -> ./Game/Assassin'sCreed-Origins/Assassin'sCreed-Origins_OCD_IP.mrs （临时 ./Game/Assassin'sCreed-Origins/Assassin'sCreed-Origins_OCD_IP.mrs.tmp），之前 md5=49f7a081257bccba2067f3afeb0cabc6
[2025-09-13 06:34:31] ℹ️ 转换结果与现有 .mrs 相同，未更新：./Game/Assassin'sCreed-Origins/Assassin'sCreed-Origins_OCD_IP.mrs (md5 49f7a081257bccba2067f3afeb0cabc6)
[2025-09-13 06:34:31] 转换无变化，已删除 per-log：./Game/Assassin'sCreed-Origins/Assassin'sCreed-Origins_OCD_IP.mrs.log
[2025-09-13 06:34:31] 开始转换：./Game/Assassin'sCreed-Origins/Assassin'sCreed-Origins_OCD_Domain.yaml -> ./Game/Assassin'sCreed-Origins/Assassin'sCreed-Origins_OCD_Domain.mrs （临时 ./Game/Assassin'sCreed-Origins/Assassin'sCreed-Origins_OCD_Domain.mrs.tmp），之前 md5=3b09ff0bd0293a12f4ddcfe99bd4d7b8
[2025-09-13 06:34:31] ✅ 转换并更新：./Game/Assassin'sCreed-Origins/Assassin'sCreed-Origins_OCD_Domain.mrs （3b09ff0bd0293a12f4ddcfe99bd4d7b8 -> 017e43f277341d38bb8ae871a3770262）
[2025-09-13 06:34:31] 已删除成功转换产生的日志文件：./Game/Assassin'sCreed-Origins/Assassin'sCreed-Origins_OCD_Domain.mrs.log
[2025-09-13 06:34:31] 开始转换：./Game/Roblox/Roblox_OCD_Domain.yaml -> ./Game/Roblox/Roblox_OCD_Domain.mrs （临时 ./Game/Roblox/Roblox_OCD_Domain.mrs.tmp），之前 md5=b24d2b0f23b992a68a35be4480cdf0d1
[2025-09-13 06:34:31] ℹ️ 转换结果与现有 .mrs 相同，未更新：./Game/Roblox/Roblox_OCD_Domain.mrs (md5 b24d2b0f23b992a68a35be4480cdf0d1)
[2025-09-13 06:34:31] 转换无变化，已删除 per-log：./Game/Roblox/Roblox_OCD_Domain.mrs.log
[2025-09-13 06:34:31] 开始转换：./Game/Roblox/Roblox_OCD_IP.yaml -> ./Game/Roblox/Roblox_OCD_IP.mrs （临时 ./Game/Roblox/Roblox_OCD_IP.mrs.tmp），之前 md5=3ae941e2c1937537ba5a07c4ac01521a
[2025-09-13 06:34:31] ℹ️ 转换结果与现有 .mrs 相同，未更新：./Game/Roblox/Roblox_OCD_IP.mrs (md5 3ae941e2c1937537ba5a07c4ac01521a)
[2025-09-13 06:34:31] 转换无变化，已删除 per-log：./Game/Roblox/Roblox_OCD_IP.mrs.log
[2025-09-13 06:34:31] 开始转换：./Game/Game_OCD_IP.yaml -> ./Game/Game_OCD_IP.mrs （临时 ./Game/Game_OCD_IP.mrs.tmp），之前 md5=e94c69ceeea7def3ba804f4e2af6473f
[2025-09-13 06:34:31] ℹ️ 转换结果与现有 .mrs 相同，未更新：./Game/Game_OCD_IP.mrs (md5 e94c69ceeea7def3ba804f4e2af6473f)
[2025-09-13 06:34:31] 转换无变化，已删除 per-log：./Game/Game_OCD_IP.mrs.log
[2025-09-13 06:34:31] 开始转换：./Game/GameDownloadCN/GameDownloadCN_OCD_Domain.yaml -> ./Game/GameDownloadCN/GameDownloadCN_OCD_Domain.mrs （临时 ./Game/GameDownloadCN/GameDownloadCN_OCD_Domain.mrs.tmp），之前 md5=733e51da77315a3aff1caf3bf580f60d
[2025-09-13 06:34:31] ℹ️ 转换结果与现有 .mrs 相同，未更新：./Game/GameDownloadCN/GameDownloadCN_OCD_Domain.mrs (md5 733e51da77315a3aff1caf3bf580f60d)
[2025-09-13 06:34:31] 转换无变化，已删除 per-log：./Game/GameDownloadCN/GameDownloadCN_OCD_Domain.mrs.log
[2025-09-13 06:34:31] 开始转换：./Game/GameDownloadCN/GameDownloadCN_OCD_IP.yaml -> ./Game/GameDownloadCN/GameDownloadCN_OCD_IP.mrs （临时 ./Game/GameDownloadCN/GameDownloadCN_OCD_IP.mrs.tmp），之前 md5=3ae941e2c1937537ba5a07c4ac01521a
[2025-09-13 06:34:31] ℹ️ 转换结果与现有 .mrs 相同，未更新：./Game/GameDownloadCN/GameDownloadCN_OCD_IP.mrs (md5 3ae941e2c1937537ba5a07c4ac01521a)
[2025-09-13 06:34:31] 转换无变化，已删除 per-log：./Game/GameDownloadCN/GameDownloadCN_OCD_IP.mrs.log
[2025-09-13 06:34:31] 开始转换：./Game/Game_OCD_Domain.yaml -> ./Game/Game_OCD_Domain.mrs （临时 ./Game/Game_OCD_Domain.mrs.tmp），之前 md5=c96514d6404bbecfd200f0d6b6f65359
[2025-09-13 06:34:31] ℹ️ 转换结果与现有 .mrs 相同，未更新：./Game/Game_OCD_Domain.mrs (md5 c96514d6404bbecfd200f0d6b6f65359)
[2025-09-13 06:34:31] 转换无变化，已删除 per-log：./Game/Game_OCD_Domain.mrs.log
[2025-09-13 06:34:31] 开始转换：./Game/Assassin'sCreed-Odyssey/Assassin'sCreed-Odyssey_OCD_IP.yaml -> ./Game/Assassin'sCreed-Odyssey/Assassin'sCreed-Odyssey_OCD_IP.mrs （临时 ./Game/Assassin'sCreed-Odyssey/Assassin'sCreed-Odyssey_OCD_IP.mrs.tmp），之前 md5=9a8e470f2e39d4d21dba7f1d39a3072c
[2025-09-13 06:34:31] ℹ️ 转换结果与现有 .mrs 相同，未更新：./Game/Assassin'sCreed-Odyssey/Assassin'sCreed-Odyssey_OCD_IP.mrs (md5 9a8e470f2e39d4d21dba7f1d39a3072c)
[2025-09-13 06:34:31] 转换无变化，已删除 per-log：./Game/Assassin'sCreed-Odyssey/Assassin'sCreed-Odyssey_OCD_IP.mrs.log
[2025-09-13 06:34:31] 开始转换：./Game/Assassin'sCreed-Odyssey/Assassin'sCreed-Odyssey_OCD_Domain.yaml -> ./Game/Assassin'sCreed-Odyssey/Assassin'sCreed-Odyssey_OCD_Domain.mrs （临时 ./Game/Assassin'sCreed-Odyssey/Assassin'sCreed-Odyssey_OCD_Domain.mrs.tmp），之前 md5=3b09ff0bd0293a12f4ddcfe99bd4d7b8
[2025-09-13 06:34:31] ✅ 转换并更新：./Game/Assassin'sCreed-Odyssey/Assassin'sCreed-Odyssey_OCD_Domain.mrs （3b09ff0bd0293a12f4ddcfe99bd4d7b8 -> 017e43f277341d38bb8ae871a3770262）
[2025-09-13 06:34:31] 已删除成功转换产生的日志文件：./Game/Assassin'sCreed-Odyssey/Assassin'sCreed-Odyssey_OCD_Domain.mrs.log
[2025-09-13 06:34:31] 开始转换：./Riot/Riot_OCD_Domain.yaml -> ./Riot/Riot_OCD_Domain.mrs （临时 ./Riot/Riot_OCD_Domain.mrs.tmp），之前 md5=8253155cda91b00e3beb8949517bc701
[2025-09-13 06:34:31] ℹ️ 转换结果与现有 .mrs 相同，未更新：./Riot/Riot_OCD_Domain.mrs (md5 8253155cda91b00e3beb8949517bc701)
[2025-09-13 06:34:31] 转换无变化，已删除 per-log：./Riot/Riot_OCD_Domain.mrs.log
[2025-09-13 06:34:31] 开始转换：./Riot/Riot_OCD_IP.yaml -> ./Riot/Riot_OCD_IP.mrs （临时 ./Riot/Riot_OCD_IP.mrs.tmp），之前 md5=3ae941e2c1937537ba5a07c4ac01521a
[2025-09-13 06:34:31] ℹ️ 转换结果与现有 .mrs 相同，未更新：./Riot/Riot_OCD_IP.mrs (md5 3ae941e2c1937537ba5a07c4ac01521a)
[2025-09-13 06:34:31] 转换无变化，已删除 per-log：./Riot/Riot_OCD_IP.mrs.log
[2025-09-13 06:34:31] 开始转换：./StarCraftII/StarCraftII_OCD_IP.yaml -> ./StarCraftII/StarCraftII_OCD_IP.mrs （临时 ./StarCraftII/StarCraftII_OCD_IP.mrs.tmp），之前 md5=0c7e28693b7a38e8b6c4adc903109b60
[2025-09-13 06:34:31] ℹ️ 转换结果与现有 .mrs 相同，未更新：./StarCraftII/StarCraftII_OCD_IP.mrs (md5 0c7e28693b7a38e8b6c4adc903109b60)
[2025-09-13 06:34:31] 转换无变化，已删除 per-log：./StarCraftII/StarCraftII_OCD_IP.mrs.log
[2025-09-13 06:34:31] 开始转换：./StarCraftII/StarCraftII_OCD_Domain.yaml -> ./StarCraftII/StarCraftII_OCD_Domain.mrs （临时 ./StarCraftII/StarCraftII_OCD_Domain.mrs.tmp），之前 md5=3b09ff0bd0293a12f4ddcfe99bd4d7b8
[2025-09-13 06:34:31] ✅ 转换并更新：./StarCraftII/StarCraftII_OCD_Domain.mrs （3b09ff0bd0293a12f4ddcfe99bd4d7b8 -> 017e43f277341d38bb8ae871a3770262）
[2025-09-13 06:34:31] 已删除成功转换产生的日志文件：./StarCraftII/StarCraftII_OCD_Domain.mrs.log
[2025-09-13 06:34:31] 开始转换：./HWTV/HWTV_OCD_Domain.yaml -> ./HWTV/HWTV_OCD_Domain.mrs （临时 ./HWTV/HWTV_OCD_Domain.mrs.tmp），之前 md5=7b9bc059eeb939de9a0248579b6c03a1
[2025-09-13 06:34:31] ℹ️ 转换结果与现有 .mrs 相同，未更新：./HWTV/HWTV_OCD_Domain.mrs (md5 7b9bc059eeb939de9a0248579b6c03a1)
[2025-09-13 06:34:31] 转换无变化，已删除 per-log：./HWTV/HWTV_OCD_Domain.mrs.log
[2025-09-13 06:34:31] 开始转换：./HWTV/HWTV_OCD_IP.yaml -> ./HWTV/HWTV_OCD_IP.mrs （临时 ./HWTV/HWTV_OCD_IP.mrs.tmp），之前 md5=3ae941e2c1937537ba5a07c4ac01521a
[2025-09-13 06:34:31] ℹ️ 转换结果与现有 .mrs 相同，未更新：./HWTV/HWTV_OCD_IP.mrs (md5 3ae941e2c1937537ba5a07c4ac01521a)
[2025-09-13 06:34:31] 转换无变化，已删除 per-log：./HWTV/HWTV_OCD_IP.mrs.log
[2025-09-13 06:34:31] 开始转换：./NYTimes/NYTimes_OCD_IP.yaml -> ./NYTimes/NYTimes_OCD_IP.mrs （临时 ./NYTimes/NYTimes_OCD_IP.mrs.tmp），之前 md5=3ae941e2c1937537ba5a07c4ac01521a
[2025-09-13 06:34:31] ℹ️ 转换结果与现有 .mrs 相同，未更新：./NYTimes/NYTimes_OCD_IP.mrs (md5 3ae941e2c1937537ba5a07c4ac01521a)
[2025-09-13 06:34:31] 转换无变化，已删除 per-log：./NYTimes/NYTimes_OCD_IP.mrs.log
[2025-09-13 06:34:31] 开始转换：./NYTimes/NYTimes_OCD_Domain.yaml -> ./NYTimes/NYTimes_OCD_Domain.mrs （临时 ./NYTimes/NYTimes_OCD_Domain.mrs.tmp），之前 md5=470e2c98ea2b6830d13498061c395880
[2025-09-13 06:34:31] ℹ️ 转换结果与现有 .mrs 相同，未更新：./NYTimes/NYTimes_OCD_Domain.mrs (md5 470e2c98ea2b6830d13498061c395880)
[2025-09-13 06:34:32] 转换无变化，已删除 per-log：./NYTimes/NYTimes_OCD_Domain.mrs.log
[2025-09-13 06:34:32] 开始转换：./FindMy/FindMy_OCD_Domain.yaml -> ./FindMy/FindMy_OCD_Domain.mrs （临时 ./FindMy/FindMy_OCD_Domain.mrs.tmp），之前 md5=21141b53526117cc1491013ac67c2fdc
[2025-09-13 06:34:32] ℹ️ 转换结果与现有 .mrs 相同，未更新：./FindMy/FindMy_OCD_Domain.mrs (md5 21141b53526117cc1491013ac67c2fdc)
[2025-09-13 06:34:32] 转换无变化，已删除 per-log：./FindMy/FindMy_OCD_Domain.mrs.log
[2025-09-13 06:34:32] 开始转换：./FindMy/FindMy_OCD_IP.yaml -> ./FindMy/FindMy_OCD_IP.mrs （临时 ./FindMy/FindMy_OCD_IP.mrs.tmp），之前 md5=3ae941e2c1937537ba5a07c4ac01521a
[2025-09-13 06:34:32] ℹ️ 转换结果与现有 .mrs 相同，未更新：./FindMy/FindMy_OCD_IP.mrs (md5 3ae941e2c1937537ba5a07c4ac01521a)
[2025-09-13 06:34:32] 转换无变化，已删除 per-log：./FindMy/FindMy_OCD_IP.mrs.log
[2025-09-13 06:34:32] 开始转换：./ChinaMobile/ChinaMobile_OCD_Domain.yaml -> ./ChinaMobile/ChinaMobile_OCD_Domain.mrs （临时 ./ChinaMobile/ChinaMobile_OCD_Domain.mrs.tmp），之前 md5=6516c8405c743c9c61ff3ae97b9f0c4d
[2025-09-13 06:34:32] ℹ️ 转换结果与现有 .mrs 相同，未更新：./ChinaMobile/ChinaMobile_OCD_Domain.mrs (md5 6516c8405c743c9c61ff3ae97b9f0c4d)
[2025-09-13 06:34:32] 转换无变化，已删除 per-log：./ChinaMobile/ChinaMobile_OCD_Domain.mrs.log
[2025-09-13 06:34:32] 开始转换：./ChinaMobile/ChinaMobile_OCD_IP.yaml -> ./ChinaMobile/ChinaMobile_OCD_IP.mrs （临时 ./ChinaMobile/ChinaMobile_OCD_IP.mrs.tmp），之前 md5=ea322dbba6798dbc26ffd5e445810de2
[2025-09-13 06:34:32] ℹ️ 转换结果与现有 .mrs 相同，未更新：./ChinaMobile/ChinaMobile_OCD_IP.mrs (md5 ea322dbba6798dbc26ffd5e445810de2)
[2025-09-13 06:34:32] 转换无变化，已删除 per-log：./ChinaMobile/ChinaMobile_OCD_IP.mrs.log
[2025-09-13 06:34:32] 开始转换：./Telegram/Telegram_OCD_Domain.yaml -> ./Telegram/Telegram_OCD_Domain.mrs （临时 ./Telegram/Telegram_OCD_Domain.mrs.tmp），之前 md5=d1af901dffb42b38e391799d33658259
[2025-09-13 06:34:32] ℹ️ 转换结果与现有 .mrs 相同，未更新：./Telegram/Telegram_OCD_Domain.mrs (md5 d1af901dffb42b38e391799d33658259)
[2025-09-13 06:34:32] 转换无变化，已删除 per-log：./Telegram/Telegram_OCD_Domain.mrs.log
[2025-09-13 06:34:32] 开始转换：./Telegram/Telegram_OCD_IP.yaml -> ./Telegram/Telegram_OCD_IP.mrs （临时 ./Telegram/Telegram_OCD_IP.mrs.tmp），之前 md5=97944d991337f4bdb582366096ed322e
[2025-09-13 06:34:32] ℹ️ 转换结果与现有 .mrs 相同，未更新：./Telegram/Telegram_OCD_IP.mrs (md5 97944d991337f4bdb582366096ed322e)
[2025-09-13 06:34:32] 转换无变化，已删除 per-log：./Telegram/Telegram_OCD_IP.mrs.log
[2025-09-13 06:34:32] 开始转换：./Stackexchange/Stackexchange_OCD_Domain.yaml -> ./Stackexchange/Stackexchange_OCD_Domain.mrs （临时 ./Stackexchange/Stackexchange_OCD_Domain.mrs.tmp），之前 md5=0b71f5accf1a97fe1843d60fbf5b3664
[2025-09-13 06:34:32] ℹ️ 转换结果与现有 .mrs 相同，未更新：./Stackexchange/Stackexchange_OCD_Domain.mrs (md5 0b71f5accf1a97fe1843d60fbf5b3664)
[2025-09-13 06:34:32] 转换无变化，已删除 per-log：./Stackexchange/Stackexchange_OCD_Domain.mrs.log
[2025-09-13 06:34:32] 开始转换：./Stackexchange/Stackexchange_OCD_IP.yaml -> ./Stackexchange/Stackexchange_OCD_IP.mrs （临时 ./Stackexchange/Stackexchange_OCD_IP.mrs.tmp），之前 md5=3ae941e2c1937537ba5a07c4ac01521a
[2025-09-13 06:34:32] ℹ️ 转换结果与现有 .mrs 相同，未更新：./Stackexchange/Stackexchange_OCD_IP.mrs (md5 3ae941e2c1937537ba5a07c4ac01521a)
[2025-09-13 06:34:32] 转换无变化，已删除 per-log：./Stackexchange/Stackexchange_OCD_IP.mrs.log
[2025-09-13 06:34:32] 开始转换：./TestFlight/TestFlight_OCD_IP.yaml -> ./TestFlight/TestFlight_OCD_IP.mrs （临时 ./TestFlight/TestFlight_OCD_IP.mrs.tmp），之前 md5=3ae941e2c1937537ba5a07c4ac01521a
[2025-09-13 06:34:32] ℹ️ 转换结果与现有 .mrs 相同，未更新：./TestFlight/TestFlight_OCD_IP.mrs (md5 3ae941e2c1937537ba5a07c4ac01521a)
[2025-09-13 06:34:32] 转换无变化，已删除 per-log：./TestFlight/TestFlight_OCD_IP.mrs.log
[2025-09-13 06:34:32] 开始转换：./TestFlight/TestFlight_OCD_Domain.yaml -> ./TestFlight/TestFlight_OCD_Domain.mrs （临时 ./TestFlight/TestFlight_OCD_Domain.mrs.tmp），之前 md5=d9d33c4230936ff2c06bb056e3a87901
[2025-09-13 06:34:32] ℹ️ 转换结果与现有 .mrs 相同，未更新：./TestFlight/TestFlight_OCD_Domain.mrs (md5 d9d33c4230936ff2c06bb056e3a87901)
[2025-09-13 06:34:32] 转换无变化，已删除 per-log：./TestFlight/TestFlight_OCD_Domain.mrs.log
[2025-09-13 06:34:32] 开始转换：./AdobeActivation/AdobeActivation_OCD_IP.yaml -> ./AdobeActivation/AdobeActivation_OCD_IP.mrs （临时 ./AdobeActivation/AdobeActivation_OCD_IP.mrs.tmp），之前 md5=4d90a4ecfc5825330712724771a7e00b
[2025-09-13 06:34:32] ℹ️ 转换结果与现有 .mrs 相同，未更新：./AdobeActivation/AdobeActivation_OCD_IP.mrs (md5 4d90a4ecfc5825330712724771a7e00b)
[2025-09-13 06:34:32] 转换无变化，已删除 per-log：./AdobeActivation/AdobeActivation_OCD_IP.mrs.log
[2025-09-13 06:34:32] 开始转换：./AdobeActivation/AdobeActivation_OCD_Domain.yaml -> ./AdobeActivation/AdobeActivation_OCD_Domain.mrs （临时 ./AdobeActivation/AdobeActivation_OCD_Domain.mrs.tmp），之前 md5=337955c57c9b12ff267d2461c97ed7f7
[2025-09-13 06:34:32] ℹ️ 转换结果与现有 .mrs 相同，未更新：./AdobeActivation/AdobeActivation_OCD_Domain.mrs (md5 337955c57c9b12ff267d2461c97ed7f7)
[2025-09-13 06:34:32] 转换无变化，已删除 per-log：./AdobeActivation/AdobeActivation_OCD_Domain.mrs.log
[2025-09-13 06:34:32] 开始转换：./TelegramSG/TelegramSG_OCD_IP.yaml -> ./TelegramSG/TelegramSG_OCD_IP.mrs （临时 ./TelegramSG/TelegramSG_OCD_IP.mrs.tmp），之前 md5=f95a1887c3ab79ea21f6b172b212e808
[2025-09-13 06:34:32] ℹ️ 转换结果与现有 .mrs 相同，未更新：./TelegramSG/TelegramSG_OCD_IP.mrs (md5 f95a1887c3ab79ea21f6b172b212e808)
[2025-09-13 06:34:32] 转换无变化，已删除 per-log：./TelegramSG/TelegramSG_OCD_IP.mrs.log
[2025-09-13 06:34:32] 开始转换：./TelegramSG/TelegramSG_OCD_Domain.yaml -> ./TelegramSG/TelegramSG_OCD_Domain.mrs （临时 ./TelegramSG/TelegramSG_OCD_Domain.mrs.tmp），之前 md5=3b09ff0bd0293a12f4ddcfe99bd4d7b8
[2025-09-13 06:34:32] ✅ 转换并更新：./TelegramSG/TelegramSG_OCD_Domain.mrs （3b09ff0bd0293a12f4ddcfe99bd4d7b8 -> 017e43f277341d38bb8ae871a3770262）
[2025-09-13 06:34:32] 已删除成功转换产生的日志文件：./TelegramSG/TelegramSG_OCD_Domain.mrs.log
[2025-09-13 06:34:32] 开始转换：./VOA/VOA_OCD_Domain.yaml -> ./VOA/VOA_OCD_Domain.mrs （临时 ./VOA/VOA_OCD_Domain.mrs.tmp），之前 md5=2ac5ecf587434009333808a51a267b94
[2025-09-13 06:34:32] ℹ️ 转换结果与现有 .mrs 相同，未更新：./VOA/VOA_OCD_Domain.mrs (md5 2ac5ecf587434009333808a51a267b94)
[2025-09-13 06:34:32] 转换无变化，已删除 per-log：./VOA/VOA_OCD_Domain.mrs.log
[2025-09-13 06:34:32] 开始转换：./VOA/VOA_OCD_IP.yaml -> ./VOA/VOA_OCD_IP.mrs （临时 ./VOA/VOA_OCD_IP.mrs.tmp），之前 md5=3ae941e2c1937537ba5a07c4ac01521a
[2025-09-13 06:34:32] ℹ️ 转换结果与现有 .mrs 相同，未更新：./VOA/VOA_OCD_IP.mrs (md5 3ae941e2c1937537ba5a07c4ac01521a)
[2025-09-13 06:34:32] 转换无变化，已删除 per-log：./VOA/VOA_OCD_IP.mrs.log
[2025-09-13 06:34:32] 开始转换：./Salesforce/Salesforce_OCD_IP.yaml -> ./Salesforce/Salesforce_OCD_IP.mrs （临时 ./Salesforce/Salesforce_OCD_IP.mrs.tmp），之前 md5=3ae941e2c1937537ba5a07c4ac01521a
[2025-09-13 06:34:32] ℹ️ 转换结果与现有 .mrs 相同，未更新：./Salesforce/Salesforce_OCD_IP.mrs (md5 3ae941e2c1937537ba5a07c4ac01521a)
[2025-09-13 06:34:32] 转换无变化，已删除 per-log：./Salesforce/Salesforce_OCD_IP.mrs.log
[2025-09-13 06:34:32] 开始转换：./Salesforce/Salesforce_OCD_Domain.yaml -> ./Salesforce/Salesforce_OCD_Domain.mrs （临时 ./Salesforce/Salesforce_OCD_Domain.mrs.tmp），之前 md5=924524db5f46cdd2fe3811ac1c0946d1
[2025-09-13 06:34:32] ℹ️ 转换结果与现有 .mrs 相同，未更新：./Salesforce/Salesforce_OCD_Domain.mrs (md5 924524db5f46cdd2fe3811ac1c0946d1)
[2025-09-13 06:34:32] 转换无变化，已删除 per-log：./Salesforce/Salesforce_OCD_Domain.mrs.log
[2025-09-13 06:34:32] 开始转换：./Shopee/Shopee_OCD_Domain.yaml -> ./Shopee/Shopee_OCD_Domain.mrs （临时 ./Shopee/Shopee_OCD_Domain.mrs.tmp），之前 md5=ef3b040d0ec3210194f6d7be1d16d5af
[2025-09-13 06:34:32] ℹ️ 转换结果与现有 .mrs 相同，未更新：./Shopee/Shopee_OCD_Domain.mrs (md5 ef3b040d0ec3210194f6d7be1d16d5af)
[2025-09-13 06:34:32] 转换无变化，已删除 per-log：./Shopee/Shopee_OCD_Domain.mrs.log
[2025-09-13 06:34:32] 开始转换：./Shopee/Shopee_OCD_IP.yaml -> ./Shopee/Shopee_OCD_IP.mrs （临时 ./Shopee/Shopee_OCD_IP.mrs.tmp），之前 md5=3ae941e2c1937537ba5a07c4ac01521a
[2025-09-13 06:34:32] ℹ️ 转换结果与现有 .mrs 相同，未更新：./Shopee/Shopee_OCD_IP.mrs (md5 3ae941e2c1937537ba5a07c4ac01521a)
[2025-09-13 06:34:32] 转换无变化，已删除 per-log：./Shopee/Shopee_OCD_IP.mrs.log
[2025-09-13 06:34:32] 开始转换：./AFP/AFP_OCD_Domain.yaml -> ./AFP/AFP_OCD_Domain.mrs （临时 ./AFP/AFP_OCD_Domain.mrs.tmp），之前 md5=4a5ec281872f23e2f35cb499c3b662df
[2025-09-13 06:34:32] ℹ️ 转换结果与现有 .mrs 相同，未更新：./AFP/AFP_OCD_Domain.mrs (md5 4a5ec281872f23e2f35cb499c3b662df)
[2025-09-13 06:34:32] 转换无变化，已删除 per-log：./AFP/AFP_OCD_Domain.mrs.log
[2025-09-13 06:34:32] 开始转换：./AFP/AFP_OCD_IP.yaml -> ./AFP/AFP_OCD_IP.mrs （临时 ./AFP/AFP_OCD_IP.mrs.tmp），之前 md5=3ae941e2c1937537ba5a07c4ac01521a
[2025-09-13 06:34:32] ℹ️ 转换结果与现有 .mrs 相同，未更新：./AFP/AFP_OCD_IP.mrs (md5 3ae941e2c1937537ba5a07c4ac01521a)
[2025-09-13 06:34:32] 转换无变化，已删除 per-log：./AFP/AFP_OCD_IP.mrs.log
[2025-09-13 06:34:32] 开始转换：./HoYoverse/HoYoverse_OCD_Domain.yaml -> ./HoYoverse/HoYoverse_OCD_Domain.mrs （临时 ./HoYoverse/HoYoverse_OCD_Domain.mrs.tmp），之前 md5=b164b774e7522a69f965059341ca392e
[2025-09-13 06:34:32] ℹ️ 转换结果与现有 .mrs 相同，未更新：./HoYoverse/HoYoverse_OCD_Domain.mrs (md5 b164b774e7522a69f965059341ca392e)
[2025-09-13 06:34:32] 转换无变化，已删除 per-log：./HoYoverse/HoYoverse_OCD_Domain.mrs.log
[2025-09-13 06:34:32] 开始转换：./HoYoverse/HoYoverse_OCD_IP.yaml -> ./HoYoverse/HoYoverse_OCD_IP.mrs （临时 ./HoYoverse/HoYoverse_OCD_IP.mrs.tmp），之前 md5=3ae941e2c1937537ba5a07c4ac01521a
[2025-09-13 06:34:32] ℹ️ 转换结果与现有 .mrs 相同，未更新：./HoYoverse/HoYoverse_OCD_IP.mrs (md5 3ae941e2c1937537ba5a07c4ac01521a)
[2025-09-13 06:34:32] 转换无变化，已删除 per-log：./HoYoverse/HoYoverse_OCD_IP.mrs.log
[2025-09-13 06:34:32] 开始转换：./Hupu/Hupu_OCD_IP.yaml -> ./Hupu/Hupu_OCD_IP.mrs （临时 ./Hupu/Hupu_OCD_IP.mrs.tmp），之前 md5=3ae941e2c1937537ba5a07c4ac01521a
[2025-09-13 06:34:32] ℹ️ 转换结果与现有 .mrs 相同，未更新：./Hupu/Hupu_OCD_IP.mrs (md5 3ae941e2c1937537ba5a07c4ac01521a)
[2025-09-13 06:34:32] 转换无变化，已删除 per-log：./Hupu/Hupu_OCD_IP.mrs.log
[2025-09-13 06:34:32] 开始转换：./Hupu/Hupu_OCD_Domain.yaml -> ./Hupu/Hupu_OCD_Domain.mrs （临时 ./Hupu/Hupu_OCD_Domain.mrs.tmp），之前 md5=a22c07e56a14bda24b7b8251f4ac124e
[2025-09-13 06:34:32] ℹ️ 转换结果与现有 .mrs 相同，未更新：./Hupu/Hupu_OCD_Domain.mrs (md5 a22c07e56a14bda24b7b8251f4ac124e)
[2025-09-13 06:34:32] 转换无变化，已删除 per-log：./Hupu/Hupu_OCD_Domain.mrs.log
[2025-09-13 06:34:32] 开始转换：./AdvertisingMiTV/AdvertisingMiTV_OCD_IP.yaml -> ./AdvertisingMiTV/AdvertisingMiTV_OCD_IP.mrs （临时 ./AdvertisingMiTV/AdvertisingMiTV_OCD_IP.mrs.tmp），之前 md5=3ae941e2c1937537ba5a07c4ac01521a
[2025-09-13 06:34:32] ℹ️ 转换结果与现有 .mrs 相同，未更新：./AdvertisingMiTV/AdvertisingMiTV_OCD_IP.mrs (md5 3ae941e2c1937537ba5a07c4ac01521a)
[2025-09-13 06:34:32] 转换无变化，已删除 per-log：./AdvertisingMiTV/AdvertisingMiTV_OCD_IP.mrs.log
[2025-09-13 06:34:32] 开始转换：./AdvertisingMiTV/AdvertisingMiTV_OCD_Domain.yaml -> ./AdvertisingMiTV/AdvertisingMiTV_OCD_Domain.mrs （临时 ./AdvertisingMiTV/AdvertisingMiTV_OCD_Domain.mrs.tmp），之前 md5=b8b8d7d1a39916353efc3e6aeb215eb8
[2025-09-13 06:34:32] ℹ️ 转换结果与现有 .mrs 相同，未更新：./AdvertisingMiTV/AdvertisingMiTV_OCD_Domain.mrs (md5 b8b8d7d1a39916353efc3e6aeb215eb8)
[2025-09-13 06:34:32] 转换无变化，已删除 per-log：./AdvertisingMiTV/AdvertisingMiTV_OCD_Domain.mrs.log
[2025-09-13 06:34:32] 开始转换：./Oracle/Oracle_OCD_IP.yaml -> ./Oracle/Oracle_OCD_IP.mrs （临时 ./Oracle/Oracle_OCD_IP.mrs.tmp），之前 md5=3ae941e2c1937537ba5a07c4ac01521a
[2025-09-13 06:34:32] ℹ️ 转换结果与现有 .mrs 相同，未更新：./Oracle/Oracle_OCD_IP.mrs (md5 3ae941e2c1937537ba5a07c4ac01521a)
[2025-09-13 06:34:32] 转换无变化，已删除 per-log：./Oracle/Oracle_OCD_IP.mrs.log
[2025-09-13 06:34:32] 开始转换：./Oracle/Oracle_OCD_Domain.yaml -> ./Oracle/Oracle_OCD_Domain.mrs （临时 ./Oracle/Oracle_OCD_Domain.mrs.tmp），之前 md5=59e1de68100d396bea420c36a6f8ccac
[2025-09-13 06:34:32] ℹ️ 转换结果与现有 .mrs 相同，未更新：./Oracle/Oracle_OCD_Domain.mrs (md5 59e1de68100d396bea420c36a6f8ccac)
[2025-09-13 06:34:32] 转换无变化，已删除 per-log：./Oracle/Oracle_OCD_Domain.mrs.log
[2025-09-13 06:34:32] 开始转换：./KuaiShou/KuaiShou_OCD_Domain.yaml -> ./KuaiShou/KuaiShou_OCD_Domain.mrs （临时 ./KuaiShou/KuaiShou_OCD_Domain.mrs.tmp），之前 md5=f0b6025dd760b1e3776bac167a47e09a
[2025-09-13 06:34:32] ℹ️ 转换结果与现有 .mrs 相同，未更新：./KuaiShou/KuaiShou_OCD_Domain.mrs (md5 f0b6025dd760b1e3776bac167a47e09a)
[2025-09-13 06:34:32] 转换无变化，已删除 per-log：./KuaiShou/KuaiShou_OCD_Domain.mrs.log
[2025-09-13 06:34:32] 开始转换：./KuaiShou/KuaiShou_OCD_IP.yaml -> ./KuaiShou/KuaiShou_OCD_IP.mrs （临时 ./KuaiShou/KuaiShou_OCD_IP.mrs.tmp），之前 md5=3ae941e2c1937537ba5a07c4ac01521a
[2025-09-13 06:34:32] ℹ️ 转换结果与现有 .mrs 相同，未更新：./KuaiShou/KuaiShou_OCD_IP.mrs (md5 3ae941e2c1937537ba5a07c4ac01521a)
[2025-09-13 06:34:32] 转换无变化，已删除 per-log：./KuaiShou/KuaiShou_OCD_IP.mrs.log
[2025-09-13 06:34:32] 开始转换：./YouTubeMusic/YouTubeMusic_OCD_Domain.yaml -> ./YouTubeMusic/YouTubeMusic_OCD_Domain.mrs （临时 ./YouTubeMusic/YouTubeMusic_OCD_Domain.mrs.tmp），之前 md5=64afa83a42daacedf89732f946772838
[2025-09-13 06:34:32] ℹ️ 转换结果与现有 .mrs 相同，未更新：./YouTubeMusic/YouTubeMusic_OCD_Domain.mrs (md5 64afa83a42daacedf89732f946772838)
[2025-09-13 06:34:32] 转换无变化，已删除 per-log：./YouTubeMusic/YouTubeMusic_OCD_Domain.mrs.log
[2025-09-13 06:34:32] 开始转换：./YouTubeMusic/YouTubeMusic_OCD_IP.yaml -> ./YouTubeMusic/YouTubeMusic_OCD_IP.mrs （临时 ./YouTubeMusic/YouTubeMusic_OCD_IP.mrs.tmp），之前 md5=3ae941e2c1937537ba5a07c4ac01521a
[2025-09-13 06:34:32] ℹ️ 转换结果与现有 .mrs 相同，未更新：./YouTubeMusic/YouTubeMusic_OCD_IP.mrs (md5 3ae941e2c1937537ba5a07c4ac01521a)
[2025-09-13 06:34:32] 转换无变化，已删除 per-log：./YouTubeMusic/YouTubeMusic_OCD_IP.mrs.log
[2025-09-13 06:34:32] 开始转换：./Antutu/Antutu_OCD_Domain.yaml -> ./Antutu/Antutu_OCD_Domain.mrs （临时 ./Antutu/Antutu_OCD_Domain.mrs.tmp），之前 md5=1223b977bde07f867526d21bf23ea761
[2025-09-13 06:34:33] ℹ️ 转换结果与现有 .mrs 相同，未更新：./Antutu/Antutu_OCD_Domain.mrs (md5 1223b977bde07f867526d21bf23ea761)
[2025-09-13 06:34:33] 转换无变化，已删除 per-log：./Antutu/Antutu_OCD_Domain.mrs.log
[2025-09-13 06:34:33] 开始转换：./Antutu/Antutu_OCD_IP.yaml -> ./Antutu/Antutu_OCD_IP.mrs （临时 ./Antutu/Antutu_OCD_IP.mrs.tmp），之前 md5=3ae941e2c1937537ba5a07c4ac01521a
[2025-09-13 06:34:33] ℹ️ 转换结果与现有 .mrs 相同，未更新：./Antutu/Antutu_OCD_IP.mrs (md5 3ae941e2c1937537ba5a07c4ac01521a)
[2025-09-13 06:34:33] 转换无变化，已删除 per-log：./Antutu/Antutu_OCD_IP.mrs.log
[2025-09-13 06:34:33] 开始转换：./TapTap/TapTap_OCD_Domain.yaml -> ./TapTap/TapTap_OCD_Domain.mrs （临时 ./TapTap/TapTap_OCD_Domain.mrs.tmp），之前 md5=7c085e36e10cfcc58bd0ab1a22e23f81
[2025-09-13 06:34:33] ℹ️ 转换结果与现有 .mrs 相同，未更新：./TapTap/TapTap_OCD_Domain.mrs (md5 7c085e36e10cfcc58bd0ab1a22e23f81)
[2025-09-13 06:34:33] 转换无变化，已删除 per-log：./TapTap/TapTap_OCD_Domain.mrs.log
[2025-09-13 06:34:33] 开始转换：./TapTap/TapTap_OCD_IP.yaml -> ./TapTap/TapTap_OCD_IP.mrs （临时 ./TapTap/TapTap_OCD_IP.mrs.tmp），之前 md5=3ae941e2c1937537ba5a07c4ac01521a
[2025-09-13 06:34:33] ℹ️ 转换结果与现有 .mrs 相同，未更新：./TapTap/TapTap_OCD_IP.mrs (md5 3ae941e2c1937537ba5a07c4ac01521a)
[2025-09-13 06:34:33] 转换无变化，已删除 per-log：./TapTap/TapTap_OCD_IP.mrs.log
[2025-09-13 06:34:33] 开始转换：./Sohu/Sohu_OCD_Domain.yaml -> ./Sohu/Sohu_OCD_Domain.mrs （临时 ./Sohu/Sohu_OCD_Domain.mrs.tmp），之前 md5=9490606e4c75eaef2b398f3f32c1214c
[2025-09-13 06:34:33] ℹ️ 转换结果与现有 .mrs 相同，未更新：./Sohu/Sohu_OCD_Domain.mrs (md5 9490606e4c75eaef2b398f3f32c1214c)
[2025-09-13 06:34:33] 转换无变化，已删除 per-log：./Sohu/Sohu_OCD_Domain.mrs.log
[2025-09-13 06:34:33] 开始转换：./Sohu/Sohu_OCD_IP.yaml -> ./Sohu/Sohu_OCD_IP.mrs （临时 ./Sohu/Sohu_OCD_IP.mrs.tmp），之前 md5=3ae941e2c1937537ba5a07c4ac01521a
[2025-09-13 06:34:33] ℹ️ 转换结果与现有 .mrs 相同，未更新：./Sohu/Sohu_OCD_IP.mrs (md5 3ae941e2c1937537ba5a07c4ac01521a)
[2025-09-13 06:34:33] 转换无变化，已删除 per-log：./Sohu/Sohu_OCD_IP.mrs.log
[2025-09-13 06:34:33] 开始转换：./Protonmail/Protonmail_OCD_Domain.yaml -> ./Protonmail/Protonmail_OCD_Domain.mrs （临时 ./Protonmail/Protonmail_OCD_Domain.mrs.tmp），之前 md5=ceb72fd431014b77f31c97cdb6d52530
[2025-09-13 06:34:33] ℹ️ 转换结果与现有 .mrs 相同，未更新：./Protonmail/Protonmail_OCD_Domain.mrs (md5 ceb72fd431014b77f31c97cdb6d52530)
[2025-09-13 06:34:33] 转换无变化，已删除 per-log：./Protonmail/Protonmail_OCD_Domain.mrs.log
[2025-09-13 06:34:33] 开始转换：./Protonmail/Protonmail_OCD_IP.yaml -> ./Protonmail/Protonmail_OCD_IP.mrs （临时 ./Protonmail/Protonmail_OCD_IP.mrs.tmp），之前 md5=3ae941e2c1937537ba5a07c4ac01521a
[2025-09-13 06:34:33] ℹ️ 转换结果与现有 .mrs 相同，未更新：./Protonmail/Protonmail_OCD_IP.mrs (md5 3ae941e2c1937537ba5a07c4ac01521a)
[2025-09-13 06:34:33] 转换无变化，已删除 per-log：./Protonmail/Protonmail_OCD_IP.mrs.log
[2025-09-13 06:34:33] 开始转换：./Unity/Unity_OCD_Domain.yaml -> ./Unity/Unity_OCD_Domain.mrs （临时 ./Unity/Unity_OCD_Domain.mrs.tmp），之前 md5=5f54c189d05ca12a351a57fd2d0b785e
[2025-09-13 06:34:33] ℹ️ 转换结果与现有 .mrs 相同，未更新：./Unity/Unity_OCD_Domain.mrs (md5 5f54c189d05ca12a351a57fd2d0b785e)
[2025-09-13 06:34:33] 转换无变化，已删除 per-log：./Unity/Unity_OCD_Domain.mrs.log
[2025-09-13 06:34:33] 开始转换：./Unity/Unity_OCD_IP.yaml -> ./Unity/Unity_OCD_IP.mrs （临时 ./Unity/Unity_OCD_IP.mrs.tmp），之前 md5=3ae941e2c1937537ba5a07c4ac01521a
[2025-09-13 06:34:33] ℹ️ 转换结果与现有 .mrs 相同，未更新：./Unity/Unity_OCD_IP.mrs (md5 3ae941e2c1937537ba5a07c4ac01521a)
[2025-09-13 06:34:33] 转换无变化，已删除 per-log：./Unity/Unity_OCD_IP.mrs.log
[2025-09-13 06:34:33] 开始转换：./Starbucks/Starbucks_OCD_IP.yaml -> ./Starbucks/Starbucks_OCD_IP.mrs （临时 ./Starbucks/Starbucks_OCD_IP.mrs.tmp），之前 md5=3ae941e2c1937537ba5a07c4ac01521a
[2025-09-13 06:34:33] ℹ️ 转换结果与现有 .mrs 相同，未更新：./Starbucks/Starbucks_OCD_IP.mrs (md5 3ae941e2c1937537ba5a07c4ac01521a)
[2025-09-13 06:34:33] 转换无变化，已删除 per-log：./Starbucks/Starbucks_OCD_IP.mrs.log
[2025-09-13 06:34:33] 开始转换：./Starbucks/Starbucks_OCD_Domain.yaml -> ./Starbucks/Starbucks_OCD_Domain.mrs （临时 ./Starbucks/Starbucks_OCD_Domain.mrs.tmp），之前 md5=9620b3a4ed26286f608c65dc581b0f3f
[2025-09-13 06:34:33] ℹ️ 转换结果与现有 .mrs 相同，未更新：./Starbucks/Starbucks_OCD_Domain.mrs (md5 9620b3a4ed26286f608c65dc581b0f3f)
[2025-09-13 06:34:33] 转换无变化，已删除 per-log：./Starbucks/Starbucks_OCD_Domain.mrs.log
[2025-09-13 06:34:33] 开始转换：./XiaoHongShu/XiaoHongShu_OCD_IP.yaml -> ./XiaoHongShu/XiaoHongShu_OCD_IP.mrs （临时 ./XiaoHongShu/XiaoHongShu_OCD_IP.mrs.tmp），之前 md5=3ae941e2c1937537ba5a07c4ac01521a
[2025-09-13 06:34:33] ℹ️ 转换结果与现有 .mrs 相同，未更新：./XiaoHongShu/XiaoHongShu_OCD_IP.mrs (md5 3ae941e2c1937537ba5a07c4ac01521a)
[2025-09-13 06:34:33] 转换无变化，已删除 per-log：./XiaoHongShu/XiaoHongShu_OCD_IP.mrs.log
[2025-09-13 06:34:33] 开始转换：./XiaoHongShu/XiaoHongShu_OCD_Domain.yaml -> ./XiaoHongShu/XiaoHongShu_OCD_Domain.mrs （临时 ./XiaoHongShu/XiaoHongShu_OCD_Domain.mrs.tmp），之前 md5=1f484d18245109a869a44e5bc7fcfbc6
[2025-09-13 06:34:33] ℹ️ 转换结果与现有 .mrs 相同，未更新：./XiaoHongShu/XiaoHongShu_OCD_Domain.mrs (md5 1f484d18245109a869a44e5bc7fcfbc6)
[2025-09-13 06:34:33] 转换无变化，已删除 per-log：./XiaoHongShu/XiaoHongShu_OCD_Domain.mrs.log
[2025-09-13 06:34:33] 开始转换：./iCloud/iCloud_OCD_IP.yaml -> ./iCloud/iCloud_OCD_IP.mrs （临时 ./iCloud/iCloud_OCD_IP.mrs.tmp），之前 md5=3ae941e2c1937537ba5a07c4ac01521a
[2025-09-13 06:34:33] ℹ️ 转换结果与现有 .mrs 相同，未更新：./iCloud/iCloud_OCD_IP.mrs (md5 3ae941e2c1937537ba5a07c4ac01521a)
[2025-09-13 06:34:33] 转换无变化，已删除 per-log：./iCloud/iCloud_OCD_IP.mrs.log
[2025-09-13 06:34:33] 开始转换：./iCloud/iCloud_OCD_Domain.yaml -> ./iCloud/iCloud_OCD_Domain.mrs （临时 ./iCloud/iCloud_OCD_Domain.mrs.tmp），之前 md5=dc07d0ff4cf29b8c8fc30738f8f73f66
[2025-09-13 06:34:33] ℹ️ 转换结果与现有 .mrs 相同，未更新：./iCloud/iCloud_OCD_Domain.mrs (md5 dc07d0ff4cf29b8c8fc30738f8f73f66)
[2025-09-13 06:34:33] 转换无变化，已删除 per-log：./iCloud/iCloud_OCD_Domain.mrs.log
[2025-09-13 06:34:33] 开始转换：./LuDaShi/LuDaShi_OCD_IP.yaml -> ./LuDaShi/LuDaShi_OCD_IP.mrs （临时 ./LuDaShi/LuDaShi_OCD_IP.mrs.tmp），之前 md5=3ae941e2c1937537ba5a07c4ac01521a
[2025-09-13 06:34:33] ℹ️ 转换结果与现有 .mrs 相同，未更新：./LuDaShi/LuDaShi_OCD_IP.mrs (md5 3ae941e2c1937537ba5a07c4ac01521a)
[2025-09-13 06:34:33] 转换无变化，已删除 per-log：./LuDaShi/LuDaShi_OCD_IP.mrs.log
[2025-09-13 06:34:33] 开始转换：./LuDaShi/LuDaShi_OCD_Domain.yaml -> ./LuDaShi/LuDaShi_OCD_Domain.mrs （临时 ./LuDaShi/LuDaShi_OCD_Domain.mrs.tmp），之前 md5=18d2998c0121cd155a368a15387dfcfa
[2025-09-13 06:34:33] ℹ️ 转换结果与现有 .mrs 相同，未更新：./LuDaShi/LuDaShi_OCD_Domain.mrs (md5 18d2998c0121cd155a368a15387dfcfa)
[2025-09-13 06:34:33] 转换无变化，已删除 per-log：./LuDaShi/LuDaShi_OCD_Domain.mrs.log
[2025-09-13 06:34:33] 开始转换：./AppleHardware/AppleHardware_OCD_Domain.yaml -> ./AppleHardware/AppleHardware_OCD_Domain.mrs （临时 ./AppleHardware/AppleHardware_OCD_Domain.mrs.tmp），之前 md5=68978db4468099a61c180148dc413eaf
[2025-09-13 06:34:33] ℹ️ 转换结果与现有 .mrs 相同，未更新：./AppleHardware/AppleHardware_OCD_Domain.mrs (md5 68978db4468099a61c180148dc413eaf)
[2025-09-13 06:34:33] 转换无变化，已删除 per-log：./AppleHardware/AppleHardware_OCD_Domain.mrs.log
[2025-09-13 06:34:33] 开始转换：./AppleHardware/AppleHardware_OCD_IP.yaml -> ./AppleHardware/AppleHardware_OCD_IP.mrs （临时 ./AppleHardware/AppleHardware_OCD_IP.mrs.tmp），之前 md5=3ae941e2c1937537ba5a07c4ac01521a
[2025-09-13 06:34:33] ℹ️ 转换结果与现有 .mrs 相同，未更新：./AppleHardware/AppleHardware_OCD_IP.mrs (md5 3ae941e2c1937537ba5a07c4ac01521a)
[2025-09-13 06:34:33] 转换无变化，已删除 per-log：./AppleHardware/AppleHardware_OCD_IP.mrs.log
[2025-09-13 06:34:33] 开始转换：./XianYu/XianYu_OCD_Domain.yaml -> ./XianYu/XianYu_OCD_Domain.mrs （临时 ./XianYu/XianYu_OCD_Domain.mrs.tmp），之前 md5=64aabc7d60573ee1ec9618f6eae4d0ac
[2025-09-13 06:34:33] ℹ️ 转换结果与现有 .mrs 相同，未更新：./XianYu/XianYu_OCD_Domain.mrs (md5 64aabc7d60573ee1ec9618f6eae4d0ac)
[2025-09-13 06:34:33] 转换无变化，已删除 per-log：./XianYu/XianYu_OCD_Domain.mrs.log
[2025-09-13 06:34:33] 开始转换：./XianYu/XianYu_OCD_IP.yaml -> ./XianYu/XianYu_OCD_IP.mrs （临时 ./XianYu/XianYu_OCD_IP.mrs.tmp），之前 md5=3ae941e2c1937537ba5a07c4ac01521a
[2025-09-13 06:34:33] ℹ️ 转换结果与现有 .mrs 相同，未更新：./XianYu/XianYu_OCD_IP.mrs (md5 3ae941e2c1937537ba5a07c4ac01521a)
[2025-09-13 06:34:33] 转换无变化，已删除 per-log：./XianYu/XianYu_OCD_IP.mrs.log
[2025-09-13 06:34:33] 开始转换：./Huawei/Huawei_OCD_Domain.yaml -> ./Huawei/Huawei_OCD_Domain.mrs （临时 ./Huawei/Huawei_OCD_Domain.mrs.tmp），之前 md5=4989978ce540b2b66dda70a87b028f87
[2025-09-13 06:34:33] ℹ️ 转换结果与现有 .mrs 相同，未更新：./Huawei/Huawei_OCD_Domain.mrs (md5 4989978ce540b2b66dda70a87b028f87)
[2025-09-13 06:34:33] 转换无变化，已删除 per-log：./Huawei/Huawei_OCD_Domain.mrs.log
[2025-09-13 06:34:33] 开始转换：./Huawei/Huawei_OCD_IP.yaml -> ./Huawei/Huawei_OCD_IP.mrs （临时 ./Huawei/Huawei_OCD_IP.mrs.tmp），之前 md5=3ae941e2c1937537ba5a07c4ac01521a
[2025-09-13 06:34:33] ℹ️ 转换结果与现有 .mrs 相同，未更新：./Huawei/Huawei_OCD_IP.mrs (md5 3ae941e2c1937537ba5a07c4ac01521a)
[2025-09-13 06:34:33] 转换无变化，已删除 per-log：./Huawei/Huawei_OCD_IP.mrs.log
[2025-09-13 06:34:33] 开始转换：./Eleme/Eleme_OCD_IP.yaml -> ./Eleme/Eleme_OCD_IP.mrs （临时 ./Eleme/Eleme_OCD_IP.mrs.tmp），之前 md5=3ae941e2c1937537ba5a07c4ac01521a
[2025-09-13 06:34:33] ℹ️ 转换结果与现有 .mrs 相同，未更新：./Eleme/Eleme_OCD_IP.mrs (md5 3ae941e2c1937537ba5a07c4ac01521a)
[2025-09-13 06:34:33] 转换无变化，已删除 per-log：./Eleme/Eleme_OCD_IP.mrs.log
[2025-09-13 06:34:33] 开始转换：./Eleme/Eleme_OCD_Domain.yaml -> ./Eleme/Eleme_OCD_Domain.mrs （临时 ./Eleme/Eleme_OCD_Domain.mrs.tmp），之前 md5=405961876b2885ece030ada0da592449
[2025-09-13 06:34:33] ℹ️ 转换结果与现有 .mrs 相同，未更新：./Eleme/Eleme_OCD_Domain.mrs (md5 405961876b2885ece030ada0da592449)
[2025-09-13 06:34:33] 转换无变化，已删除 per-log：./Eleme/Eleme_OCD_Domain.mrs.log
[2025-09-13 06:34:33] 开始转换：./HKedcity/HKedcity_OCD_IP.yaml -> ./HKedcity/HKedcity_OCD_IP.mrs （临时 ./HKedcity/HKedcity_OCD_IP.mrs.tmp），之前 md5=3ae941e2c1937537ba5a07c4ac01521a
[2025-09-13 06:34:33] ℹ️ 转换结果与现有 .mrs 相同，未更新：./HKedcity/HKedcity_OCD_IP.mrs (md5 3ae941e2c1937537ba5a07c4ac01521a)
[2025-09-13 06:34:33] 转换无变化，已删除 per-log：./HKedcity/HKedcity_OCD_IP.mrs.log
[2025-09-13 06:34:33] 开始转换：./HKedcity/HKedcity_OCD_Domain.yaml -> ./HKedcity/HKedcity_OCD_Domain.mrs （临时 ./HKedcity/HKedcity_OCD_Domain.mrs.tmp），之前 md5=2d1c0ba993765b136243e77534fb57f5
[2025-09-13 06:34:33] ℹ️ 转换结果与现有 .mrs 相同，未更新：./HKedcity/HKedcity_OCD_Domain.mrs (md5 2d1c0ba993765b136243e77534fb57f5)
[2025-09-13 06:34:33] 转换无变化，已删除 per-log：./HKedcity/HKedcity_OCD_Domain.mrs.log
[2025-09-13 06:34:33] 开始转换：./PSBC/PSBC_OCD_IP.yaml -> ./PSBC/PSBC_OCD_IP.mrs （临时 ./PSBC/PSBC_OCD_IP.mrs.tmp），之前 md5=3ae941e2c1937537ba5a07c4ac01521a
[2025-09-13 06:34:33] ℹ️ 转换结果与现有 .mrs 相同，未更新：./PSBC/PSBC_OCD_IP.mrs (md5 3ae941e2c1937537ba5a07c4ac01521a)
[2025-09-13 06:34:33] 转换无变化，已删除 per-log：./PSBC/PSBC_OCD_IP.mrs.log
[2025-09-13 06:34:33] 开始转换：./PSBC/PSBC_OCD_Domain.yaml -> ./PSBC/PSBC_OCD_Domain.mrs （临时 ./PSBC/PSBC_OCD_Domain.mrs.tmp），之前 md5=dd3a68b30c0e15780084b8991ba8af5d
[2025-09-13 06:34:33] ℹ️ 转换结果与现有 .mrs 相同，未更新：./PSBC/PSBC_OCD_Domain.mrs (md5 dd3a68b30c0e15780084b8991ba8af5d)
[2025-09-13 06:34:33] 转换无变化，已删除 per-log：./PSBC/PSBC_OCD_Domain.mrs.log
[2025-09-13 06:34:33] 开始转换：./Oreilly/Oreilly_OCD_Domain.yaml -> ./Oreilly/Oreilly_OCD_Domain.mrs （临时 ./Oreilly/Oreilly_OCD_Domain.mrs.tmp），之前 md5=893927e0649865896b398786257d0925
[2025-09-13 06:34:33] ℹ️ 转换结果与现有 .mrs 相同，未更新：./Oreilly/Oreilly_OCD_Domain.mrs (md5 893927e0649865896b398786257d0925)
[2025-09-13 06:34:33] 转换无变化，已删除 per-log：./Oreilly/Oreilly_OCD_Domain.mrs.log
[2025-09-13 06:34:33] 开始转换：./Oreilly/Oreilly_OCD_IP.yaml -> ./Oreilly/Oreilly_OCD_IP.mrs （临时 ./Oreilly/Oreilly_OCD_IP.mrs.tmp），之前 md5=3ae941e2c1937537ba5a07c4ac01521a
[2025-09-13 06:34:33] ℹ️ 转换结果与现有 .mrs 相同，未更新：./Oreilly/Oreilly_OCD_IP.mrs (md5 3ae941e2c1937537ba5a07c4ac01521a)
[2025-09-13 06:34:33] 转换无变化，已删除 per-log：./Oreilly/Oreilly_OCD_IP.mrs.log
[2025-09-13 06:34:33] 开始转换：./Anime/Anime_OCD_IP.yaml -> ./Anime/Anime_OCD_IP.mrs （临时 ./Anime/Anime_OCD_IP.mrs.tmp），之前 md5=3ae941e2c1937537ba5a07c4ac01521a
[2025-09-13 06:34:33] ℹ️ 转换结果与现有 .mrs 相同，未更新：./Anime/Anime_OCD_IP.mrs (md5 3ae941e2c1937537ba5a07c4ac01521a)
[2025-09-13 06:34:33] 转换无变化，已删除 per-log：./Anime/Anime_OCD_IP.mrs.log
[2025-09-13 06:34:33] 开始转换：./Anime/Anime_OCD_Domain.yaml -> ./Anime/Anime_OCD_Domain.mrs （临时 ./Anime/Anime_OCD_Domain.mrs.tmp），之前 md5=24c59495f88ec1a6b8091a4172ca3673
[2025-09-13 06:34:33] ℹ️ 转换结果与现有 .mrs 相同，未更新：./Anime/Anime_OCD_Domain.mrs (md5 24c59495f88ec1a6b8091a4172ca3673)
[2025-09-13 06:34:33] 转换无变化，已删除 per-log：./Anime/Anime_OCD_Domain.mrs.log
[2025-09-13 06:34:33] 开始转换：./JianGuoYun/JianGuoYun_OCD_IP.yaml -> ./JianGuoYun/JianGuoYun_OCD_IP.mrs （临时 ./JianGuoYun/JianGuoYun_OCD_IP.mrs.tmp），之前 md5=3ae941e2c1937537ba5a07c4ac01521a
[2025-09-13 06:34:33] ℹ️ 转换结果与现有 .mrs 相同，未更新：./JianGuoYun/JianGuoYun_OCD_IP.mrs (md5 3ae941e2c1937537ba5a07c4ac01521a)
[2025-09-13 06:34:33] 转换无变化，已删除 per-log：./JianGuoYun/JianGuoYun_OCD_IP.mrs.log
[2025-09-13 06:34:33] 开始转换：./JianGuoYun/JianGuoYun_OCD_Domain.yaml -> ./JianGuoYun/JianGuoYun_OCD_Domain.mrs （临时 ./JianGuoYun/JianGuoYun_OCD_Domain.mrs.tmp），之前 md5=74c15943fb52b00e474331024e4237da
[2025-09-13 06:34:33] ℹ️ 转换结果与现有 .mrs 相同，未更新：./JianGuoYun/JianGuoYun_OCD_Domain.mrs (md5 74c15943fb52b00e474331024e4237da)
[2025-09-13 06:34:34] 转换无变化，已删除 per-log：./JianGuoYun/JianGuoYun_OCD_Domain.mrs.log
[2025-09-13 06:34:34] 开始转换：./Asahi/Asahi_OCD_Domain.yaml -> ./Asahi/Asahi_OCD_Domain.mrs （临时 ./Asahi/Asahi_OCD_Domain.mrs.tmp），之前 md5=b9bad34d147426060644658cd4ef79d9
[2025-09-13 06:34:34] ℹ️ 转换结果与现有 .mrs 相同，未更新：./Asahi/Asahi_OCD_Domain.mrs (md5 b9bad34d147426060644658cd4ef79d9)
[2025-09-13 06:34:34] 转换无变化，已删除 per-log：./Asahi/Asahi_OCD_Domain.mrs.log
[2025-09-13 06:34:34] 开始转换：./Asahi/Asahi_OCD_IP.yaml -> ./Asahi/Asahi_OCD_IP.mrs （临时 ./Asahi/Asahi_OCD_IP.mrs.tmp），之前 md5=3ae941e2c1937537ba5a07c4ac01521a
[2025-09-13 06:34:34] ℹ️ 转换结果与现有 .mrs 相同，未更新：./Asahi/Asahi_OCD_IP.mrs (md5 3ae941e2c1937537ba5a07c4ac01521a)
[2025-09-13 06:34:34] 转换无变化，已删除 per-log：./Asahi/Asahi_OCD_IP.mrs.log
[2025-09-13 06:34:34] 开始转换：./VikACG/VikACG_OCD_IP.yaml -> ./VikACG/VikACG_OCD_IP.mrs （临时 ./VikACG/VikACG_OCD_IP.mrs.tmp），之前 md5=3ae941e2c1937537ba5a07c4ac01521a
[2025-09-13 06:34:34] ℹ️ 转换结果与现有 .mrs 相同，未更新：./VikACG/VikACG_OCD_IP.mrs (md5 3ae941e2c1937537ba5a07c4ac01521a)
[2025-09-13 06:34:34] 转换无变化，已删除 per-log：./VikACG/VikACG_OCD_IP.mrs.log
[2025-09-13 06:34:34] 开始转换：./VikACG/VikACG_OCD_Domain.yaml -> ./VikACG/VikACG_OCD_Domain.mrs （临时 ./VikACG/VikACG_OCD_Domain.mrs.tmp），之前 md5=e3deeaedd344bf7f9726f404b31d8dab
[2025-09-13 06:34:34] ℹ️ 转换结果与现有 .mrs 相同，未更新：./VikACG/VikACG_OCD_Domain.mrs (md5 e3deeaedd344bf7f9726f404b31d8dab)
[2025-09-13 06:34:34] 转换无变化，已删除 per-log：./VikACG/VikACG_OCD_Domain.mrs.log
[2025-09-13 06:34:34] 开始转换：./2KGames/2KGames_OCD_Domain.yaml -> ./2KGames/2KGames_OCD_Domain.mrs （临时 ./2KGames/2KGames_OCD_Domain.mrs.tmp），之前 md5=47837cf6b1a71d68e2170bb54032550a
[2025-09-13 06:34:34] ℹ️ 转换结果与现有 .mrs 相同，未更新：./2KGames/2KGames_OCD_Domain.mrs (md5 47837cf6b1a71d68e2170bb54032550a)
[2025-09-13 06:34:34] 转换无变化，已删除 per-log：./2KGames/2KGames_OCD_Domain.mrs.log
[2025-09-13 06:34:34] 开始转换：./2KGames/2KGames_OCD_IP.yaml -> ./2KGames/2KGames_OCD_IP.mrs （临时 ./2KGames/2KGames_OCD_IP.mrs.tmp），之前 md5=3ae941e2c1937537ba5a07c4ac01521a
[2025-09-13 06:34:34] ℹ️ 转换结果与现有 .mrs 相同，未更新：./2KGames/2KGames_OCD_IP.mrs (md5 3ae941e2c1937537ba5a07c4ac01521a)
[2025-09-13 06:34:34] 转换无变化，已删除 per-log：./2KGames/2KGames_OCD_IP.mrs.log
[2025-09-13 06:34:34] 开始转换：./Electron/Electron_OCD_Domain.yaml -> ./Electron/Electron_OCD_Domain.mrs （临时 ./Electron/Electron_OCD_Domain.mrs.tmp），之前 md5=7b74c454341d48eeb19cccc634f6581d
[2025-09-13 06:34:34] ℹ️ 转换结果与现有 .mrs 相同，未更新：./Electron/Electron_OCD_Domain.mrs (md5 7b74c454341d48eeb19cccc634f6581d)
[2025-09-13 06:34:34] 转换无变化，已删除 per-log：./Electron/Electron_OCD_Domain.mrs.log
[2025-09-13 06:34:34] 开始转换：./Electron/Electron_OCD_IP.yaml -> ./Electron/Electron_OCD_IP.mrs （临时 ./Electron/Electron_OCD_IP.mrs.tmp），之前 md5=3ae941e2c1937537ba5a07c4ac01521a
[2025-09-13 06:34:34] ℹ️ 转换结果与现有 .mrs 相同，未更新：./Electron/Electron_OCD_IP.mrs (md5 3ae941e2c1937537ba5a07c4ac01521a)
[2025-09-13 06:34:34] 转换无变化，已删除 per-log：./Electron/Electron_OCD_IP.mrs.log
[2025-09-13 06:34:34] 开始转换：./Slack/Slack_OCD_Domain.yaml -> ./Slack/Slack_OCD_Domain.mrs （临时 ./Slack/Slack_OCD_Domain.mrs.tmp），之前 md5=e691a5cf2aa415f27e7d239c20525e82
[2025-09-13 06:34:34] ℹ️ 转换结果与现有 .mrs 相同，未更新：./Slack/Slack_OCD_Domain.mrs (md5 e691a5cf2aa415f27e7d239c20525e82)
[2025-09-13 06:34:34] 转换无变化，已删除 per-log：./Slack/Slack_OCD_Domain.mrs.log
[2025-09-13 06:34:34] 开始转换：./Slack/Slack_OCD_IP.yaml -> ./Slack/Slack_OCD_IP.mrs （临时 ./Slack/Slack_OCD_IP.mrs.tmp），之前 md5=3ae941e2c1937537ba5a07c4ac01521a
[2025-09-13 06:34:34] ℹ️ 转换结果与现有 .mrs 相同，未更新：./Slack/Slack_OCD_IP.mrs (md5 3ae941e2c1937537ba5a07c4ac01521a)
[2025-09-13 06:34:34] 转换无变化，已删除 per-log：./Slack/Slack_OCD_IP.mrs.log
[2025-09-13 06:34:34] 开始转换：./Verizon/Verizon_OCD_IP.yaml -> ./Verizon/Verizon_OCD_IP.mrs （临时 ./Verizon/Verizon_OCD_IP.mrs.tmp），之前 md5=3ae941e2c1937537ba5a07c4ac01521a
[2025-09-13 06:34:34] ℹ️ 转换结果与现有 .mrs 相同，未更新：./Verizon/Verizon_OCD_IP.mrs (md5 3ae941e2c1937537ba5a07c4ac01521a)
[2025-09-13 06:34:34] 转换无变化，已删除 per-log：./Verizon/Verizon_OCD_IP.mrs.log
[2025-09-13 06:34:34] 开始转换：./Verizon/Verizon_OCD_Domain.yaml -> ./Verizon/Verizon_OCD_Domain.mrs （临时 ./Verizon/Verizon_OCD_Domain.mrs.tmp），之前 md5=3c48af2bfe62a2bd0dcad25801990dbe
[2025-09-13 06:34:34] ℹ️ 转换结果与现有 .mrs 相同，未更新：./Verizon/Verizon_OCD_Domain.mrs (md5 3c48af2bfe62a2bd0dcad25801990dbe)
[2025-09-13 06:34:34] 转换无变化，已删除 per-log：./Verizon/Verizon_OCD_Domain.mrs.log
[2025-09-13 06:34:34] 开始转换：./XueQiu/XueQiu_OCD_Domain.yaml -> ./XueQiu/XueQiu_OCD_Domain.mrs （临时 ./XueQiu/XueQiu_OCD_Domain.mrs.tmp），之前 md5=7b7ffa085fbfa37585b65265d6861cca
[2025-09-13 06:34:34] ℹ️ 转换结果与现有 .mrs 相同，未更新：./XueQiu/XueQiu_OCD_Domain.mrs (md5 7b7ffa085fbfa37585b65265d6861cca)
[2025-09-13 06:34:34] 转换无变化，已删除 per-log：./XueQiu/XueQiu_OCD_Domain.mrs.log
[2025-09-13 06:34:34] 开始转换：./XueQiu/XueQiu_OCD_IP.yaml -> ./XueQiu/XueQiu_OCD_IP.mrs （临时 ./XueQiu/XueQiu_OCD_IP.mrs.tmp），之前 md5=3ae941e2c1937537ba5a07c4ac01521a
[2025-09-13 06:34:34] ℹ️ 转换结果与现有 .mrs 相同，未更新：./XueQiu/XueQiu_OCD_IP.mrs (md5 3ae941e2c1937537ba5a07c4ac01521a)
[2025-09-13 06:34:34] 转换无变化，已删除 per-log：./XueQiu/XueQiu_OCD_IP.mrs.log
[2025-09-13 06:34:34] 开始转换：./Hulu/Hulu_OCD_IP.yaml -> ./Hulu/Hulu_OCD_IP.mrs （临时 ./Hulu/Hulu_OCD_IP.mrs.tmp），之前 md5=3ae941e2c1937537ba5a07c4ac01521a
[2025-09-13 06:34:34] ℹ️ 转换结果与现有 .mrs 相同，未更新：./Hulu/Hulu_OCD_IP.mrs (md5 3ae941e2c1937537ba5a07c4ac01521a)
[2025-09-13 06:34:34] 转换无变化，已删除 per-log：./Hulu/Hulu_OCD_IP.mrs.log
[2025-09-13 06:34:34] 开始转换：./Hulu/Hulu_OCD_Domain.yaml -> ./Hulu/Hulu_OCD_Domain.mrs （临时 ./Hulu/Hulu_OCD_Domain.mrs.tmp），之前 md5=500ead7fddd0be950277667df3ad55e5
[2025-09-13 06:34:34] ℹ️ 转换结果与现有 .mrs 相同，未更新：./Hulu/Hulu_OCD_Domain.mrs (md5 500ead7fddd0be950277667df3ad55e5)
[2025-09-13 06:34:34] 转换无变化，已删除 per-log：./Hulu/Hulu_OCD_Domain.mrs.log
[2025-09-13 06:34:34] 开始转换：./FangZhengDianZi/FangZhengDianZi_OCD_Domain.yaml -> ./FangZhengDianZi/FangZhengDianZi_OCD_Domain.mrs （临时 ./FangZhengDianZi/FangZhengDianZi_OCD_Domain.mrs.tmp），之前 md5=893475c8e9c73c118402cb64b05e6dcb
[2025-09-13 06:34:34] ℹ️ 转换结果与现有 .mrs 相同，未更新：./FangZhengDianZi/FangZhengDianZi_OCD_Domain.mrs (md5 893475c8e9c73c118402cb64b05e6dcb)
[2025-09-13 06:34:34] 转换无变化，已删除 per-log：./FangZhengDianZi/FangZhengDianZi_OCD_Domain.mrs.log
[2025-09-13 06:34:34] 开始转换：./FangZhengDianZi/FangZhengDianZi_OCD_IP.yaml -> ./FangZhengDianZi/FangZhengDianZi_OCD_IP.mrs （临时 ./FangZhengDianZi/FangZhengDianZi_OCD_IP.mrs.tmp），之前 md5=3ae941e2c1937537ba5a07c4ac01521a
[2025-09-13 06:34:34] ℹ️ 转换结果与现有 .mrs 相同，未更新：./FangZhengDianZi/FangZhengDianZi_OCD_IP.mrs (md5 3ae941e2c1937537ba5a07c4ac01521a)
[2025-09-13 06:34:34] 转换无变化，已删除 per-log：./FangZhengDianZi/FangZhengDianZi_OCD_IP.mrs.log
[2025-09-13 06:34:34] 开始转换：./Manorama/Manorama_OCD_Domain.yaml -> ./Manorama/Manorama_OCD_Domain.mrs （临时 ./Manorama/Manorama_OCD_Domain.mrs.tmp），之前 md5=480ad8cd02d0dd3c95a0bd6b164dfd63
[2025-09-13 06:34:34] ℹ️ 转换结果与现有 .mrs 相同，未更新：./Manorama/Manorama_OCD_Domain.mrs (md5 480ad8cd02d0dd3c95a0bd6b164dfd63)
[2025-09-13 06:34:34] 转换无变化，已删除 per-log：./Manorama/Manorama_OCD_Domain.mrs.log
[2025-09-13 06:34:34] 开始转换：./Manorama/Manorama_OCD_IP.yaml -> ./Manorama/Manorama_OCD_IP.mrs （临时 ./Manorama/Manorama_OCD_IP.mrs.tmp），之前 md5=3ae941e2c1937537ba5a07c4ac01521a
[2025-09-13 06:34:34] ℹ️ 转换结果与现有 .mrs 相同，未更新：./Manorama/Manorama_OCD_IP.mrs (md5 3ae941e2c1937537ba5a07c4ac01521a)
[2025-09-13 06:34:34] 转换无变化，已删除 per-log：./Manorama/Manorama_OCD_IP.mrs.log
[2025-09-13 06:34:34] 开始转换：./FeiZhu/FeiZhu_OCD_Domain.yaml -> ./FeiZhu/FeiZhu_OCD_Domain.mrs （临时 ./FeiZhu/FeiZhu_OCD_Domain.mrs.tmp），之前 md5=fb175abe2f1b31a57e49bc29c537d560
[2025-09-13 06:34:34] ℹ️ 转换结果与现有 .mrs 相同，未更新：./FeiZhu/FeiZhu_OCD_Domain.mrs (md5 fb175abe2f1b31a57e49bc29c537d560)
[2025-09-13 06:34:34] 转换无变化，已删除 per-log：./FeiZhu/FeiZhu_OCD_Domain.mrs.log
[2025-09-13 06:34:34] 开始转换：./FeiZhu/FeiZhu_OCD_IP.yaml -> ./FeiZhu/FeiZhu_OCD_IP.mrs （临时 ./FeiZhu/FeiZhu_OCD_IP.mrs.tmp），之前 md5=3ae941e2c1937537ba5a07c4ac01521a
[2025-09-13 06:34:34] ℹ️ 转换结果与现有 .mrs 相同，未更新：./FeiZhu/FeiZhu_OCD_IP.mrs (md5 3ae941e2c1937537ba5a07c4ac01521a)
[2025-09-13 06:34:34] 转换无变化，已删除 per-log：./FeiZhu/FeiZhu_OCD_IP.mrs.log
[2025-09-13 06:34:34] 开始转换：./Rarbg/Rarbg_OCD_IP.yaml -> ./Rarbg/Rarbg_OCD_IP.mrs （临时 ./Rarbg/Rarbg_OCD_IP.mrs.tmp），之前 md5=3ae941e2c1937537ba5a07c4ac01521a
[2025-09-13 06:34:34] ℹ️ 转换结果与现有 .mrs 相同，未更新：./Rarbg/Rarbg_OCD_IP.mrs (md5 3ae941e2c1937537ba5a07c4ac01521a)
[2025-09-13 06:34:34] 转换无变化，已删除 per-log：./Rarbg/Rarbg_OCD_IP.mrs.log
[2025-09-13 06:34:34] 开始转换：./Rarbg/Rarbg_OCD_Domain.yaml -> ./Rarbg/Rarbg_OCD_Domain.mrs （临时 ./Rarbg/Rarbg_OCD_Domain.mrs.tmp），之前 md5=37d2cc4f1fa8a282658df52db359e226
[2025-09-13 06:34:34] ℹ️ 转换结果与现有 .mrs 相同，未更新：./Rarbg/Rarbg_OCD_Domain.mrs (md5 37d2cc4f1fa8a282658df52db359e226)
[2025-09-13 06:34:34] 转换无变化，已删除 per-log：./Rarbg/Rarbg_OCD_Domain.mrs.log
[2025-09-13 06:34:34] 开始转换：./Movefree/Movefree_OCD_Domain.yaml -> ./Movefree/Movefree_OCD_Domain.mrs （临时 ./Movefree/Movefree_OCD_Domain.mrs.tmp），之前 md5=13bbe236c4f78402acacbdf091316cc4
[2025-09-13 06:34:34] ℹ️ 转换结果与现有 .mrs 相同，未更新：./Movefree/Movefree_OCD_Domain.mrs (md5 13bbe236c4f78402acacbdf091316cc4)
[2025-09-13 06:34:34] 转换无变化，已删除 per-log：./Movefree/Movefree_OCD_Domain.mrs.log
[2025-09-13 06:34:34] 开始转换：./Movefree/Movefree_OCD_IP.yaml -> ./Movefree/Movefree_OCD_IP.mrs （临时 ./Movefree/Movefree_OCD_IP.mrs.tmp），之前 md5=3ae941e2c1937537ba5a07c4ac01521a
[2025-09-13 06:34:34] ℹ️ 转换结果与现有 .mrs 相同，未更新：./Movefree/Movefree_OCD_IP.mrs (md5 3ae941e2c1937537ba5a07c4ac01521a)
[2025-09-13 06:34:34] 转换无变化，已删除 per-log：./Movefree/Movefree_OCD_IP.mrs.log
[2025-09-13 06:34:34] 开始转换：./EA/EA_OCD_IP.yaml -> ./EA/EA_OCD_IP.mrs （临时 ./EA/EA_OCD_IP.mrs.tmp），之前 md5=3ae941e2c1937537ba5a07c4ac01521a
[2025-09-13 06:34:34] ℹ️ 转换结果与现有 .mrs 相同，未更新：./EA/EA_OCD_IP.mrs (md5 3ae941e2c1937537ba5a07c4ac01521a)
[2025-09-13 06:34:34] 转换无变化，已删除 per-log：./EA/EA_OCD_IP.mrs.log
[2025-09-13 06:34:34] 开始转换：./EA/EA_OCD_Domain.yaml -> ./EA/EA_OCD_Domain.mrs （临时 ./EA/EA_OCD_Domain.mrs.tmp），之前 md5=449e7ad973db7f716f1ffaf9fb80559c
[2025-09-13 06:34:34] ℹ️ 转换结果与现有 .mrs 相同，未更新：./EA/EA_OCD_Domain.mrs (md5 449e7ad973db7f716f1ffaf9fb80559c)
[2025-09-13 06:34:34] 转换无变化，已删除 per-log：./EA/EA_OCD_Domain.mrs.log
[2025-09-13 06:34:34] 开始转换：./HanYi/HanYi_OCD_Domain.yaml -> ./HanYi/HanYi_OCD_Domain.mrs （临时 ./HanYi/HanYi_OCD_Domain.mrs.tmp），之前 md5=9b9209a18f7b33325b3e1363e54bba52
[2025-09-13 06:34:34] ℹ️ 转换结果与现有 .mrs 相同，未更新：./HanYi/HanYi_OCD_Domain.mrs (md5 9b9209a18f7b33325b3e1363e54bba52)
[2025-09-13 06:34:34] 转换无变化，已删除 per-log：./HanYi/HanYi_OCD_Domain.mrs.log
[2025-09-13 06:34:34] 开始转换：./HanYi/HanYi_OCD_IP.yaml -> ./HanYi/HanYi_OCD_IP.mrs （临时 ./HanYi/HanYi_OCD_IP.mrs.tmp），之前 md5=3ae941e2c1937537ba5a07c4ac01521a
[2025-09-13 06:34:34] ℹ️ 转换结果与现有 .mrs 相同，未更新：./HanYi/HanYi_OCD_IP.mrs (md5 3ae941e2c1937537ba5a07c4ac01521a)
[2025-09-13 06:34:34] 转换无变化，已删除 per-log：./HanYi/HanYi_OCD_IP.mrs.log
[2025-09-13 06:34:34] 开始转换：./ZhongYuanYiShang/ZhongYuanYiShang_OCD_Domain.yaml -> ./ZhongYuanYiShang/ZhongYuanYiShang_OCD_Domain.mrs （临时 ./ZhongYuanYiShang/ZhongYuanYiShang_OCD_Domain.mrs.tmp），之前 md5=4fd39d3de55900d5565833ea4471e7d6
[2025-09-13 06:34:34] ℹ️ 转换结果与现有 .mrs 相同，未更新：./ZhongYuanYiShang/ZhongYuanYiShang_OCD_Domain.mrs (md5 4fd39d3de55900d5565833ea4471e7d6)
[2025-09-13 06:34:34] 转换无变化，已删除 per-log：./ZhongYuanYiShang/ZhongYuanYiShang_OCD_Domain.mrs.log
[2025-09-13 06:34:34] 开始转换：./ZhongYuanYiShang/ZhongYuanYiShang_OCD_IP.yaml -> ./ZhongYuanYiShang/ZhongYuanYiShang_OCD_IP.mrs （临时 ./ZhongYuanYiShang/ZhongYuanYiShang_OCD_IP.mrs.tmp），之前 md5=3ae941e2c1937537ba5a07c4ac01521a
[2025-09-13 06:34:34] ℹ️ 转换结果与现有 .mrs 相同，未更新：./ZhongYuanYiShang/ZhongYuanYiShang_OCD_IP.mrs (md5 3ae941e2c1937537ba5a07c4ac01521a)
[2025-09-13 06:34:34] 转换无变化，已删除 per-log：./ZhongYuanYiShang/ZhongYuanYiShang_OCD_IP.mrs.log
[2025-09-13 06:34:34] 开始转换：./MeiTuan/MeiTuan_OCD_Domain.yaml -> ./MeiTuan/MeiTuan_OCD_Domain.mrs （临时 ./MeiTuan/MeiTuan_OCD_Domain.mrs.tmp），之前 md5=9ccc709e45808d87664c431c56273761
[2025-09-13 06:34:34] ℹ️ 转换结果与现有 .mrs 相同，未更新：./MeiTuan/MeiTuan_OCD_Domain.mrs (md5 9ccc709e45808d87664c431c56273761)
[2025-09-13 06:34:34] 转换无变化，已删除 per-log：./MeiTuan/MeiTuan_OCD_Domain.mrs.log
[2025-09-13 06:34:34] 开始转换：./MeiTuan/MeiTuan_OCD_IP.yaml -> ./MeiTuan/MeiTuan_OCD_IP.mrs （临时 ./MeiTuan/MeiTuan_OCD_IP.mrs.tmp），之前 md5=3ae941e2c1937537ba5a07c4ac01521a
[2025-09-13 06:34:34] ℹ️ 转换结果与现有 .mrs 相同，未更新：./MeiTuan/MeiTuan_OCD_IP.mrs (md5 3ae941e2c1937537ba5a07c4ac01521a)
[2025-09-13 06:34:34] 转换无变化，已删除 per-log：./MeiTuan/MeiTuan_OCD_IP.mrs.log
[2025-09-13 06:34:34] 开始转换：./DiabloIII/DiabloIII_OCD_Domain.yaml -> ./DiabloIII/DiabloIII_OCD_Domain.mrs （临时 ./DiabloIII/DiabloIII_OCD_Domain.mrs.tmp），之前 md5=3b09ff0bd0293a12f4ddcfe99bd4d7b8
[2025-09-13 06:34:34] ✅ 转换并更新：./DiabloIII/DiabloIII_OCD_Domain.mrs （3b09ff0bd0293a12f4ddcfe99bd4d7b8 -> 017e43f277341d38bb8ae871a3770262）
[2025-09-13 06:34:34] 已删除成功转换产生的日志文件：./DiabloIII/DiabloIII_OCD_Domain.mrs.log
[2025-09-13 06:34:34] 开始转换：./DiabloIII/DiabloIII_OCD_IP.yaml -> ./DiabloIII/DiabloIII_OCD_IP.mrs （临时 ./DiabloIII/DiabloIII_OCD_IP.mrs.tmp），之前 md5=b915610f9140c3b250f9595a6d6b1da9
[2025-09-13 06:34:35] ℹ️ 转换结果与现有 .mrs 相同，未更新：./DiabloIII/DiabloIII_OCD_IP.mrs (md5 b915610f9140c3b250f9595a6d6b1da9)
[2025-09-13 06:34:35] 转换无变化，已删除 per-log：./DiabloIII/DiabloIII_OCD_IP.mrs.log
[2025-09-13 06:34:35] 开始转换：./HuYa/HuYa_OCD_IP.yaml -> ./HuYa/HuYa_OCD_IP.mrs （临时 ./HuYa/HuYa_OCD_IP.mrs.tmp），之前 md5=3ae941e2c1937537ba5a07c4ac01521a
[2025-09-13 06:34:35] ℹ️ 转换结果与现有 .mrs 相同，未更新：./HuYa/HuYa_OCD_IP.mrs (md5 3ae941e2c1937537ba5a07c4ac01521a)
[2025-09-13 06:34:35] 转换无变化，已删除 per-log：./HuYa/HuYa_OCD_IP.mrs.log
[2025-09-13 06:34:35] 开始转换：./HuYa/HuYa_OCD_Domain.yaml -> ./HuYa/HuYa_OCD_Domain.mrs （临时 ./HuYa/HuYa_OCD_Domain.mrs.tmp），之前 md5=75f5a27cb4cb4655a3449ab6d1eaf191
[2025-09-13 06:34:35] ℹ️ 转换结果与现有 .mrs 相同，未更新：./HuYa/HuYa_OCD_Domain.mrs (md5 75f5a27cb4cb4655a3449ab6d1eaf191)
[2025-09-13 06:34:35] 转换无变化，已删除 per-log：./HuYa/HuYa_OCD_Domain.mrs.log
[2025-09-13 06:34:35] 开始转换：./XingKongWuXian/XingKongWuXian_OCD_Domain.yaml -> ./XingKongWuXian/XingKongWuXian_OCD_Domain.mrs （临时 ./XingKongWuXian/XingKongWuXian_OCD_Domain.mrs.tmp），之前 md5=0ed3c7f875910b6340a1ac14a8871c09
[2025-09-13 06:34:35] ℹ️ 转换结果与现有 .mrs 相同，未更新：./XingKongWuXian/XingKongWuXian_OCD_Domain.mrs (md5 0ed3c7f875910b6340a1ac14a8871c09)
[2025-09-13 06:34:35] 转换无变化，已删除 per-log：./XingKongWuXian/XingKongWuXian_OCD_Domain.mrs.log
[2025-09-13 06:34:35] 开始转换：./XingKongWuXian/XingKongWuXian_OCD_IP.yaml -> ./XingKongWuXian/XingKongWuXian_OCD_IP.mrs （临时 ./XingKongWuXian/XingKongWuXian_OCD_IP.mrs.tmp），之前 md5=3ae941e2c1937537ba5a07c4ac01521a
[2025-09-13 06:34:35] ℹ️ 转换结果与现有 .mrs 相同，未更新：./XingKongWuXian/XingKongWuXian_OCD_IP.mrs (md5 3ae941e2c1937537ba5a07c4ac01521a)
[2025-09-13 06:34:35] 转换无变化，已删除 per-log：./XingKongWuXian/XingKongWuXian_OCD_IP.mrs.log
[2025-09-13 06:34:35] 开始转换：./W3schools/W3schools_OCD_IP.yaml -> ./W3schools/W3schools_OCD_IP.mrs （临时 ./W3schools/W3schools_OCD_IP.mrs.tmp），之前 md5=3ae941e2c1937537ba5a07c4ac01521a
[2025-09-13 06:34:35] ℹ️ 转换结果与现有 .mrs 相同，未更新：./W3schools/W3schools_OCD_IP.mrs (md5 3ae941e2c1937537ba5a07c4ac01521a)
[2025-09-13 06:34:35] 转换无变化，已删除 per-log：./W3schools/W3schools_OCD_IP.mrs.log
[2025-09-13 06:34:35] 开始转换：./W3schools/W3schools_OCD_Domain.yaml -> ./W3schools/W3schools_OCD_Domain.mrs （临时 ./W3schools/W3schools_OCD_Domain.mrs.tmp），之前 md5=3ff680c0975ff840f95151a785130643
[2025-09-13 06:34:35] ℹ️ 转换结果与现有 .mrs 相同，未更新：./W3schools/W3schools_OCD_Domain.mrs (md5 3ff680c0975ff840f95151a785130643)
[2025-09-13 06:34:35] 转换无变化，已删除 per-log：./W3schools/W3schools_OCD_Domain.mrs.log
[2025-09-13 06:34:35] 开始转换：./Pixnet/Pixnet_OCD_IP.yaml -> ./Pixnet/Pixnet_OCD_IP.mrs （临时 ./Pixnet/Pixnet_OCD_IP.mrs.tmp），之前 md5=3ae941e2c1937537ba5a07c4ac01521a
[2025-09-13 06:34:35] ℹ️ 转换结果与现有 .mrs 相同，未更新：./Pixnet/Pixnet_OCD_IP.mrs (md5 3ae941e2c1937537ba5a07c4ac01521a)
[2025-09-13 06:34:35] 转换无变化，已删除 per-log：./Pixnet/Pixnet_OCD_IP.mrs.log
[2025-09-13 06:34:35] 开始转换：./Pixnet/Pixnet_OCD_Domain.yaml -> ./Pixnet/Pixnet_OCD_Domain.mrs （临时 ./Pixnet/Pixnet_OCD_Domain.mrs.tmp），之前 md5=ca11638fe4c0ada404ebfee91e5faf6f
[2025-09-13 06:34:35] ℹ️ 转换结果与现有 .mrs 相同，未更新：./Pixnet/Pixnet_OCD_Domain.mrs (md5 ca11638fe4c0ada404ebfee91e5faf6f)
[2025-09-13 06:34:35] 转换无变化，已删除 per-log：./Pixnet/Pixnet_OCD_Domain.mrs.log
[2025-09-13 06:34:35] 开始转换：./BiliBili/BiliBili_OCD_IP.yaml -> ./BiliBili/BiliBili_OCD_IP.mrs （临时 ./BiliBili/BiliBili_OCD_IP.mrs.tmp），之前 md5=68611e0a859b9491974e6fc1627ad86a
[2025-09-13 06:34:35] ℹ️ 转换结果与现有 .mrs 相同，未更新：./BiliBili/BiliBili_OCD_IP.mrs (md5 68611e0a859b9491974e6fc1627ad86a)
[2025-09-13 06:34:35] 转换无变化，已删除 per-log：./BiliBili/BiliBili_OCD_IP.mrs.log
[2025-09-13 06:34:35] 开始转换：./BiliBili/BiliBili_OCD_Domain.yaml -> ./BiliBili/BiliBili_OCD_Domain.mrs （临时 ./BiliBili/BiliBili_OCD_Domain.mrs.tmp），之前 md5=bf346f57201d8c7fded455ee494a43c8
[2025-09-13 06:34:35] ℹ️ 转换结果与现有 .mrs 相同，未更新：./BiliBili/BiliBili_OCD_Domain.mrs (md5 bf346f57201d8c7fded455ee494a43c8)
[2025-09-13 06:34:35] 转换无变化，已删除 per-log：./BiliBili/BiliBili_OCD_Domain.mrs.log
[2025-09-13 06:34:35] 开始转换：./Peacock/Peacock_OCD_IP.yaml -> ./Peacock/Peacock_OCD_IP.mrs （临时 ./Peacock/Peacock_OCD_IP.mrs.tmp），之前 md5=3ae941e2c1937537ba5a07c4ac01521a
[2025-09-13 06:34:35] ℹ️ 转换结果与现有 .mrs 相同，未更新：./Peacock/Peacock_OCD_IP.mrs (md5 3ae941e2c1937537ba5a07c4ac01521a)
[2025-09-13 06:34:35] 转换无变化，已删除 per-log：./Peacock/Peacock_OCD_IP.mrs.log
[2025-09-13 06:34:35] 开始转换：./Peacock/Peacock_OCD_Domain.yaml -> ./Peacock/Peacock_OCD_Domain.mrs （临时 ./Peacock/Peacock_OCD_Domain.mrs.tmp），之前 md5=b32552cbec86dbb97fabdc2a6656db1c
[2025-09-13 06:34:35] ℹ️ 转换结果与现有 .mrs 相同，未更新：./Peacock/Peacock_OCD_Domain.mrs (md5 b32552cbec86dbb97fabdc2a6656db1c)
[2025-09-13 06:34:35] 转换无变化，已删除 per-log：./Peacock/Peacock_OCD_Domain.mrs.log
[2025-09-13 06:34:35] 开始转换：./BiliBiliIntl/BiliBiliIntl_OCD_IP.yaml -> ./BiliBiliIntl/BiliBiliIntl_OCD_IP.mrs （临时 ./BiliBiliIntl/BiliBiliIntl_OCD_IP.mrs.tmp），之前 md5=3ae941e2c1937537ba5a07c4ac01521a
[2025-09-13 06:34:35] ℹ️ 转换结果与现有 .mrs 相同，未更新：./BiliBiliIntl/BiliBiliIntl_OCD_IP.mrs (md5 3ae941e2c1937537ba5a07c4ac01521a)
[2025-09-13 06:34:35] 转换无变化，已删除 per-log：./BiliBiliIntl/BiliBiliIntl_OCD_IP.mrs.log
[2025-09-13 06:34:35] 开始转换：./BiliBiliIntl/BiliBiliIntl_OCD_Domain.yaml -> ./BiliBiliIntl/BiliBiliIntl_OCD_Domain.mrs （临时 ./BiliBiliIntl/BiliBiliIntl_OCD_Domain.mrs.tmp），之前 md5=9db119eb9787bba80592a79314189048
[2025-09-13 06:34:35] ℹ️ 转换结果与现有 .mrs 相同，未更新：./BiliBiliIntl/BiliBiliIntl_OCD_Domain.mrs (md5 9db119eb9787bba80592a79314189048)
[2025-09-13 06:34:35] 转换无变化，已删除 per-log：./BiliBiliIntl/BiliBiliIntl_OCD_Domain.mrs.log
[2025-09-13 06:34:35] 开始转换：./AcFun/AcFun_OCD_Domain.yaml -> ./AcFun/AcFun_OCD_Domain.mrs （临时 ./AcFun/AcFun_OCD_Domain.mrs.tmp），之前 md5=9d25a2ab5cf2591fead00e09501d1c50
[2025-09-13 06:34:35] ℹ️ 转换结果与现有 .mrs 相同，未更新：./AcFun/AcFun_OCD_Domain.mrs (md5 9d25a2ab5cf2591fead00e09501d1c50)
[2025-09-13 06:34:35] 转换无变化，已删除 per-log：./AcFun/AcFun_OCD_Domain.mrs.log
[2025-09-13 06:34:35] 开始转换：./AcFun/AcFun_OCD_IP.yaml -> ./AcFun/AcFun_OCD_IP.mrs （临时 ./AcFun/AcFun_OCD_IP.mrs.tmp），之前 md5=3ae941e2c1937537ba5a07c4ac01521a
[2025-09-13 06:34:35] ℹ️ 转换结果与现有 .mrs 相同，未更新：./AcFun/AcFun_OCD_IP.mrs (md5 3ae941e2c1937537ba5a07c4ac01521a)
[2025-09-13 06:34:35] 转换无变化，已删除 per-log：./AcFun/AcFun_OCD_IP.mrs.log
[2025-09-13 06:34:35] 开始转换：./USMedia/USMedia_OCD_Domain.yaml -> ./USMedia/USMedia_OCD_Domain.mrs （临时 ./USMedia/USMedia_OCD_Domain.mrs.tmp），之前 md5=d648b3dfb509e3fbc9b815a070e5f84b
[2025-09-13 06:34:35] ℹ️ 转换结果与现有 .mrs 相同，未更新：./USMedia/USMedia_OCD_Domain.mrs (md5 d648b3dfb509e3fbc9b815a070e5f84b)
[2025-09-13 06:34:35] 转换无变化，已删除 per-log：./USMedia/USMedia_OCD_Domain.mrs.log
[2025-09-13 06:34:35] 开始转换：./USMedia/USMedia_OCD_IP.yaml -> ./USMedia/USMedia_OCD_IP.mrs （临时 ./USMedia/USMedia_OCD_IP.mrs.tmp），之前 md5=3ae941e2c1937537ba5a07c4ac01521a
[2025-09-13 06:34:35] ℹ️ 转换结果与现有 .mrs 相同，未更新：./USMedia/USMedia_OCD_IP.mrs (md5 3ae941e2c1937537ba5a07c4ac01521a)
[2025-09-13 06:34:35] 转换无变化，已删除 per-log：./USMedia/USMedia_OCD_IP.mrs.log
[2025-09-13 06:34:35] 开始转换：./ifanr/ifanr_OCD_Domain.yaml -> ./ifanr/ifanr_OCD_Domain.mrs （临时 ./ifanr/ifanr_OCD_Domain.mrs.tmp），之前 md5=25774b9b66dd49a3fe01be95060029c8
[2025-09-13 06:34:35] ℹ️ 转换结果与现有 .mrs 相同，未更新：./ifanr/ifanr_OCD_Domain.mrs (md5 25774b9b66dd49a3fe01be95060029c8)
[2025-09-13 06:34:35] 转换无变化，已删除 per-log：./ifanr/ifanr_OCD_Domain.mrs.log
[2025-09-13 06:34:35] 开始转换：./ifanr/ifanr_OCD_IP.yaml -> ./ifanr/ifanr_OCD_IP.mrs （临时 ./ifanr/ifanr_OCD_IP.mrs.tmp），之前 md5=3ae941e2c1937537ba5a07c4ac01521a
[2025-09-13 06:34:35] ℹ️ 转换结果与现有 .mrs 相同，未更新：./ifanr/ifanr_OCD_IP.mrs (md5 3ae941e2c1937537ba5a07c4ac01521a)
[2025-09-13 06:34:35] 转换无变化，已删除 per-log：./ifanr/ifanr_OCD_IP.mrs.log
[2025-09-13 06:34:35] 开始转换：./DiLianWangLuo/DiLianWangLuo_OCD_IP.yaml -> ./DiLianWangLuo/DiLianWangLuo_OCD_IP.mrs （临时 ./DiLianWangLuo/DiLianWangLuo_OCD_IP.mrs.tmp），之前 md5=3ae941e2c1937537ba5a07c4ac01521a
[2025-09-13 06:34:35] ℹ️ 转换结果与现有 .mrs 相同，未更新：./DiLianWangLuo/DiLianWangLuo_OCD_IP.mrs (md5 3ae941e2c1937537ba5a07c4ac01521a)
[2025-09-13 06:34:35] 转换无变化，已删除 per-log：./DiLianWangLuo/DiLianWangLuo_OCD_IP.mrs.log
[2025-09-13 06:34:35] 开始转换：./DiLianWangLuo/DiLianWangLuo_OCD_Domain.yaml -> ./DiLianWangLuo/DiLianWangLuo_OCD_Domain.mrs （临时 ./DiLianWangLuo/DiLianWangLuo_OCD_Domain.mrs.tmp），之前 md5=99ecfe49d57558d7965e39aa49084e5d
[2025-09-13 06:34:35] ℹ️ 转换结果与现有 .mrs 相同，未更新：./DiLianWangLuo/DiLianWangLuo_OCD_Domain.mrs (md5 99ecfe49d57558d7965e39aa49084e5d)
[2025-09-13 06:34:35] 转换无变化，已删除 per-log：./DiLianWangLuo/DiLianWangLuo_OCD_Domain.mrs.log
[2025-09-13 06:34:35] 开始转换：./OuPeng/OuPeng_OCD_Domain.yaml -> ./OuPeng/OuPeng_OCD_Domain.mrs （临时 ./OuPeng/OuPeng_OCD_Domain.mrs.tmp），之前 md5=810466cd148e31523c5e26957f97a057
[2025-09-13 06:34:35] ℹ️ 转换结果与现有 .mrs 相同，未更新：./OuPeng/OuPeng_OCD_Domain.mrs (md5 810466cd148e31523c5e26957f97a057)
[2025-09-13 06:34:35] 转换无变化，已删除 per-log：./OuPeng/OuPeng_OCD_Domain.mrs.log
[2025-09-13 06:34:35] 开始转换：./OuPeng/OuPeng_OCD_IP.yaml -> ./OuPeng/OuPeng_OCD_IP.mrs （临时 ./OuPeng/OuPeng_OCD_IP.mrs.tmp），之前 md5=3ae941e2c1937537ba5a07c4ac01521a
[2025-09-13 06:34:35] ℹ️ 转换结果与现有 .mrs 相同，未更新：./OuPeng/OuPeng_OCD_IP.mrs (md5 3ae941e2c1937537ba5a07c4ac01521a)
[2025-09-13 06:34:35] 转换无变化，已删除 per-log：./OuPeng/OuPeng_OCD_IP.mrs.log
[2025-09-13 06:34:35] 开始转换：./CSDN/CSDN_OCD_IP.yaml -> ./CSDN/CSDN_OCD_IP.mrs （临时 ./CSDN/CSDN_OCD_IP.mrs.tmp），之前 md5=3ae941e2c1937537ba5a07c4ac01521a
[2025-09-13 06:34:35] ℹ️ 转换结果与现有 .mrs 相同，未更新：./CSDN/CSDN_OCD_IP.mrs (md5 3ae941e2c1937537ba5a07c4ac01521a)
[2025-09-13 06:34:35] 转换无变化，已删除 per-log：./CSDN/CSDN_OCD_IP.mrs.log
[2025-09-13 06:34:35] 开始转换：./CSDN/CSDN_OCD_Domain.yaml -> ./CSDN/CSDN_OCD_Domain.mrs （临时 ./CSDN/CSDN_OCD_Domain.mrs.tmp），之前 md5=8b9c7de455e33fa0ec9bc9fe88499898
[2025-09-13 06:34:35] ℹ️ 转换结果与现有 .mrs 相同，未更新：./CSDN/CSDN_OCD_Domain.mrs (md5 8b9c7de455e33fa0ec9bc9fe88499898)
[2025-09-13 06:34:35] 转换无变化，已删除 per-log：./CSDN/CSDN_OCD_Domain.mrs.log
[2025-09-13 06:34:35] 开始转换：./Deezer/Deezer_OCD_Domain.yaml -> ./Deezer/Deezer_OCD_Domain.mrs （临时 ./Deezer/Deezer_OCD_Domain.mrs.tmp），之前 md5=c18f29b49334f306deceb966cea3e3ca
[2025-09-13 06:34:35] ℹ️ 转换结果与现有 .mrs 相同，未更新：./Deezer/Deezer_OCD_Domain.mrs (md5 c18f29b49334f306deceb966cea3e3ca)
[2025-09-13 06:34:35] 转换无变化，已删除 per-log：./Deezer/Deezer_OCD_Domain.mrs.log
[2025-09-13 06:34:35] 开始转换：./Deezer/Deezer_OCD_IP.yaml -> ./Deezer/Deezer_OCD_IP.mrs （临时 ./Deezer/Deezer_OCD_IP.mrs.tmp），之前 md5=3ae941e2c1937537ba5a07c4ac01521a
[2025-09-13 06:34:35] ℹ️ 转换结果与现有 .mrs 相同，未更新：./Deezer/Deezer_OCD_IP.mrs (md5 3ae941e2c1937537ba5a07c4ac01521a)
[2025-09-13 06:34:35] 转换无变化，已删除 per-log：./Deezer/Deezer_OCD_IP.mrs.log
[2025-09-13 06:34:35] 开始转换：./ChinaTelecom/ChinaTelecom_OCD_IP.yaml -> ./ChinaTelecom/ChinaTelecom_OCD_IP.mrs （临时 ./ChinaTelecom/ChinaTelecom_OCD_IP.mrs.tmp），之前 md5=3ae941e2c1937537ba5a07c4ac01521a
[2025-09-13 06:34:35] ℹ️ 转换结果与现有 .mrs 相同，未更新：./ChinaTelecom/ChinaTelecom_OCD_IP.mrs (md5 3ae941e2c1937537ba5a07c4ac01521a)
[2025-09-13 06:34:35] 转换无变化，已删除 per-log：./ChinaTelecom/ChinaTelecom_OCD_IP.mrs.log
[2025-09-13 06:34:35] 开始转换：./ChinaTelecom/ChinaTelecom_OCD_Domain.yaml -> ./ChinaTelecom/ChinaTelecom_OCD_Domain.mrs （临时 ./ChinaTelecom/ChinaTelecom_OCD_Domain.mrs.tmp），之前 md5=6eafe44c25fdd3db14fe7bd59d620b0d
[2025-09-13 06:34:35] ℹ️ 转换结果与现有 .mrs 相同，未更新：./ChinaTelecom/ChinaTelecom_OCD_Domain.mrs (md5 6eafe44c25fdd3db14fe7bd59d620b0d)
[2025-09-13 06:34:35] 转换无变化，已删除 per-log：./ChinaTelecom/ChinaTelecom_OCD_Domain.mrs.log
[2025-09-13 06:34:35] 开始转换：./Comodo/Comodo_OCD_Domain.yaml -> ./Comodo/Comodo_OCD_Domain.mrs （临时 ./Comodo/Comodo_OCD_Domain.mrs.tmp），之前 md5=269520198f7765c562e29570c8baa917
[2025-09-13 06:34:35] ℹ️ 转换结果与现有 .mrs 相同，未更新：./Comodo/Comodo_OCD_Domain.mrs (md5 269520198f7765c562e29570c8baa917)
[2025-09-13 06:34:35] 转换无变化，已删除 per-log：./Comodo/Comodo_OCD_Domain.mrs.log
[2025-09-13 06:34:35] 开始转换：./Comodo/Comodo_OCD_IP.yaml -> ./Comodo/Comodo_OCD_IP.mrs （临时 ./Comodo/Comodo_OCD_IP.mrs.tmp），之前 md5=3ae941e2c1937537ba5a07c4ac01521a
[2025-09-13 06:34:35] ℹ️ 转换结果与现有 .mrs 相同，未更新：./Comodo/Comodo_OCD_IP.mrs (md5 3ae941e2c1937537ba5a07c4ac01521a)
[2025-09-13 06:34:35] 转换无变化，已删除 per-log：./Comodo/Comodo_OCD_IP.mrs.log
[2025-09-13 06:34:35] 开始转换：./Steam/Steam_OCD_Domain.yaml -> ./Steam/Steam_OCD_Domain.mrs （临时 ./Steam/Steam_OCD_Domain.mrs.tmp），之前 md5=c1154adef843223a835b38efe338d0ae
[2025-09-13 06:34:35] ℹ️ 转换结果与现有 .mrs 相同，未更新：./Steam/Steam_OCD_Domain.mrs (md5 c1154adef843223a835b38efe338d0ae)
[2025-09-13 06:34:35] 转换无变化，已删除 per-log：./Steam/Steam_OCD_Domain.mrs.log
[2025-09-13 06:34:35] 开始转换：./Steam/Steam_OCD_IP.yaml -> ./Steam/Steam_OCD_IP.mrs （临时 ./Steam/Steam_OCD_IP.mrs.tmp），之前 md5=3ae941e2c1937537ba5a07c4ac01521a
[2025-09-13 06:34:35] ℹ️ 转换结果与现有 .mrs 相同，未更新：./Steam/Steam_OCD_IP.mrs (md5 3ae941e2c1937537ba5a07c4ac01521a)
[2025-09-13 06:34:35] 转换无变化，已删除 per-log：./Steam/Steam_OCD_IP.mrs.log
[2025-09-13 06:34:35] 开始转换：./SouFang/SouFang_OCD_IP.yaml -> ./SouFang/SouFang_OCD_IP.mrs （临时 ./SouFang/SouFang_OCD_IP.mrs.tmp），之前 md5=3ae941e2c1937537ba5a07c4ac01521a
[2025-09-13 06:34:35] ℹ️ 转换结果与现有 .mrs 相同，未更新：./SouFang/SouFang_OCD_IP.mrs (md5 3ae941e2c1937537ba5a07c4ac01521a)
[2025-09-13 06:34:35] 转换无变化，已删除 per-log：./SouFang/SouFang_OCD_IP.mrs.log
[2025-09-13 06:34:36] 开始转换：./SouFang/SouFang_OCD_Domain.yaml -> ./SouFang/SouFang_OCD_Domain.mrs （临时 ./SouFang/SouFang_OCD_Domain.mrs.tmp），之前 md5=35f4844187033996b090b4631e25d9d4
[2025-09-13 06:34:36] ℹ️ 转换结果与现有 .mrs 相同，未更新：./SouFang/SouFang_OCD_Domain.mrs (md5 35f4844187033996b090b4631e25d9d4)
[2025-09-13 06:34:36] 转换无变化，已删除 per-log：./SouFang/SouFang_OCD_Domain.mrs.log
[2025-09-13 06:34:36] 开始转换：./3Type/3Type_OCD_Domain.yaml -> ./3Type/3Type_OCD_Domain.mrs （临时 ./3Type/3Type_OCD_Domain.mrs.tmp），之前 md5=5cdeea7a07423189f50f2b6a1c7fec30
[2025-09-13 06:34:36] ℹ️ 转换结果与现有 .mrs 相同，未更新：./3Type/3Type_OCD_Domain.mrs (md5 5cdeea7a07423189f50f2b6a1c7fec30)
[2025-09-13 06:34:36] 转换无变化，已删除 per-log：./3Type/3Type_OCD_Domain.mrs.log
[2025-09-13 06:34:36] 开始转换：./3Type/3Type_OCD_IP.yaml -> ./3Type/3Type_OCD_IP.mrs （临时 ./3Type/3Type_OCD_IP.mrs.tmp），之前 md5=3ae941e2c1937537ba5a07c4ac01521a
[2025-09-13 06:34:36] ℹ️ 转换结果与现有 .mrs 相同，未更新：./3Type/3Type_OCD_IP.mrs (md5 3ae941e2c1937537ba5a07c4ac01521a)
[2025-09-13 06:34:36] 转换无变化，已删除 per-log：./3Type/3Type_OCD_IP.mrs.log
[2025-09-13 06:34:36] 开始转换：./TelegramNL/TelegramNL_OCD_IP.yaml -> ./TelegramNL/TelegramNL_OCD_IP.mrs （临时 ./TelegramNL/TelegramNL_OCD_IP.mrs.tmp），之前 md5=afdb9dc8d016d3953445219776593d59
[2025-09-13 06:34:36] ℹ️ 转换结果与现有 .mrs 相同，未更新：./TelegramNL/TelegramNL_OCD_IP.mrs (md5 afdb9dc8d016d3953445219776593d59)
[2025-09-13 06:34:36] 转换无变化，已删除 per-log：./TelegramNL/TelegramNL_OCD_IP.mrs.log
[2025-09-13 06:34:36] 开始转换：./TelegramNL/TelegramNL_OCD_Domain.yaml -> ./TelegramNL/TelegramNL_OCD_Domain.mrs （临时 ./TelegramNL/TelegramNL_OCD_Domain.mrs.tmp），之前 md5=3b09ff0bd0293a12f4ddcfe99bd4d7b8
[2025-09-13 06:34:36] ✅ 转换并更新：./TelegramNL/TelegramNL_OCD_Domain.mrs （3b09ff0bd0293a12f4ddcfe99bd4d7b8 -> 017e43f277341d38bb8ae871a3770262）
[2025-09-13 06:34:36] 已删除成功转换产生的日志文件：./TelegramNL/TelegramNL_OCD_Domain.mrs.log
[2025-09-13 06:34:36] 开始转换：./Migu/Migu_OCD_IP.yaml -> ./Migu/Migu_OCD_IP.mrs （临时 ./Migu/Migu_OCD_IP.mrs.tmp），之前 md5=3ae941e2c1937537ba5a07c4ac01521a
[2025-09-13 06:34:36] ℹ️ 转换结果与现有 .mrs 相同，未更新：./Migu/Migu_OCD_IP.mrs (md5 3ae941e2c1937537ba5a07c4ac01521a)
[2025-09-13 06:34:36] 转换无变化，已删除 per-log：./Migu/Migu_OCD_IP.mrs.log
[2025-09-13 06:34:36] 开始转换：./Migu/Migu_OCD_Domain.yaml -> ./Migu/Migu_OCD_Domain.mrs （临时 ./Migu/Migu_OCD_Domain.mrs.tmp），之前 md5=3f3078dd352f1b2ae28f49d30ea6e0b9
[2025-09-13 06:34:36] ℹ️ 转换结果与现有 .mrs 相同，未更新：./Migu/Migu_OCD_Domain.mrs (md5 3f3078dd352f1b2ae28f49d30ea6e0b9)
[2025-09-13 06:34:36] 转换无变化，已删除 per-log：./Migu/Migu_OCD_Domain.mrs.log
[2025-09-13 06:34:36] 开始转换：./Cake/Cake_OCD_Domain.yaml -> ./Cake/Cake_OCD_Domain.mrs （临时 ./Cake/Cake_OCD_Domain.mrs.tmp），之前 md5=d3f99d88392999f07e331bf856eb2bfd
[2025-09-13 06:34:36] ℹ️ 转换结果与现有 .mrs 相同，未更新：./Cake/Cake_OCD_Domain.mrs (md5 d3f99d88392999f07e331bf856eb2bfd)
[2025-09-13 06:34:36] 转换无变化，已删除 per-log：./Cake/Cake_OCD_Domain.mrs.log
[2025-09-13 06:34:36] 开始转换：./Cake/Cake_OCD_IP.yaml -> ./Cake/Cake_OCD_IP.mrs （临时 ./Cake/Cake_OCD_IP.mrs.tmp），之前 md5=3ae941e2c1937537ba5a07c4ac01521a
[2025-09-13 06:34:36] ℹ️ 转换结果与现有 .mrs 相同，未更新：./Cake/Cake_OCD_IP.mrs (md5 3ae941e2c1937537ba5a07c4ac01521a)
[2025-09-13 06:34:36] 转换无变化，已删除 per-log：./Cake/Cake_OCD_IP.mrs.log
[2025-09-13 06:34:36] 开始转换：./ChinaMaxNoIP/ChinaMaxNoIP_OCD_Domain.yaml -> ./ChinaMaxNoIP/ChinaMaxNoIP_OCD_Domain.mrs （临时 ./ChinaMaxNoIP/ChinaMaxNoIP_OCD_Domain.mrs.tmp），之前 md5=00e428e7b12a0dad999e207992540844
[2025-09-13 06:34:37] ℹ️ 转换结果与现有 .mrs 相同，未更新：./ChinaMaxNoIP/ChinaMaxNoIP_OCD_Domain.mrs (md5 00e428e7b12a0dad999e207992540844)
[2025-09-13 06:34:37] 转换无变化，已删除 per-log：./ChinaMaxNoIP/ChinaMaxNoIP_OCD_Domain.mrs.log
[2025-09-13 06:34:37] 开始转换：./ChinaMaxNoIP/ChinaMaxNoIP_OCD_IP.yaml -> ./ChinaMaxNoIP/ChinaMaxNoIP_OCD_IP.mrs （临时 ./ChinaMaxNoIP/ChinaMaxNoIP_OCD_IP.mrs.tmp），之前 md5=3ae941e2c1937537ba5a07c4ac01521a
[2025-09-13 06:34:37] ℹ️ 转换结果与现有 .mrs 相同，未更新：./ChinaMaxNoIP/ChinaMaxNoIP_OCD_IP.mrs (md5 3ae941e2c1937537ba5a07c4ac01521a)
[2025-09-13 06:34:37] 转换无变化，已删除 per-log：./ChinaMaxNoIP/ChinaMaxNoIP_OCD_IP.mrs.log
[2025-09-13 06:34:37] 开始转换：./Linguee/Linguee_OCD_IP.yaml -> ./Linguee/Linguee_OCD_IP.mrs （临时 ./Linguee/Linguee_OCD_IP.mrs.tmp），之前 md5=3ae941e2c1937537ba5a07c4ac01521a
[2025-09-13 06:34:37] ℹ️ 转换结果与现有 .mrs 相同，未更新：./Linguee/Linguee_OCD_IP.mrs (md5 3ae941e2c1937537ba5a07c4ac01521a)
[2025-09-13 06:34:37] 转换无变化，已删除 per-log：./Linguee/Linguee_OCD_IP.mrs.log
[2025-09-13 06:34:37] 开始转换：./Linguee/Linguee_OCD_Domain.yaml -> ./Linguee/Linguee_OCD_Domain.mrs （临时 ./Linguee/Linguee_OCD_Domain.mrs.tmp），之前 md5=3d58ea30cf232a75cc4ed772dec574e9
[2025-09-13 06:34:37] ℹ️ 转换结果与现有 .mrs 相同，未更新：./Linguee/Linguee_OCD_Domain.mrs (md5 3d58ea30cf232a75cc4ed772dec574e9)
[2025-09-13 06:34:37] 转换无变化，已删除 per-log：./Linguee/Linguee_OCD_Domain.mrs.log
[2025-09-13 06:34:37] 开始转换：./Npmjs/Npmjs_OCD_Domain.yaml -> ./Npmjs/Npmjs_OCD_Domain.mrs （临时 ./Npmjs/Npmjs_OCD_Domain.mrs.tmp），之前 md5=211ad86d132de3831cce76a64c2bb6ba
[2025-09-13 06:34:37] ℹ️ 转换结果与现有 .mrs 相同，未更新：./Npmjs/Npmjs_OCD_Domain.mrs (md5 211ad86d132de3831cce76a64c2bb6ba)
[2025-09-13 06:34:37] 转换无变化，已删除 per-log：./Npmjs/Npmjs_OCD_Domain.mrs.log
[2025-09-13 06:34:37] 开始转换：./Npmjs/Npmjs_OCD_IP.yaml -> ./Npmjs/Npmjs_OCD_IP.mrs （临时 ./Npmjs/Npmjs_OCD_IP.mrs.tmp），之前 md5=3ae941e2c1937537ba5a07c4ac01521a
[2025-09-13 06:34:37] ℹ️ 转换结果与现有 .mrs 相同，未更新：./Npmjs/Npmjs_OCD_IP.mrs (md5 3ae941e2c1937537ba5a07c4ac01521a)
[2025-09-13 06:34:37] 转换无变化，已删除 per-log：./Npmjs/Npmjs_OCD_IP.mrs.log
[2025-09-13 06:34:37] 开始转换：./Teambition/Teambition_OCD_IP.yaml -> ./Teambition/Teambition_OCD_IP.mrs （临时 ./Teambition/Teambition_OCD_IP.mrs.tmp），之前 md5=3ae941e2c1937537ba5a07c4ac01521a
[2025-09-13 06:34:37] ℹ️ 转换结果与现有 .mrs 相同，未更新：./Teambition/Teambition_OCD_IP.mrs (md5 3ae941e2c1937537ba5a07c4ac01521a)
[2025-09-13 06:34:37] 转换无变化，已删除 per-log：./Teambition/Teambition_OCD_IP.mrs.log
[2025-09-13 06:34:37] 开始转换：./Teambition/Teambition_OCD_Domain.yaml -> ./Teambition/Teambition_OCD_Domain.mrs （临时 ./Teambition/Teambition_OCD_Domain.mrs.tmp），之前 md5=d6989b47b7371716fce5b6e1360e1e33
[2025-09-13 06:34:37] ℹ️ 转换结果与现有 .mrs 相同，未更新：./Teambition/Teambition_OCD_Domain.mrs (md5 d6989b47b7371716fce5b6e1360e1e33)
[2025-09-13 06:34:37] 转换无变化，已删除 per-log：./Teambition/Teambition_OCD_Domain.mrs.log
[2025-09-13 06:34:37] 开始转换：./GlobalSign/GlobalSign_OCD_IP.yaml -> ./GlobalSign/GlobalSign_OCD_IP.mrs （临时 ./GlobalSign/GlobalSign_OCD_IP.mrs.tmp），之前 md5=3ae941e2c1937537ba5a07c4ac01521a
[2025-09-13 06:34:37] ℹ️ 转换结果与现有 .mrs 相同，未更新：./GlobalSign/GlobalSign_OCD_IP.mrs (md5 3ae941e2c1937537ba5a07c4ac01521a)
[2025-09-13 06:34:37] 转换无变化，已删除 per-log：./GlobalSign/GlobalSign_OCD_IP.mrs.log
[2025-09-13 06:34:37] 开始转换：./GlobalSign/GlobalSign_OCD_Domain.yaml -> ./GlobalSign/GlobalSign_OCD_Domain.mrs （临时 ./GlobalSign/GlobalSign_OCD_Domain.mrs.tmp），之前 md5=6441bad0f0f8ab281390e6c6b6807aab
[2025-09-13 06:34:37] ℹ️ 转换结果与现有 .mrs 相同，未更新：./GlobalSign/GlobalSign_OCD_Domain.mrs (md5 6441bad0f0f8ab281390e6c6b6807aab)
[2025-09-13 06:34:37] 转换无变化，已删除 per-log：./GlobalSign/GlobalSign_OCD_Domain.mrs.log
[2025-09-13 06:34:37] 开始转换：./AppLovin/AppLovin_OCD_IP.yaml -> ./AppLovin/AppLovin_OCD_IP.mrs （临时 ./AppLovin/AppLovin_OCD_IP.mrs.tmp），之前 md5=3ae941e2c1937537ba5a07c4ac01521a
[2025-09-13 06:34:37] ℹ️ 转换结果与现有 .mrs 相同，未更新：./AppLovin/AppLovin_OCD_IP.mrs (md5 3ae941e2c1937537ba5a07c4ac01521a)
[2025-09-13 06:34:37] 转换无变化，已删除 per-log：./AppLovin/AppLovin_OCD_IP.mrs.log
[2025-09-13 06:34:37] 开始转换：./AppLovin/AppLovin_OCD_Domain.yaml -> ./AppLovin/AppLovin_OCD_Domain.mrs （临时 ./AppLovin/AppLovin_OCD_Domain.mrs.tmp），之前 md5=61a94b3a9914d8147125650b3e3b8f2a
[2025-09-13 06:34:37] ℹ️ 转换结果与现有 .mrs 相同，未更新：./AppLovin/AppLovin_OCD_Domain.mrs (md5 61a94b3a9914d8147125650b3e3b8f2a)
[2025-09-13 06:34:37] 转换无变化，已删除 per-log：./AppLovin/AppLovin_OCD_Domain.mrs.log
[2025-09-13 06:34:37] 开始转换：./LastFM/LastFM_OCD_Domain.yaml -> ./LastFM/LastFM_OCD_Domain.mrs （临时 ./LastFM/LastFM_OCD_Domain.mrs.tmp），之前 md5=3b56238de00492bbb26133a26ff5cb1d
[2025-09-13 06:34:37] ℹ️ 转换结果与现有 .mrs 相同，未更新：./LastFM/LastFM_OCD_Domain.mrs (md5 3b56238de00492bbb26133a26ff5cb1d)
[2025-09-13 06:34:37] 转换无变化，已删除 per-log：./LastFM/LastFM_OCD_Domain.mrs.log
[2025-09-13 06:34:37] 开始转换：./LastFM/LastFM_OCD_IP.yaml -> ./LastFM/LastFM_OCD_IP.mrs （临时 ./LastFM/LastFM_OCD_IP.mrs.tmp），之前 md5=3ae941e2c1937537ba5a07c4ac01521a
[2025-09-13 06:34:37] ℹ️ 转换结果与现有 .mrs 相同，未更新：./LastFM/LastFM_OCD_IP.mrs (md5 3ae941e2c1937537ba5a07c4ac01521a)
[2025-09-13 06:34:37] 转换无变化，已删除 per-log：./LastFM/LastFM_OCD_IP.mrs.log
[2025-09-13 06:34:37] 开始转换：./KugouKuwo/KugouKuwo_OCD_IP.yaml -> ./KugouKuwo/KugouKuwo_OCD_IP.mrs （临时 ./KugouKuwo/KugouKuwo_OCD_IP.mrs.tmp），之前 md5=1893ad42ac5148ea9ac989705099453a
[2025-09-13 06:34:37] ℹ️ 转换结果与现有 .mrs 相同，未更新：./KugouKuwo/KugouKuwo_OCD_IP.mrs (md5 1893ad42ac5148ea9ac989705099453a)
[2025-09-13 06:34:37] 转换无变化，已删除 per-log：./KugouKuwo/KugouKuwo_OCD_IP.mrs.log
[2025-09-13 06:34:37] 开始转换：./KugouKuwo/KugouKuwo_OCD_Domain.yaml -> ./KugouKuwo/KugouKuwo_OCD_Domain.mrs （临时 ./KugouKuwo/KugouKuwo_OCD_Domain.mrs.tmp），之前 md5=d94d48a3e35085ea56db6fccbed191cf
[2025-09-13 06:34:37] ℹ️ 转换结果与现有 .mrs 相同，未更新：./KugouKuwo/KugouKuwo_OCD_Domain.mrs (md5 d94d48a3e35085ea56db6fccbed191cf)
[2025-09-13 06:34:37] 转换无变化，已删除 per-log：./KugouKuwo/KugouKuwo_OCD_Domain.mrs.log
[2025-09-13 06:34:37] 开始转换：./iTalkBB/iTalkBB_OCD_IP.yaml -> ./iTalkBB/iTalkBB_OCD_IP.mrs （临时 ./iTalkBB/iTalkBB_OCD_IP.mrs.tmp），之前 md5=3ae941e2c1937537ba5a07c4ac01521a
[2025-09-13 06:34:37] ℹ️ 转换结果与现有 .mrs 相同，未更新：./iTalkBB/iTalkBB_OCD_IP.mrs (md5 3ae941e2c1937537ba5a07c4ac01521a)
[2025-09-13 06:34:37] 转换无变化，已删除 per-log：./iTalkBB/iTalkBB_OCD_IP.mrs.log
[2025-09-13 06:34:37] 开始转换：./iTalkBB/iTalkBB_OCD_Domain.yaml -> ./iTalkBB/iTalkBB_OCD_Domain.mrs （临时 ./iTalkBB/iTalkBB_OCD_Domain.mrs.tmp），之前 md5=cba842fdbdde60d3fb6757abbd198e6f
[2025-09-13 06:34:37] ℹ️ 转换结果与现有 .mrs 相同，未更新：./iTalkBB/iTalkBB_OCD_Domain.mrs (md5 cba842fdbdde60d3fb6757abbd198e6f)
[2025-09-13 06:34:37] 转换无变化，已删除 per-log：./iTalkBB/iTalkBB_OCD_Domain.mrs.log
[2025-09-13 06:34:38] 开始转换：./Qualcomm/Qualcomm_OCD_Domain.yaml -> ./Qualcomm/Qualcomm_OCD_Domain.mrs （临时 ./Qualcomm/Qualcomm_OCD_Domain.mrs.tmp），之前 md5=7ae0d19fa4f9328feaa12c83ce27cdaf
[2025-09-13 06:34:38] ℹ️ 转换结果与现有 .mrs 相同，未更新：./Qualcomm/Qualcomm_OCD_Domain.mrs (md5 7ae0d19fa4f9328feaa12c83ce27cdaf)
[2025-09-13 06:34:38] 转换无变化，已删除 per-log：./Qualcomm/Qualcomm_OCD_Domain.mrs.log
[2025-09-13 06:34:38] 开始转换：./Qualcomm/Qualcomm_OCD_IP.yaml -> ./Qualcomm/Qualcomm_OCD_IP.mrs （临时 ./Qualcomm/Qualcomm_OCD_IP.mrs.tmp），之前 md5=3ae941e2c1937537ba5a07c4ac01521a
[2025-09-13 06:34:38] ℹ️ 转换结果与现有 .mrs 相同，未更新：./Qualcomm/Qualcomm_OCD_IP.mrs (md5 3ae941e2c1937537ba5a07c4ac01521a)
[2025-09-13 06:34:38] 转换无变化，已删除 per-log：./Qualcomm/Qualcomm_OCD_IP.mrs.log
[2025-09-13 06:34:38] 开始转换：./CNKI/CNKI_OCD_Domain.yaml -> ./CNKI/CNKI_OCD_Domain.mrs （临时 ./CNKI/CNKI_OCD_Domain.mrs.tmp），之前 md5=8ac6a7c2138bd919147e424846e9a383
[2025-09-13 06:34:38] ℹ️ 转换结果与现有 .mrs 相同，未更新：./CNKI/CNKI_OCD_Domain.mrs (md5 8ac6a7c2138bd919147e424846e9a383)
[2025-09-13 06:34:38] 转换无变化，已删除 per-log：./CNKI/CNKI_OCD_Domain.mrs.log
[2025-09-13 06:34:38] 开始转换：./CNKI/CNKI_OCD_IP.yaml -> ./CNKI/CNKI_OCD_IP.mrs （临时 ./CNKI/CNKI_OCD_IP.mrs.tmp），之前 md5=3ae941e2c1937537ba5a07c4ac01521a
[2025-09-13 06:34:38] ℹ️ 转换结果与现有 .mrs 相同，未更新：./CNKI/CNKI_OCD_IP.mrs (md5 3ae941e2c1937537ba5a07c4ac01521a)
[2025-09-13 06:34:38] 转换无变化，已删除 per-log：./CNKI/CNKI_OCD_IP.mrs.log
[2025-09-13 06:34:38] 开始转换：./Reabble/Reabble_OCD_IP.yaml -> ./Reabble/Reabble_OCD_IP.mrs （临时 ./Reabble/Reabble_OCD_IP.mrs.tmp），之前 md5=3ae941e2c1937537ba5a07c4ac01521a
[2025-09-13 06:34:38] ℹ️ 转换结果与现有 .mrs 相同，未更新：./Reabble/Reabble_OCD_IP.mrs (md5 3ae941e2c1937537ba5a07c4ac01521a)
[2025-09-13 06:34:38] 转换无变化，已删除 per-log：./Reabble/Reabble_OCD_IP.mrs.log
[2025-09-13 06:34:38] 开始转换：./Reabble/Reabble_OCD_Domain.yaml -> ./Reabble/Reabble_OCD_Domain.mrs （临时 ./Reabble/Reabble_OCD_Domain.mrs.tmp），之前 md5=257641509a0dac7761bdd2db7060b7b0
[2025-09-13 06:34:38] ℹ️ 转换结果与现有 .mrs 相同，未更新：./Reabble/Reabble_OCD_Domain.mrs (md5 257641509a0dac7761bdd2db7060b7b0)
[2025-09-13 06:34:38] 转换无变化，已删除 per-log：./Reabble/Reabble_OCD_Domain.mrs.log
[2025-09-13 06:34:38] 开始转换：./AppleProxy/AppleProxy_OCD_IP.yaml -> ./AppleProxy/AppleProxy_OCD_IP.mrs （临时 ./AppleProxy/AppleProxy_OCD_IP.mrs.tmp），之前 md5=3ae941e2c1937537ba5a07c4ac01521a
[2025-09-13 06:34:38] ℹ️ 转换结果与现有 .mrs 相同，未更新：./AppleProxy/AppleProxy_OCD_IP.mrs (md5 3ae941e2c1937537ba5a07c4ac01521a)
[2025-09-13 06:34:38] 转换无变化，已删除 per-log：./AppleProxy/AppleProxy_OCD_IP.mrs.log
[2025-09-13 06:34:38] 开始转换：./AppleProxy/AppleProxy_OCD_Domain.yaml -> ./AppleProxy/AppleProxy_OCD_Domain.mrs （临时 ./AppleProxy/AppleProxy_OCD_Domain.mrs.tmp），之前 md5=4c4cfd79c96f6852f73d98b622a0b40a
[2025-09-13 06:34:38] ℹ️ 转换结果与现有 .mrs 相同，未更新：./AppleProxy/AppleProxy_OCD_Domain.mrs (md5 4c4cfd79c96f6852f73d98b622a0b40a)
[2025-09-13 06:34:38] 转换无变化，已删除 per-log：./AppleProxy/AppleProxy_OCD_Domain.mrs.log
[2025-09-13 06:34:38] 开始转换：./BesTV/BesTV_OCD_Domain.yaml -> ./BesTV/BesTV_OCD_Domain.mrs （临时 ./BesTV/BesTV_OCD_Domain.mrs.tmp），之前 md5=58ae7dcade5b71e685ad9950464faea3
[2025-09-13 06:34:38] ℹ️ 转换结果与现有 .mrs 相同，未更新：./BesTV/BesTV_OCD_Domain.mrs (md5 58ae7dcade5b71e685ad9950464faea3)
[2025-09-13 06:34:38] 转换无变化，已删除 per-log：./BesTV/BesTV_OCD_Domain.mrs.log
[2025-09-13 06:34:38] 开始转换：./BesTV/BesTV_OCD_IP.yaml -> ./BesTV/BesTV_OCD_IP.mrs （临时 ./BesTV/BesTV_OCD_IP.mrs.tmp），之前 md5=3ae941e2c1937537ba5a07c4ac01521a
[2025-09-13 06:34:38] ℹ️ 转换结果与现有 .mrs 相同，未更新：./BesTV/BesTV_OCD_IP.mrs (md5 3ae941e2c1937537ba5a07c4ac01521a)
[2025-09-13 06:34:38] 转换无变化，已删除 per-log：./BesTV/BesTV_OCD_IP.mrs.log
[2025-09-13 06:34:38] 开始转换：./Scaleflex/Scaleflex_OCD_IP.yaml -> ./Scaleflex/Scaleflex_OCD_IP.mrs （临时 ./Scaleflex/Scaleflex_OCD_IP.mrs.tmp），之前 md5=3ae941e2c1937537ba5a07c4ac01521a
[2025-09-13 06:34:38] ℹ️ 转换结果与现有 .mrs 相同，未更新：./Scaleflex/Scaleflex_OCD_IP.mrs (md5 3ae941e2c1937537ba5a07c4ac01521a)
[2025-09-13 06:34:38] 转换无变化，已删除 per-log：./Scaleflex/Scaleflex_OCD_IP.mrs.log
[2025-09-13 06:34:38] 开始转换：./Scaleflex/Scaleflex_OCD_Domain.yaml -> ./Scaleflex/Scaleflex_OCD_Domain.mrs （临时 ./Scaleflex/Scaleflex_OCD_Domain.mrs.tmp），之前 md5=d4422b7730bb9095a2fb362c95701c56
[2025-09-13 06:34:38] ℹ️ 转换结果与现有 .mrs 相同，未更新：./Scaleflex/Scaleflex_OCD_Domain.mrs (md5 d4422b7730bb9095a2fb362c95701c56)
[2025-09-13 06:34:38] 转换无变化，已删除 per-log：./Scaleflex/Scaleflex_OCD_Domain.mrs.log
[2025-09-13 06:34:38] 开始转换：./AsianMedia/AsianMedia_OCD_IP.yaml -> ./AsianMedia/AsianMedia_OCD_IP.mrs （临时 ./AsianMedia/AsianMedia_OCD_IP.mrs.tmp），之前 md5=0030c15418700ea1ba50aceaf3e38840
[2025-09-13 06:34:38] ℹ️ 转换结果与现有 .mrs 相同，未更新：./AsianMedia/AsianMedia_OCD_IP.mrs (md5 0030c15418700ea1ba50aceaf3e38840)
[2025-09-13 06:34:38] 转换无变化，已删除 per-log：./AsianMedia/AsianMedia_OCD_IP.mrs.log
[2025-09-13 06:34:38] 开始转换：./AsianMedia/AsianMedia_OCD_Domain.yaml -> ./AsianMedia/AsianMedia_OCD_Domain.mrs （临时 ./AsianMedia/AsianMedia_OCD_Domain.mrs.tmp），之前 md5=85d92c25fdf7fe12541ca1852b403695
[2025-09-13 06:34:38] ℹ️ 转换结果与现有 .mrs 相同，未更新：./AsianMedia/AsianMedia_OCD_Domain.mrs (md5 85d92c25fdf7fe12541ca1852b403695)
[2025-09-13 06:34:38] 转换无变化，已删除 per-log：./AsianMedia/AsianMedia_OCD_Domain.mrs.log
[2025-09-13 06:34:38] 开始转换：./ChinaTest/ChinaTest_OCD_Domain.yaml -> ./ChinaTest/ChinaTest_OCD_Domain.mrs （临时 ./ChinaTest/ChinaTest_OCD_Domain.mrs.tmp），之前 md5=d00934293f7e696029af95db697baf63
[2025-09-13 06:34:39] ℹ️ 转换结果与现有 .mrs 相同，未更新：./ChinaTest/ChinaTest_OCD_Domain.mrs (md5 d00934293f7e696029af95db697baf63)
[2025-09-13 06:34:39] 转换无变化，已删除 per-log：./ChinaTest/ChinaTest_OCD_Domain.mrs.log
[2025-09-13 06:34:39] 开始转换：./ChinaTest/ChinaTest_OCD_IP.yaml -> ./ChinaTest/ChinaTest_OCD_IP.mrs （临时 ./ChinaTest/ChinaTest_OCD_IP.mrs.tmp），之前 md5=40abaa18d672d77f8b716747fd8fe05b
[2025-09-13 06:34:39] ℹ️ 转换结果与现有 .mrs 相同，未更新：./ChinaTest/ChinaTest_OCD_IP.mrs (md5 40abaa18d672d77f8b716747fd8fe05b)
[2025-09-13 06:34:39] 转换无变化，已删除 per-log：./ChinaTest/ChinaTest_OCD_IP.mrs.log
[2025-09-13 06:34:39] 开始转换：./DigiCert/DigiCert_OCD_IP.yaml -> ./DigiCert/DigiCert_OCD_IP.mrs （临时 ./DigiCert/DigiCert_OCD_IP.mrs.tmp），之前 md5=3ae941e2c1937537ba5a07c4ac01521a
[2025-09-13 06:34:39] ℹ️ 转换结果与现有 .mrs 相同，未更新：./DigiCert/DigiCert_OCD_IP.mrs (md5 3ae941e2c1937537ba5a07c4ac01521a)
[2025-09-13 06:34:39] 转换无变化，已删除 per-log：./DigiCert/DigiCert_OCD_IP.mrs.log
[2025-09-13 06:34:39] 开始转换：./DigiCert/DigiCert_OCD_Domain.yaml -> ./DigiCert/DigiCert_OCD_Domain.mrs （临时 ./DigiCert/DigiCert_OCD_Domain.mrs.tmp），之前 md5=49f75567075dae3d9fffadb1ab29733f
[2025-09-13 06:34:39] ℹ️ 转换结果与现有 .mrs 相同，未更新：./DigiCert/DigiCert_OCD_Domain.mrs (md5 49f75567075dae3d9fffadb1ab29733f)
[2025-09-13 06:34:39] 转换无变化，已删除 per-log：./DigiCert/DigiCert_OCD_Domain.mrs.log
[2025-09-13 06:34:39] 开始转换：./All4/All4_OCD_Domain.yaml -> ./All4/All4_OCD_Domain.mrs （临时 ./All4/All4_OCD_Domain.mrs.tmp），之前 md5=da72b00988f23839618d8af690c8aa6e
[2025-09-13 06:34:39] ℹ️ 转换结果与现有 .mrs 相同，未更新：./All4/All4_OCD_Domain.mrs (md5 da72b00988f23839618d8af690c8aa6e)
[2025-09-13 06:34:39] 转换无变化，已删除 per-log：./All4/All4_OCD_Domain.mrs.log
[2025-09-13 06:34:39] 开始转换：./All4/All4_OCD_IP.yaml -> ./All4/All4_OCD_IP.mrs （临时 ./All4/All4_OCD_IP.mrs.tmp），之前 md5=3ae941e2c1937537ba5a07c4ac01521a
[2025-09-13 06:34:39] ℹ️ 转换结果与现有 .mrs 相同，未更新：./All4/All4_OCD_IP.mrs (md5 3ae941e2c1937537ba5a07c4ac01521a)
[2025-09-13 06:34:39] 转换无变化，已删除 per-log：./All4/All4_OCD_IP.mrs.log
[2025-09-13 06:34:39] 开始转换：./CCTV/CCTV_OCD_IP.yaml -> ./CCTV/CCTV_OCD_IP.mrs （临时 ./CCTV/CCTV_OCD_IP.mrs.tmp），之前 md5=3ae941e2c1937537ba5a07c4ac01521a
[2025-09-13 06:34:39] ℹ️ 转换结果与现有 .mrs 相同，未更新：./CCTV/CCTV_OCD_IP.mrs (md5 3ae941e2c1937537ba5a07c4ac01521a)
[2025-09-13 06:34:39] 转换无变化，已删除 per-log：./CCTV/CCTV_OCD_IP.mrs.log
[2025-09-13 06:34:39] 开始转换：./CCTV/CCTV_OCD_Domain.yaml -> ./CCTV/CCTV_OCD_Domain.mrs （临时 ./CCTV/CCTV_OCD_Domain.mrs.tmp），之前 md5=9c4507d8887d51f439c3d00ddb92b2ba
[2025-09-13 06:34:39] ℹ️ 转换结果与现有 .mrs 相同，未更新：./CCTV/CCTV_OCD_Domain.mrs (md5 9c4507d8887d51f439c3d00ddb92b2ba)
[2025-09-13 06:34:39] 转换无变化，已删除 per-log：./CCTV/CCTV_OCD_Domain.mrs.log
[2025-09-13 06:34:39] 开始转换：./Pinduoduo/Pinduoduo_OCD_IP.yaml -> ./Pinduoduo/Pinduoduo_OCD_IP.mrs （临时 ./Pinduoduo/Pinduoduo_OCD_IP.mrs.tmp），之前 md5=3ae941e2c1937537ba5a07c4ac01521a
[2025-09-13 06:34:39] ℹ️ 转换结果与现有 .mrs 相同，未更新：./Pinduoduo/Pinduoduo_OCD_IP.mrs (md5 3ae941e2c1937537ba5a07c4ac01521a)
[2025-09-13 06:34:39] 转换无变化，已删除 per-log：./Pinduoduo/Pinduoduo_OCD_IP.mrs.log
[2025-09-13 06:34:39] 开始转换：./Pinduoduo/Pinduoduo_OCD_Domain.yaml -> ./Pinduoduo/Pinduoduo_OCD_Domain.mrs （临时 ./Pinduoduo/Pinduoduo_OCD_Domain.mrs.tmp），之前 md5=63f14287a9a3f009224b031f1baad4d0
[2025-09-13 06:34:39] ℹ️ 转换结果与现有 .mrs 相同，未更新：./Pinduoduo/Pinduoduo_OCD_Domain.mrs (md5 63f14287a9a3f009224b031f1baad4d0)
[2025-09-13 06:34:39] 转换无变化，已删除 per-log：./Pinduoduo/Pinduoduo_OCD_Domain.mrs.log
[2025-09-13 06:34:39] 开始转换：./Gemini/Gemini_OCD_Domain.yaml -> ./Gemini/Gemini_OCD_Domain.mrs （临时 ./Gemini/Gemini_OCD_Domain.mrs.tmp），之前 md5=4f5d0338a059be7d0627b6de79a27370
[2025-09-13 06:34:39] ℹ️ 转换结果与现有 .mrs 相同，未更新：./Gemini/Gemini_OCD_Domain.mrs (md5 4f5d0338a059be7d0627b6de79a27370)
[2025-09-13 06:34:39] 转换无变化，已删除 per-log：./Gemini/Gemini_OCD_Domain.mrs.log
[2025-09-13 06:34:39] 开始转换：./Gemini/Gemini_OCD_IP.yaml -> ./Gemini/Gemini_OCD_IP.mrs （临时 ./Gemini/Gemini_OCD_IP.mrs.tmp），之前 md5=3ae941e2c1937537ba5a07c4ac01521a
[2025-09-13 06:34:39] ℹ️ 转换结果与现有 .mrs 相同，未更新：./Gemini/Gemini_OCD_IP.mrs (md5 3ae941e2c1937537ba5a07c4ac01521a)
[2025-09-13 06:34:39] 转换无变化，已删除 per-log：./Gemini/Gemini_OCD_IP.mrs.log
[2025-09-13 06:34:39] 开始转换：./BrightCove/BrightCove_OCD_Domain.yaml -> ./BrightCove/BrightCove_OCD_Domain.mrs （临时 ./BrightCove/BrightCove_OCD_Domain.mrs.tmp），之前 md5=8eef000bd9f9c55fcc31a50c94b511e2
[2025-09-13 06:34:40] ℹ️ 转换结果与现有 .mrs 相同，未更新：./BrightCove/BrightCove_OCD_Domain.mrs (md5 8eef000bd9f9c55fcc31a50c94b511e2)
[2025-09-13 06:34:40] 转换无变化，已删除 per-log：./BrightCove/BrightCove_OCD_Domain.mrs.log
[2025-09-13 06:34:40] 开始转换：./BrightCove/BrightCove_OCD_IP.yaml -> ./BrightCove/BrightCove_OCD_IP.mrs （临时 ./BrightCove/BrightCove_OCD_IP.mrs.tmp），之前 md5=3ae941e2c1937537ba5a07c4ac01521a
[2025-09-13 06:34:40] ℹ️ 转换结果与现有 .mrs 相同，未更新：./BrightCove/BrightCove_OCD_IP.mrs (md5 3ae941e2c1937537ba5a07c4ac01521a)
[2025-09-13 06:34:40] 转换无变化，已删除 per-log：./BrightCove/BrightCove_OCD_IP.mrs.log
[2025-09-13 06:34:40] 开始转换：./Voxmedia/Voxmedia_OCD_Domain.yaml -> ./Voxmedia/Voxmedia_OCD_Domain.mrs （临时 ./Voxmedia/Voxmedia_OCD_Domain.mrs.tmp），之前 md5=e4de98774931fa8019f916155bb7808a
[2025-09-13 06:34:40] ℹ️ 转换结果与现有 .mrs 相同，未更新：./Voxmedia/Voxmedia_OCD_Domain.mrs (md5 e4de98774931fa8019f916155bb7808a)
[2025-09-13 06:34:40] 转换无变化，已删除 per-log：./Voxmedia/Voxmedia_OCD_Domain.mrs.log
[2025-09-13 06:34:40] 开始转换：./Voxmedia/Voxmedia_OCD_IP.yaml -> ./Voxmedia/Voxmedia_OCD_IP.mrs （临时 ./Voxmedia/Voxmedia_OCD_IP.mrs.tmp），之前 md5=3ae941e2c1937537ba5a07c4ac01521a
[2025-09-13 06:34:40] ℹ️ 转换结果与现有 .mrs 相同，未更新：./Voxmedia/Voxmedia_OCD_IP.mrs (md5 3ae941e2c1937537ba5a07c4ac01521a)
[2025-09-13 06:34:40] 转换无变化，已删除 per-log：./Voxmedia/Voxmedia_OCD_IP.mrs.log
[2025-09-13 06:34:40] 开始转换：./GitBook/GitBook_OCD_IP.yaml -> ./GitBook/GitBook_OCD_IP.mrs （临时 ./GitBook/GitBook_OCD_IP.mrs.tmp），之前 md5=3ae941e2c1937537ba5a07c4ac01521a
[2025-09-13 06:34:40] ℹ️ 转换结果与现有 .mrs 相同，未更新：./GitBook/GitBook_OCD_IP.mrs (md5 3ae941e2c1937537ba5a07c4ac01521a)
[2025-09-13 06:34:40] 转换无变化，已删除 per-log：./GitBook/GitBook_OCD_IP.mrs.log
[2025-09-13 06:34:40] 开始转换：./GitBook/GitBook_OCD_Domain.yaml -> ./GitBook/GitBook_OCD_Domain.mrs （临时 ./GitBook/GitBook_OCD_Domain.mrs.tmp），之前 md5=9f4c4b496d12feaf452b2b8feb16764a
[2025-09-13 06:34:40] ℹ️ 转换结果与现有 .mrs 相同，未更新：./GitBook/GitBook_OCD_Domain.mrs (md5 9f4c4b496d12feaf452b2b8feb16764a)
[2025-09-13 06:34:40] 转换无变化，已删除 per-log：./GitBook/GitBook_OCD_Domain.mrs.log
[2025-09-13 06:34:40] 开始转换：./AppleMail/AppleMail_OCD_IP.yaml -> ./AppleMail/AppleMail_OCD_IP.mrs （临时 ./AppleMail/AppleMail_OCD_IP.mrs.tmp），之前 md5=3ae941e2c1937537ba5a07c4ac01521a
[2025-09-13 06:34:40] ℹ️ 转换结果与现有 .mrs 相同，未更新：./AppleMail/AppleMail_OCD_IP.mrs (md5 3ae941e2c1937537ba5a07c4ac01521a)
[2025-09-13 06:34:40] 转换无变化，已删除 per-log：./AppleMail/AppleMail_OCD_IP.mrs.log
[2025-09-13 06:34:40] 开始转换：./AppleMail/AppleMail_OCD_Domain.yaml -> ./AppleMail/AppleMail_OCD_Domain.mrs （临时 ./AppleMail/AppleMail_OCD_Domain.mrs.tmp），之前 md5=cef1ddefbf4ed3af824f2b72849984e1
[2025-09-13 06:34:40] ℹ️ 转换结果与现有 .mrs 相同，未更新：./AppleMail/AppleMail_OCD_Domain.mrs (md5 cef1ddefbf4ed3af824f2b72849984e1)
[2025-09-13 06:34:40] 转换无变化，已删除 per-log：./AppleMail/AppleMail_OCD_Domain.mrs.log
[2025-09-13 06:34:40] 开始转换：./JOOX/JOOX_OCD_IP.yaml -> ./JOOX/JOOX_OCD_IP.mrs （临时 ./JOOX/JOOX_OCD_IP.mrs.tmp），之前 md5=6e5ed2d83f9841e63fb58ccd95369417
[2025-09-13 06:34:40] ℹ️ 转换结果与现有 .mrs 相同，未更新：./JOOX/JOOX_OCD_IP.mrs (md5 6e5ed2d83f9841e63fb58ccd95369417)
[2025-09-13 06:34:40] 转换无变化，已删除 per-log：./JOOX/JOOX_OCD_IP.mrs.log
[2025-09-13 06:34:40] 开始转换：./JOOX/JOOX_OCD_Domain.yaml -> ./JOOX/JOOX_OCD_Domain.mrs （临时 ./JOOX/JOOX_OCD_Domain.mrs.tmp），之前 md5=38c360f1e27217f5a56a5aec6ee3e4b1
[2025-09-13 06:34:40] ℹ️ 转换结果与现有 .mrs 相同，未更新：./JOOX/JOOX_OCD_Domain.mrs (md5 38c360f1e27217f5a56a5aec6ee3e4b1)
[2025-09-13 06:34:40] 转换无变化，已删除 per-log：./JOOX/JOOX_OCD_Domain.mrs.log
[2025-09-13 06:34:40] 开始转换：./Weibo/Weibo_OCD_IP.yaml -> ./Weibo/Weibo_OCD_IP.mrs （临时 ./Weibo/Weibo_OCD_IP.mrs.tmp），之前 md5=3ae941e2c1937537ba5a07c4ac01521a
[2025-09-13 06:34:40] ℹ️ 转换结果与现有 .mrs 相同，未更新：./Weibo/Weibo_OCD_IP.mrs (md5 3ae941e2c1937537ba5a07c4ac01521a)
[2025-09-13 06:34:40] 转换无变化，已删除 per-log：./Weibo/Weibo_OCD_IP.mrs.log
[2025-09-13 06:34:40] 开始转换：./Weibo/Weibo_OCD_Domain.yaml -> ./Weibo/Weibo_OCD_Domain.mrs （临时 ./Weibo/Weibo_OCD_Domain.mrs.tmp），之前 md5=23a9aa70e651ac0aae6e0b2ecf6792f2
[2025-09-13 06:34:40] ℹ️ 转换结果与现有 .mrs 相同，未更新：./Weibo/Weibo_OCD_Domain.mrs (md5 23a9aa70e651ac0aae6e0b2ecf6792f2)
[2025-09-13 06:34:40] 转换无变化，已删除 per-log：./Weibo/Weibo_OCD_Domain.mrs.log
[2025-09-13 06:34:40] 开始转换：./ChinaIPs/ChinaIPsTest/ChinaIPsTest_OCD_IP.yaml -> ./ChinaIPs/ChinaIPsTest/ChinaIPsTest_OCD_IP.mrs （临时 ./ChinaIPs/ChinaIPsTest/ChinaIPsTest_OCD_IP.mrs.tmp），之前 md5=7119017b32bfea7c423b25e1dafcfefd
[2025-09-13 06:34:40] ℹ️ 转换结果与现有 .mrs 相同，未更新：./ChinaIPs/ChinaIPsTest/ChinaIPsTest_OCD_IP.mrs (md5 7119017b32bfea7c423b25e1dafcfefd)
[2025-09-13 06:34:40] 转换无变化，已删除 per-log：./ChinaIPs/ChinaIPsTest/ChinaIPsTest_OCD_IP.mrs.log
[2025-09-13 06:34:40] 开始转换：./ChinaIPs/ChinaIPsTest/ChinaIPsTest_OCD_Domain.yaml -> ./ChinaIPs/ChinaIPsTest/ChinaIPsTest_OCD_Domain.mrs （临时 ./ChinaIPs/ChinaIPsTest/ChinaIPsTest_OCD_Domain.mrs.tmp），之前 md5=3b09ff0bd0293a12f4ddcfe99bd4d7b8
[2025-09-13 06:34:40] ✅ 转换并更新：./ChinaIPs/ChinaIPsTest/ChinaIPsTest_OCD_Domain.mrs （3b09ff0bd0293a12f4ddcfe99bd4d7b8 -> 017e43f277341d38bb8ae871a3770262）
[2025-09-13 06:34:40] 已删除成功转换产生的日志文件：./ChinaIPs/ChinaIPsTest/ChinaIPsTest_OCD_Domain.mrs.log
[2025-09-13 06:34:40] 开始转换：./ChinaIPs/ChinaIPs_OCD_Domain.yaml -> ./ChinaIPs/ChinaIPs_OCD_Domain.mrs （临时 ./ChinaIPs/ChinaIPs_OCD_Domain.mrs.tmp），之前 md5=3b09ff0bd0293a12f4ddcfe99bd4d7b8
[2025-09-13 06:34:40] ✅ 转换并更新：./ChinaIPs/ChinaIPs_OCD_Domain.mrs （3b09ff0bd0293a12f4ddcfe99bd4d7b8 -> 017e43f277341d38bb8ae871a3770262）
[2025-09-13 06:34:40] 已删除成功转换产生的日志文件：./ChinaIPs/ChinaIPs_OCD_Domain.mrs.log
[2025-09-13 06:34:40] 开始转换：./ChinaIPs/ChinaIPs_OCD_IP.yaml -> ./ChinaIPs/ChinaIPs_OCD_IP.mrs （临时 ./ChinaIPs/ChinaIPs_OCD_IP.mrs.tmp），之前 md5=b0e91e1bf98fb3fcb08d746c7168497f
[2025-09-13 06:34:40] ℹ️ 转换结果与现有 .mrs 相同，未更新：./ChinaIPs/ChinaIPs_OCD_IP.mrs (md5 b0e91e1bf98fb3fcb08d746c7168497f)
[2025-09-13 06:34:40] 转换无变化，已删除 per-log：./ChinaIPs/ChinaIPs_OCD_IP.mrs.log
[2025-09-13 06:34:40] 开始转换：./Duolingo/Duolingo_OCD_Domain.yaml -> ./Duolingo/Duolingo_OCD_Domain.mrs （临时 ./Duolingo/Duolingo_OCD_Domain.mrs.tmp），之前 md5=5aa5329d4695307de4a18a280f7893e1
[2025-09-13 06:34:40] ℹ️ 转换结果与现有 .mrs 相同，未更新：./Duolingo/Duolingo_OCD_Domain.mrs (md5 5aa5329d4695307de4a18a280f7893e1)
[2025-09-13 06:34:40] 转换无变化，已删除 per-log：./Duolingo/Duolingo_OCD_Domain.mrs.log
[2025-09-13 06:34:40] 开始转换：./Duolingo/Duolingo_OCD_IP.yaml -> ./Duolingo/Duolingo_OCD_IP.mrs （临时 ./Duolingo/Duolingo_OCD_IP.mrs.tmp），之前 md5=3ae941e2c1937537ba5a07c4ac01521a
[2025-09-13 06:34:40] ℹ️ 转换结果与现有 .mrs 相同，未更新：./Duolingo/Duolingo_OCD_IP.mrs (md5 3ae941e2c1937537ba5a07c4ac01521a)
[2025-09-13 06:34:40] 转换无变化，已删除 per-log：./Duolingo/Duolingo_OCD_IP.mrs.log
[2025-09-13 06:34:40] 开始转换：./Dynu/Dynu_OCD_Domain.yaml -> ./Dynu/Dynu_OCD_Domain.mrs （临时 ./Dynu/Dynu_OCD_Domain.mrs.tmp），之前 md5=e8c4d4df1e9046add663c596071ee588
[2025-09-13 06:34:41] ℹ️ 转换结果与现有 .mrs 相同，未更新：./Dynu/Dynu_OCD_Domain.mrs (md5 e8c4d4df1e9046add663c596071ee588)
[2025-09-13 06:34:41] 转换无变化，已删除 per-log：./Dynu/Dynu_OCD_Domain.mrs.log
[2025-09-13 06:34:41] 开始转换：./Dynu/Dynu_OCD_IP.yaml -> ./Dynu/Dynu_OCD_IP.mrs （临时 ./Dynu/Dynu_OCD_IP.mrs.tmp），之前 md5=3ae941e2c1937537ba5a07c4ac01521a
[2025-09-13 06:34:41] ℹ️ 转换结果与现有 .mrs 相同，未更新：./Dynu/Dynu_OCD_IP.mrs (md5 3ae941e2c1937537ba5a07c4ac01521a)
[2025-09-13 06:34:41] 转换无变化，已删除 per-log：./Dynu/Dynu_OCD_IP.mrs.log
[2025-09-13 06:34:41] 开始转换：./Afdian/Afdian_OCD_Domain.yaml -> ./Afdian/Afdian_OCD_Domain.mrs （临时 ./Afdian/Afdian_OCD_Domain.mrs.tmp），之前 md5=26731e7b96a822e6ebc63b053eb5991d
[2025-09-13 06:34:41] ℹ️ 转换结果与现有 .mrs 相同，未更新：./Afdian/Afdian_OCD_Domain.mrs (md5 26731e7b96a822e6ebc63b053eb5991d)
[2025-09-13 06:34:41] 转换无变化，已删除 per-log：./Afdian/Afdian_OCD_Domain.mrs.log
[2025-09-13 06:34:41] 开始转换：./Afdian/Afdian_OCD_IP.yaml -> ./Afdian/Afdian_OCD_IP.mrs （临时 ./Afdian/Afdian_OCD_IP.mrs.tmp），之前 md5=3ae941e2c1937537ba5a07c4ac01521a
[2025-09-13 06:34:41] ℹ️ 转换结果与现有 .mrs 相同，未更新：./Afdian/Afdian_OCD_IP.mrs (md5 3ae941e2c1937537ba5a07c4ac01521a)
[2025-09-13 06:34:41] 转换无变化，已删除 per-log：./Afdian/Afdian_OCD_IP.mrs.log
[2025-09-13 06:34:41] 开始转换：./friDay/friDay_OCD_Domain.yaml -> ./friDay/friDay_OCD_Domain.mrs （临时 ./friDay/friDay_OCD_Domain.mrs.tmp），之前 md5=fa0f4704118637a8108cb1bcbc91a41e
[2025-09-13 06:34:41] ℹ️ 转换结果与现有 .mrs 相同，未更新：./friDay/friDay_OCD_Domain.mrs (md5 fa0f4704118637a8108cb1bcbc91a41e)
[2025-09-13 06:34:41] 转换无变化，已删除 per-log：./friDay/friDay_OCD_Domain.mrs.log
[2025-09-13 06:34:41] 开始转换：./friDay/friDay_OCD_IP.yaml -> ./friDay/friDay_OCD_IP.mrs （临时 ./friDay/friDay_OCD_IP.mrs.tmp），之前 md5=3ae941e2c1937537ba5a07c4ac01521a
[2025-09-13 06:34:41] ℹ️ 转换结果与现有 .mrs 相同，未更新：./friDay/friDay_OCD_IP.mrs (md5 3ae941e2c1937537ba5a07c4ac01521a)
[2025-09-13 06:34:41] 转换无变化，已删除 per-log：./friDay/friDay_OCD_IP.mrs.log
[2025-09-13 06:34:41] 开始转换：./Gitee/Gitee_OCD_IP.yaml -> ./Gitee/Gitee_OCD_IP.mrs （临时 ./Gitee/Gitee_OCD_IP.mrs.tmp），之前 md5=3ae941e2c1937537ba5a07c4ac01521a
[2025-09-13 06:34:41] ℹ️ 转换结果与现有 .mrs 相同，未更新：./Gitee/Gitee_OCD_IP.mrs (md5 3ae941e2c1937537ba5a07c4ac01521a)
[2025-09-13 06:34:41] 转换无变化，已删除 per-log：./Gitee/Gitee_OCD_IP.mrs.log
[2025-09-13 06:34:41] 开始转换：./Gitee/Gitee_OCD_Domain.yaml -> ./Gitee/Gitee_OCD_Domain.mrs （临时 ./Gitee/Gitee_OCD_Domain.mrs.tmp），之前 md5=fe622d963cd903843c7ff45f0a3650ae
[2025-09-13 06:34:41] ℹ️ 转换结果与现有 .mrs 相同，未更新：./Gitee/Gitee_OCD_Domain.mrs (md5 fe622d963cd903843c7ff45f0a3650ae)
[2025-09-13 06:34:41] 转换无变化，已删除 per-log：./Gitee/Gitee_OCD_Domain.mrs.log
[2025-09-13 06:34:41] 开始转换：./HaiNanHangKong/HaiNanHangKong_OCD_Domain.yaml -> ./HaiNanHangKong/HaiNanHangKong_OCD_Domain.mrs （临时 ./HaiNanHangKong/HaiNanHangKong_OCD_Domain.mrs.tmp），之前 md5=0247a282e7fb36bc5a9910835d3fe9d1
[2025-09-13 06:34:41] ℹ️ 转换结果与现有 .mrs 相同，未更新：./HaiNanHangKong/HaiNanHangKong_OCD_Domain.mrs (md5 0247a282e7fb36bc5a9910835d3fe9d1)
[2025-09-13 06:34:41] 转换无变化，已删除 per-log：./HaiNanHangKong/HaiNanHangKong_OCD_Domain.mrs.log
[2025-09-13 06:34:41] 开始转换：./HaiNanHangKong/HaiNanHangKong_OCD_IP.yaml -> ./HaiNanHangKong/HaiNanHangKong_OCD_IP.mrs （临时 ./HaiNanHangKong/HaiNanHangKong_OCD_IP.mrs.tmp），之前 md5=3ae941e2c1937537ba5a07c4ac01521a
[2025-09-13 06:34:41] ℹ️ 转换结果与现有 .mrs 相同，未更新：./HaiNanHangKong/HaiNanHangKong_OCD_IP.mrs (md5 3ae941e2c1937537ba5a07c4ac01521a)
[2025-09-13 06:34:41] 转换无变化，已删除 per-log：./HaiNanHangKong/HaiNanHangKong_OCD_IP.mrs.log
[2025-09-13 06:34:41] 开始转换：./DNS/DNS_OCD_Domain.yaml -> ./DNS/DNS_OCD_Domain.mrs （临时 ./DNS/DNS_OCD_Domain.mrs.tmp），之前 md5=9d5852a4648e3ae77926c8daa7a50b6c
[2025-09-13 06:34:41] ℹ️ 转换结果与现有 .mrs 相同，未更新：./DNS/DNS_OCD_Domain.mrs (md5 9d5852a4648e3ae77926c8daa7a50b6c)
[2025-09-13 06:34:41] 转换无变化，已删除 per-log：./DNS/DNS_OCD_Domain.mrs.log
[2025-09-13 06:34:41] 开始转换：./DNS/DNS_OCD_IP.yaml -> ./DNS/DNS_OCD_IP.mrs （临时 ./DNS/DNS_OCD_IP.mrs.tmp），之前 md5=814f511ffb273085f11f8ce727c6a76a
[2025-09-13 06:34:41] ℹ️ 转换结果与现有 .mrs 相同，未更新：./DNS/DNS_OCD_IP.mrs (md5 814f511ffb273085f11f8ce727c6a76a)
[2025-09-13 06:34:41] 转换无变化，已删除 per-log：./DNS/DNS_OCD_IP.mrs.log
[2025-09-13 06:34:41] 开始转换：./HunanTV/HunanTV_OCD_IP.yaml -> ./HunanTV/HunanTV_OCD_IP.mrs （临时 ./HunanTV/HunanTV_OCD_IP.mrs.tmp），之前 md5=3ae941e2c1937537ba5a07c4ac01521a
[2025-09-13 06:34:41] ℹ️ 转换结果与现有 .mrs 相同，未更新：./HunanTV/HunanTV_OCD_IP.mrs (md5 3ae941e2c1937537ba5a07c4ac01521a)
[2025-09-13 06:34:41] 转换无变化，已删除 per-log：./HunanTV/HunanTV_OCD_IP.mrs.log
[2025-09-13 06:34:41] 开始转换：./HunanTV/HunanTV_OCD_Domain.yaml -> ./HunanTV/HunanTV_OCD_Domain.mrs （临时 ./HunanTV/HunanTV_OCD_Domain.mrs.tmp），之前 md5=8180495721ec67c7d20c847cfda5f074
[2025-09-13 06:34:41] ℹ️ 转换结果与现有 .mrs 相同，未更新：./HunanTV/HunanTV_OCD_Domain.mrs (md5 8180495721ec67c7d20c847cfda5f074)
[2025-09-13 06:34:41] 转换无变化，已删除 per-log：./HunanTV/HunanTV_OCD_Domain.mrs.log
[2025-09-13 06:34:41] 开始转换：./HP/HP_OCD_IP.yaml -> ./HP/HP_OCD_IP.mrs （临时 ./HP/HP_OCD_IP.mrs.tmp），之前 md5=3ae941e2c1937537ba5a07c4ac01521a
[2025-09-13 06:34:41] ℹ️ 转换结果与现有 .mrs 相同，未更新：./HP/HP_OCD_IP.mrs (md5 3ae941e2c1937537ba5a07c4ac01521a)
[2025-09-13 06:34:41] 转换无变化，已删除 per-log：./HP/HP_OCD_IP.mrs.log
[2025-09-13 06:34:41] 开始转换：./HP/HP_OCD_Domain.yaml -> ./HP/HP_OCD_Domain.mrs （临时 ./HP/HP_OCD_Domain.mrs.tmp），之前 md5=6b8e69116a19d0674e704c560932584d
[2025-09-13 06:34:41] ℹ️ 转换结果与现有 .mrs 相同，未更新：./HP/HP_OCD_Domain.mrs (md5 6b8e69116a19d0674e704c560932584d)
[2025-09-13 06:34:41] 转换无变化，已删除 per-log：./HP/HP_OCD_Domain.mrs.log
[2025-09-13 06:34:41] 开始转换：./YiZhiBo/YiZhiBo_OCD_IP.yaml -> ./YiZhiBo/YiZhiBo_OCD_IP.mrs （临时 ./YiZhiBo/YiZhiBo_OCD_IP.mrs.tmp），之前 md5=3ae941e2c1937537ba5a07c4ac01521a
[2025-09-13 06:34:41] ℹ️ 转换结果与现有 .mrs 相同，未更新：./YiZhiBo/YiZhiBo_OCD_IP.mrs (md5 3ae941e2c1937537ba5a07c4ac01521a)
[2025-09-13 06:34:41] 转换无变化，已删除 per-log：./YiZhiBo/YiZhiBo_OCD_IP.mrs.log
[2025-09-13 06:34:41] 开始转换：./YiZhiBo/YiZhiBo_OCD_Domain.yaml -> ./YiZhiBo/YiZhiBo_OCD_Domain.mrs （临时 ./YiZhiBo/YiZhiBo_OCD_Domain.mrs.tmp），之前 md5=5a91c3c46a4e40479397ad934d692b6c
[2025-09-13 06:34:41] ℹ️ 转换结果与现有 .mrs 相同，未更新：./YiZhiBo/YiZhiBo_OCD_Domain.mrs (md5 5a91c3c46a4e40479397ad934d692b6c)
[2025-09-13 06:34:41] 转换无变化，已删除 per-log：./YiZhiBo/YiZhiBo_OCD_Domain.mrs.log
[2025-09-13 06:34:41] 开始转换：./PikPak/PikPak_OCD_IP.yaml -> ./PikPak/PikPak_OCD_IP.mrs （临时 ./PikPak/PikPak_OCD_IP.mrs.tmp），之前 md5=3ae941e2c1937537ba5a07c4ac01521a
[2025-09-13 06:34:41] ℹ️ 转换结果与现有 .mrs 相同，未更新：./PikPak/PikPak_OCD_IP.mrs (md5 3ae941e2c1937537ba5a07c4ac01521a)
[2025-09-13 06:34:41] 转换无变化，已删除 per-log：./PikPak/PikPak_OCD_IP.mrs.log
[2025-09-13 06:34:41] 开始转换：./PikPak/PikPak_OCD_Domain.yaml -> ./PikPak/PikPak_OCD_Domain.mrs （临时 ./PikPak/PikPak_OCD_Domain.mrs.tmp），之前 md5=2ff6df3feb1cb45a457dc922ab462aeb
[2025-09-13 06:34:41] ℹ️ 转换结果与现有 .mrs 相同，未更新：./PikPak/PikPak_OCD_Domain.mrs (md5 2ff6df3feb1cb45a457dc922ab462aeb)
[2025-09-13 06:34:41] 转换无变化，已删除 per-log：./PikPak/PikPak_OCD_Domain.mrs.log
[2025-09-13 06:34:41] 开始转换：./OneDrive/OneDrive_OCD_Domain.yaml -> ./OneDrive/OneDrive_OCD_Domain.mrs （临时 ./OneDrive/OneDrive_OCD_Domain.mrs.tmp），之前 md5=8cde7e05c5dba2e306b1490e23d3ee90
[2025-09-13 06:34:41] ℹ️ 转换结果与现有 .mrs 相同，未更新：./OneDrive/OneDrive_OCD_Domain.mrs (md5 8cde7e05c5dba2e306b1490e23d3ee90)
[2025-09-13 06:34:41] 转换无变化，已删除 per-log：./OneDrive/OneDrive_OCD_Domain.mrs.log
[2025-09-13 06:34:41] 开始转换：./OneDrive/OneDrive_OCD_IP.yaml -> ./OneDrive/OneDrive_OCD_IP.mrs （临时 ./OneDrive/OneDrive_OCD_IP.mrs.tmp），之前 md5=3ae941e2c1937537ba5a07c4ac01521a
[2025-09-13 06:34:41] ℹ️ 转换结果与现有 .mrs 相同，未更新：./OneDrive/OneDrive_OCD_IP.mrs (md5 3ae941e2c1937537ba5a07c4ac01521a)
[2025-09-13 06:34:41] 转换无变化，已删除 per-log：./OneDrive/OneDrive_OCD_IP.mrs.log
[2025-09-13 06:34:41] 开始转换：./Lan/Lan_OCD_IP.yaml -> ./Lan/Lan_OCD_IP.mrs （临时 ./Lan/Lan_OCD_IP.mrs.tmp），之前 md5=69c5bc03138499e5452ec99a7522aea4
[2025-09-13 06:34:41] ℹ️ 转换结果与现有 .mrs 相同，未更新：./Lan/Lan_OCD_IP.mrs (md5 69c5bc03138499e5452ec99a7522aea4)
[2025-09-13 06:34:41] 转换无变化，已删除 per-log：./Lan/Lan_OCD_IP.mrs.log
[2025-09-13 06:34:41] 开始转换：./Lan/Lan_OCD_Domain.yaml -> ./Lan/Lan_OCD_Domain.mrs （临时 ./Lan/Lan_OCD_Domain.mrs.tmp），之前 md5=df5c94849e941c7332dc924b03096e1b
[2025-09-13 06:34:41] ℹ️ 转换结果与现有 .mrs 相同，未更新：./Lan/Lan_OCD_Domain.mrs (md5 df5c94849e941c7332dc924b03096e1b)
[2025-09-13 06:34:41] 转换无变化，已删除 per-log：./Lan/Lan_OCD_Domain.mrs.log
[2025-09-13 06:34:41] 开始转换：./CHT/CHT_OCD_IP.yaml -> ./CHT/CHT_OCD_IP.mrs （临时 ./CHT/CHT_OCD_IP.mrs.tmp），之前 md5=3ae941e2c1937537ba5a07c4ac01521a
[2025-09-13 06:34:41] ℹ️ 转换结果与现有 .mrs 相同，未更新：./CHT/CHT_OCD_IP.mrs (md5 3ae941e2c1937537ba5a07c4ac01521a)
[2025-09-13 06:34:41] 转换无变化，已删除 per-log：./CHT/CHT_OCD_IP.mrs.log
[2025-09-13 06:34:41] 开始转换：./CHT/CHT_OCD_Domain.yaml -> ./CHT/CHT_OCD_Domain.mrs （临时 ./CHT/CHT_OCD_Domain.mrs.tmp），之前 md5=4d910e1b98f5a2442a4a7135d99cd221
[2025-09-13 06:34:41] ℹ️ 转换结果与现有 .mrs 相同，未更新：./CHT/CHT_OCD_Domain.mrs (md5 4d910e1b98f5a2442a4a7135d99cd221)
[2025-09-13 06:34:41] 转换无变化，已删除 per-log：./CHT/CHT_OCD_Domain.mrs.log
[2025-09-13 06:34:41] 开始转换：./BaiFenDian/BaiFenDian_OCD_IP.yaml -> ./BaiFenDian/BaiFenDian_OCD_IP.mrs （临时 ./BaiFenDian/BaiFenDian_OCD_IP.mrs.tmp），之前 md5=3ae941e2c1937537ba5a07c4ac01521a
[2025-09-13 06:34:41] ℹ️ 转换结果与现有 .mrs 相同，未更新：./BaiFenDian/BaiFenDian_OCD_IP.mrs (md5 3ae941e2c1937537ba5a07c4ac01521a)
[2025-09-13 06:34:41] 转换无变化，已删除 per-log：./BaiFenDian/BaiFenDian_OCD_IP.mrs.log
[2025-09-13 06:34:41] 开始转换：./BaiFenDian/BaiFenDian_OCD_Domain.yaml -> ./BaiFenDian/BaiFenDian_OCD_Domain.mrs （临时 ./BaiFenDian/BaiFenDian_OCD_Domain.mrs.tmp），之前 md5=5936ac876ec6939a8e4f605d3a93348a
[2025-09-13 06:34:41] ℹ️ 转换结果与现有 .mrs 相同，未更新：./BaiFenDian/BaiFenDian_OCD_Domain.mrs (md5 5936ac876ec6939a8e4f605d3a93348a)
[2025-09-13 06:34:41] 转换无变化，已删除 per-log：./BaiFenDian/BaiFenDian_OCD_Domain.mrs.log
[2025-09-13 06:34:41] 开始转换：./Blued/Blued_OCD_IP.yaml -> ./Blued/Blued_OCD_IP.mrs （临时 ./Blued/Blued_OCD_IP.mrs.tmp），之前 md5=3ae941e2c1937537ba5a07c4ac01521a
[2025-09-13 06:34:41] ℹ️ 转换结果与现有 .mrs 相同，未更新：./Blued/Blued_OCD_IP.mrs (md5 3ae941e2c1937537ba5a07c4ac01521a)
[2025-09-13 06:34:41] 转换无变化，已删除 per-log：./Blued/Blued_OCD_IP.mrs.log
[2025-09-13 06:34:41] 开始转换：./Blued/Blued_OCD_Domain.yaml -> ./Blued/Blued_OCD_Domain.mrs （临时 ./Blued/Blued_OCD_Domain.mrs.tmp），之前 md5=5b6686d695ecc0ac31946463b9306da4
[2025-09-13 06:34:41] ℹ️ 转换结果与现有 .mrs 相同，未更新：./Blued/Blued_OCD_Domain.mrs (md5 5b6686d695ecc0ac31946463b9306da4)
[2025-09-13 06:34:41] 转换无变化，已删除 per-log：./Blued/Blued_OCD_Domain.mrs.log
[2025-09-13 06:34:41] 开始转换：./Ku6/Ku6_OCD_Domain.yaml -> ./Ku6/Ku6_OCD_Domain.mrs （临时 ./Ku6/Ku6_OCD_Domain.mrs.tmp），之前 md5=751365aa163f53f327180d1b56cc1ce8
[2025-09-13 06:34:41] ℹ️ 转换结果与现有 .mrs 相同，未更新：./Ku6/Ku6_OCD_Domain.mrs (md5 751365aa163f53f327180d1b56cc1ce8)
[2025-09-13 06:34:41] 转换无变化，已删除 per-log：./Ku6/Ku6_OCD_Domain.mrs.log
[2025-09-13 06:34:41] 开始转换：./Ku6/Ku6_OCD_IP.yaml -> ./Ku6/Ku6_OCD_IP.mrs （临时 ./Ku6/Ku6_OCD_IP.mrs.tmp），之前 md5=3ae941e2c1937537ba5a07c4ac01521a
[2025-09-13 06:34:41] ℹ️ 转换结果与现有 .mrs 相同，未更新：./Ku6/Ku6_OCD_IP.mrs (md5 3ae941e2c1937537ba5a07c4ac01521a)
[2025-09-13 06:34:41] 转换无变化，已删除 per-log：./Ku6/Ku6_OCD_IP.mrs.log
[2025-09-13 06:34:41] 开始转换：./Entrust/Entrust_OCD_IP.yaml -> ./Entrust/Entrust_OCD_IP.mrs （临时 ./Entrust/Entrust_OCD_IP.mrs.tmp），之前 md5=3ae941e2c1937537ba5a07c4ac01521a
[2025-09-13 06:34:41] ℹ️ 转换结果与现有 .mrs 相同，未更新：./Entrust/Entrust_OCD_IP.mrs (md5 3ae941e2c1937537ba5a07c4ac01521a)
[2025-09-13 06:34:41] 转换无变化，已删除 per-log：./Entrust/Entrust_OCD_IP.mrs.log
[2025-09-13 06:34:41] 开始转换：./Entrust/Entrust_OCD_Domain.yaml -> ./Entrust/Entrust_OCD_Domain.mrs （临时 ./Entrust/Entrust_OCD_Domain.mrs.tmp），之前 md5=68b05ba241125cd090d82ab94f5e820c
[2025-09-13 06:34:41] ℹ️ 转换结果与现有 .mrs 相同，未更新：./Entrust/Entrust_OCD_Domain.mrs (md5 68b05ba241125cd090d82ab94f5e820c)
[2025-09-13 06:34:41] 转换无变化，已删除 per-log：./Entrust/Entrust_OCD_Domain.mrs.log
[2025-09-13 06:34:41] 开始转换：./Flurry/Flurry_OCD_IP.yaml -> ./Flurry/Flurry_OCD_IP.mrs （临时 ./Flurry/Flurry_OCD_IP.mrs.tmp），之前 md5=3ae941e2c1937537ba5a07c4ac01521a
[2025-09-13 06:34:41] ℹ️ 转换结果与现有 .mrs 相同，未更新：./Flurry/Flurry_OCD_IP.mrs (md5 3ae941e2c1937537ba5a07c4ac01521a)
[2025-09-13 06:34:41] 转换无变化，已删除 per-log：./Flurry/Flurry_OCD_IP.mrs.log
[2025-09-13 06:34:41] 开始转换：./Flurry/Flurry_OCD_Domain.yaml -> ./Flurry/Flurry_OCD_Domain.mrs （临时 ./Flurry/Flurry_OCD_Domain.mrs.tmp），之前 md5=870b6833db97e18968046e7975cfdeb8
[2025-09-13 06:34:41] ℹ️ 转换结果与现有 .mrs 相同，未更新：./Flurry/Flurry_OCD_Domain.mrs (md5 870b6833db97e18968046e7975cfdeb8)
[2025-09-13 06:34:41] 转换无变化，已删除 per-log：./Flurry/Flurry_OCD_Domain.mrs.log
[2025-09-13 06:34:42] 开始转换：./Ubuntu/Ubuntu_OCD_IP.yaml -> ./Ubuntu/Ubuntu_OCD_IP.mrs （临时 ./Ubuntu/Ubuntu_OCD_IP.mrs.tmp），之前 md5=3ae941e2c1937537ba5a07c4ac01521a
[2025-09-13 06:34:42] ℹ️ 转换结果与现有 .mrs 相同，未更新：./Ubuntu/Ubuntu_OCD_IP.mrs (md5 3ae941e2c1937537ba5a07c4ac01521a)
[2025-09-13 06:34:42] 转换无变化，已删除 per-log：./Ubuntu/Ubuntu_OCD_IP.mrs.log
[2025-09-13 06:34:42] 开始转换：./Ubuntu/Ubuntu_OCD_Domain.yaml -> ./Ubuntu/Ubuntu_OCD_Domain.mrs （临时 ./Ubuntu/Ubuntu_OCD_Domain.mrs.tmp），之前 md5=8e4c78ef44d1a5ff6271964ae8e5d035
[2025-09-13 06:34:42] ℹ️ 转换结果与现有 .mrs 相同，未更新：./Ubuntu/Ubuntu_OCD_Domain.mrs (md5 8e4c78ef44d1a5ff6271964ae8e5d035)
[2025-09-13 06:34:42] 转换无变化，已删除 per-log：./Ubuntu/Ubuntu_OCD_Domain.mrs.log
[2025-09-13 06:34:42] 开始转换：./Adidas/Adidas_OCD_Domain.yaml -> ./Adidas/Adidas_OCD_Domain.mrs （临时 ./Adidas/Adidas_OCD_Domain.mrs.tmp），之前 md5=1f95a27636572e7b81a0ca88cb690228
[2025-09-13 06:34:42] ℹ️ 转换结果与现有 .mrs 相同，未更新：./Adidas/Adidas_OCD_Domain.mrs (md5 1f95a27636572e7b81a0ca88cb690228)
[2025-09-13 06:34:42] 转换无变化，已删除 per-log：./Adidas/Adidas_OCD_Domain.mrs.log
[2025-09-13 06:34:42] 开始转换：./Adidas/Adidas_OCD_IP.yaml -> ./Adidas/Adidas_OCD_IP.mrs （临时 ./Adidas/Adidas_OCD_IP.mrs.tmp），之前 md5=3ae941e2c1937537ba5a07c4ac01521a
[2025-09-13 06:34:42] ℹ️ 转换结果与现有 .mrs 相同，未更新：./Adidas/Adidas_OCD_IP.mrs (md5 3ae941e2c1937537ba5a07c4ac01521a)
[2025-09-13 06:34:42] 转换无变化，已删除 per-log：./Adidas/Adidas_OCD_IP.mrs.log
[2025-09-13 06:34:42] 开始转换：./Teams/Teams_OCD_IP.yaml -> ./Teams/Teams_OCD_IP.mrs （临时 ./Teams/Teams_OCD_IP.mrs.tmp），之前 md5=3ae941e2c1937537ba5a07c4ac01521a
[2025-09-13 06:34:42] ℹ️ 转换结果与现有 .mrs 相同，未更新：./Teams/Teams_OCD_IP.mrs (md5 3ae941e2c1937537ba5a07c4ac01521a)
[2025-09-13 06:34:42] 转换无变化，已删除 per-log：./Teams/Teams_OCD_IP.mrs.log
[2025-09-13 06:34:42] 开始转换：./Teams/Teams_OCD_Domain.yaml -> ./Teams/Teams_OCD_Domain.mrs （临时 ./Teams/Teams_OCD_Domain.mrs.tmp），之前 md5=920efb72b26063c3be8ae456c5d26e97
[2025-09-13 06:34:42] ℹ️ 转换结果与现有 .mrs 相同，未更新：./Teams/Teams_OCD_Domain.mrs (md5 920efb72b26063c3be8ae456c5d26e97)
[2025-09-13 06:34:42] 转换无变化，已删除 per-log：./Teams/Teams_OCD_Domain.mrs.log
[2025-09-13 06:34:42] 开始转换：./AiQiCha/AiQiCha_OCD_IP.yaml -> ./AiQiCha/AiQiCha_OCD_IP.mrs （临时 ./AiQiCha/AiQiCha_OCD_IP.mrs.tmp），之前 md5=3ae941e2c1937537ba5a07c4ac01521a
[2025-09-13 06:34:42] ℹ️ 转换结果与现有 .mrs 相同，未更新：./AiQiCha/AiQiCha_OCD_IP.mrs (md5 3ae941e2c1937537ba5a07c4ac01521a)
[2025-09-13 06:34:42] 转换无变化，已删除 per-log：./AiQiCha/AiQiCha_OCD_IP.mrs.log
[2025-09-13 06:34:42] 开始转换：./AiQiCha/AiQiCha_OCD_Domain.yaml -> ./AiQiCha/AiQiCha_OCD_Domain.mrs （临时 ./AiQiCha/AiQiCha_OCD_Domain.mrs.tmp），之前 md5=f1030490e415b0987444db22781d874d
[2025-09-13 06:34:42] ℹ️ 转换结果与现有 .mrs 相同，未更新：./AiQiCha/AiQiCha_OCD_Domain.mrs (md5 f1030490e415b0987444db22781d874d)
[2025-09-13 06:34:42] 转换无变化，已删除 per-log：./AiQiCha/AiQiCha_OCD_Domain.mrs.log
[2025-09-13 06:34:42] 开始转换：./eBay/eBay_OCD_Domain.yaml -> ./eBay/eBay_OCD_Domain.mrs （临时 ./eBay/eBay_OCD_Domain.mrs.tmp），之前 md5=25972afea740294030a5cd79c592a8b8
[2025-09-13 06:34:42] ℹ️ 转换结果与现有 .mrs 相同，未更新：./eBay/eBay_OCD_Domain.mrs (md5 25972afea740294030a5cd79c592a8b8)
[2025-09-13 06:34:42] 转换无变化，已删除 per-log：./eBay/eBay_OCD_Domain.mrs.log
[2025-09-13 06:34:42] 开始转换：./eBay/eBay_OCD_IP.yaml -> ./eBay/eBay_OCD_IP.mrs （临时 ./eBay/eBay_OCD_IP.mrs.tmp），之前 md5=3ae941e2c1937537ba5a07c4ac01521a
[2025-09-13 06:34:42] ℹ️ 转换结果与现有 .mrs 相同，未更新：./eBay/eBay_OCD_IP.mrs (md5 3ae941e2c1937537ba5a07c4ac01521a)
[2025-09-13 06:34:42] 转换无变化，已删除 per-log：./eBay/eBay_OCD_IP.mrs.log
[2025-09-13 06:34:42] 开始转换：./TianYaForum/TianYaForum_OCD_IP.yaml -> ./TianYaForum/TianYaForum_OCD_IP.mrs （临时 ./TianYaForum/TianYaForum_OCD_IP.mrs.tmp），之前 md5=3ae941e2c1937537ba5a07c4ac01521a
[2025-09-13 06:34:42] ℹ️ 转换结果与现有 .mrs 相同，未更新：./TianYaForum/TianYaForum_OCD_IP.mrs (md5 3ae941e2c1937537ba5a07c4ac01521a)
[2025-09-13 06:34:42] 转换无变化，已删除 per-log：./TianYaForum/TianYaForum_OCD_IP.mrs.log
[2025-09-13 06:34:42] 开始转换：./TianYaForum/TianYaForum_OCD_Domain.yaml -> ./TianYaForum/TianYaForum_OCD_Domain.mrs （临时 ./TianYaForum/TianYaForum_OCD_Domain.mrs.tmp），之前 md5=f2a2a77323d282f2a4c2347d542d04aa
[2025-09-13 06:34:42] ℹ️ 转换结果与现有 .mrs 相同，未更新：./TianYaForum/TianYaForum_OCD_Domain.mrs (md5 f2a2a77323d282f2a4c2347d542d04aa)
[2025-09-13 06:34:42] 转换无变化，已删除 per-log：./TianYaForum/TianYaForum_OCD_Domain.mrs.log
[2025-09-13 06:34:42] 开始转换：./ChinaMedia/ChinaMedia_OCD_IP.yaml -> ./ChinaMedia/ChinaMedia_OCD_IP.mrs （临时 ./ChinaMedia/ChinaMedia_OCD_IP.mrs.tmp），之前 md5=b23a237f579d3a9190029a145bf4aab7
[2025-09-13 06:34:42] ℹ️ 转换结果与现有 .mrs 相同，未更新：./ChinaMedia/ChinaMedia_OCD_IP.mrs (md5 b23a237f579d3a9190029a145bf4aab7)
[2025-09-13 06:34:42] 转换无变化，已删除 per-log：./ChinaMedia/ChinaMedia_OCD_IP.mrs.log
[2025-09-13 06:34:42] 开始转换：./ChinaMedia/ChinaMedia_OCD_Domain.yaml -> ./ChinaMedia/ChinaMedia_OCD_Domain.mrs （临时 ./ChinaMedia/ChinaMedia_OCD_Domain.mrs.tmp），之前 md5=b53386b260c8d7184152a58f165a63b8
[2025-09-13 06:34:42] ℹ️ 转换结果与现有 .mrs 相同，未更新：./ChinaMedia/ChinaMedia_OCD_Domain.mrs (md5 b53386b260c8d7184152a58f165a63b8)
[2025-09-13 06:34:42] 转换无变化，已删除 per-log：./ChinaMedia/ChinaMedia_OCD_Domain.mrs.log
[2025-09-13 06:34:42] 开始转换：./BianFeng/BianFeng_OCD_IP.yaml -> ./BianFeng/BianFeng_OCD_IP.mrs （临时 ./BianFeng/BianFeng_OCD_IP.mrs.tmp），之前 md5=3ae941e2c1937537ba5a07c4ac01521a
[2025-09-13 06:34:42] ℹ️ 转换结果与现有 .mrs 相同，未更新：./BianFeng/BianFeng_OCD_IP.mrs (md5 3ae941e2c1937537ba5a07c4ac01521a)
[2025-09-13 06:34:42] 转换无变化，已删除 per-log：./BianFeng/BianFeng_OCD_IP.mrs.log
[2025-09-13 06:34:42] 开始转换：./BianFeng/BianFeng_OCD_Domain.yaml -> ./BianFeng/BianFeng_OCD_Domain.mrs （临时 ./BianFeng/BianFeng_OCD_Domain.mrs.tmp），之前 md5=244a3370e6d6d89feb904bf1b36a7520
[2025-09-13 06:34:42] ℹ️ 转换结果与现有 .mrs 相同，未更新：./BianFeng/BianFeng_OCD_Domain.mrs (md5 244a3370e6d6d89feb904bf1b36a7520)
[2025-09-13 06:34:42] 转换无变化，已删除 per-log：./BianFeng/BianFeng_OCD_Domain.mrs.log
[2025-09-13 06:34:42] 开始转换：./Download/Download_OCD_Domain.yaml -> ./Download/Download_OCD_Domain.mrs （临时 ./Download/Download_OCD_Domain.mrs.tmp），之前 md5=b52e040dd45ac627c0ac075ea6c2cbbc
[2025-09-13 06:34:42] ℹ️ 转换结果与现有 .mrs 相同，未更新：./Download/Download_OCD_Domain.mrs (md5 b52e040dd45ac627c0ac075ea6c2cbbc)
[2025-09-13 06:34:42] 转换无变化，已删除 per-log：./Download/Download_OCD_Domain.mrs.log
[2025-09-13 06:34:42] 开始转换：./Download/Download_OCD_IP.yaml -> ./Download/Download_OCD_IP.mrs （临时 ./Download/Download_OCD_IP.mrs.tmp），之前 md5=3ae941e2c1937537ba5a07c4ac01521a
[2025-09-13 06:34:42] ℹ️ 转换结果与现有 .mrs 相同，未更新：./Download/Download_OCD_IP.mrs (md5 3ae941e2c1937537ba5a07c4ac01521a)
[2025-09-13 06:34:42] 转换无变化，已删除 per-log：./Download/Download_OCD_IP.mrs.log
[2025-09-13 06:34:42] 开始转换：./Espn/Espn_OCD_Domain.yaml -> ./Espn/Espn_OCD_Domain.mrs （临时 ./Espn/Espn_OCD_Domain.mrs.tmp），之前 md5=cad1bfdd2bb2267fe5200080f810017e
[2025-09-13 06:34:42] ℹ️ 转换结果与现有 .mrs 相同，未更新：./Espn/Espn_OCD_Domain.mrs (md5 cad1bfdd2bb2267fe5200080f810017e)
[2025-09-13 06:34:42] 转换无变化，已删除 per-log：./Espn/Espn_OCD_Domain.mrs.log
[2025-09-13 06:34:42] 开始转换：./Espn/Espn_OCD_IP.yaml -> ./Espn/Espn_OCD_IP.mrs （临时 ./Espn/Espn_OCD_IP.mrs.tmp），之前 md5=3ae941e2c1937537ba5a07c4ac01521a
[2025-09-13 06:34:42] ℹ️ 转换结果与现有 .mrs 相同，未更新：./Espn/Espn_OCD_IP.mrs (md5 3ae941e2c1937537ba5a07c4ac01521a)
[2025-09-13 06:34:42] 转换无变化，已删除 per-log：./Espn/Espn_OCD_IP.mrs.log
[2025-09-13 06:34:42] 开始转换：./CWSeed/CWSeed_OCD_IP.yaml -> ./CWSeed/CWSeed_OCD_IP.mrs （临时 ./CWSeed/CWSeed_OCD_IP.mrs.tmp），之前 md5=3ae941e2c1937537ba5a07c4ac01521a
[2025-09-13 06:34:42] ℹ️ 转换结果与现有 .mrs 相同，未更新：./CWSeed/CWSeed_OCD_IP.mrs (md5 3ae941e2c1937537ba5a07c4ac01521a)
[2025-09-13 06:34:42] 转换无变化，已删除 per-log：./CWSeed/CWSeed_OCD_IP.mrs.log
[2025-09-13 06:34:42] 开始转换：./CWSeed/CWSeed_OCD_Domain.yaml -> ./CWSeed/CWSeed_OCD_Domain.mrs （临时 ./CWSeed/CWSeed_OCD_Domain.mrs.tmp），之前 md5=c8cdb121cdda8674587779c78cd38a9c
[2025-09-13 06:34:42] ℹ️ 转换结果与现有 .mrs 相同，未更新：./CWSeed/CWSeed_OCD_Domain.mrs (md5 c8cdb121cdda8674587779c78cd38a9c)
[2025-09-13 06:34:42] 转换无变化，已删除 per-log：./CWSeed/CWSeed_OCD_Domain.mrs.log
[2025-09-13 06:34:42] 开始转换：./ATTWatchTV/ATTWatchTV_OCD_Domain.yaml -> ./ATTWatchTV/ATTWatchTV_OCD_Domain.mrs （临时 ./ATTWatchTV/ATTWatchTV_OCD_Domain.mrs.tmp），之前 md5=bd737be528c12ce15a375306d6f4c751
[2025-09-13 06:34:42] ℹ️ 转换结果与现有 .mrs 相同，未更新：./ATTWatchTV/ATTWatchTV_OCD_Domain.mrs (md5 bd737be528c12ce15a375306d6f4c751)
[2025-09-13 06:34:42] 转换无变化，已删除 per-log：./ATTWatchTV/ATTWatchTV_OCD_Domain.mrs.log
[2025-09-13 06:34:42] 开始转换：./ATTWatchTV/ATTWatchTV_OCD_IP.yaml -> ./ATTWatchTV/ATTWatchTV_OCD_IP.mrs （临时 ./ATTWatchTV/ATTWatchTV_OCD_IP.mrs.tmp），之前 md5=3ae941e2c1937537ba5a07c4ac01521a
[2025-09-13 06:34:42] ℹ️ 转换结果与现有 .mrs 相同，未更新：./ATTWatchTV/ATTWatchTV_OCD_IP.mrs (md5 3ae941e2c1937537ba5a07c4ac01521a)
[2025-09-13 06:34:42] 转换无变化，已删除 per-log：./ATTWatchTV/ATTWatchTV_OCD_IP.mrs.log
[2025-09-13 06:34:42] 开始转换：./NYPost/NYPost_OCD_IP.yaml -> ./NYPost/NYPost_OCD_IP.mrs （临时 ./NYPost/NYPost_OCD_IP.mrs.tmp），之前 md5=3ae941e2c1937537ba5a07c4ac01521a
[2025-09-13 06:34:42] ℹ️ 转换结果与现有 .mrs 相同，未更新：./NYPost/NYPost_OCD_IP.mrs (md5 3ae941e2c1937537ba5a07c4ac01521a)
[2025-09-13 06:34:42] 转换无变化，已删除 per-log：./NYPost/NYPost_OCD_IP.mrs.log
[2025-09-13 06:34:42] 开始转换：./NYPost/NYPost_OCD_Domain.yaml -> ./NYPost/NYPost_OCD_Domain.mrs （临时 ./NYPost/NYPost_OCD_Domain.mrs.tmp），之前 md5=2f0b35da968fa799068f2433ce65f463
[2025-09-13 06:34:42] ℹ️ 转换结果与现有 .mrs 相同，未更新：./NYPost/NYPost_OCD_Domain.mrs (md5 2f0b35da968fa799068f2433ce65f463)
[2025-09-13 06:34:42] 转换无变化，已删除 per-log：./NYPost/NYPost_OCD_Domain.mrs.log
[2025-09-13 06:34:42] 开始转换：./CEB/CEB_OCD_Domain.yaml -> ./CEB/CEB_OCD_Domain.mrs （临时 ./CEB/CEB_OCD_Domain.mrs.tmp），之前 md5=5a26d121ca3f56c4e89c61faffe2bee2
[2025-09-13 06:34:42] ℹ️ 转换结果与现有 .mrs 相同，未更新：./CEB/CEB_OCD_Domain.mrs (md5 5a26d121ca3f56c4e89c61faffe2bee2)
[2025-09-13 06:34:42] 转换无变化，已删除 per-log：./CEB/CEB_OCD_Domain.mrs.log
[2025-09-13 06:34:42] 开始转换：./CEB/CEB_OCD_IP.yaml -> ./CEB/CEB_OCD_IP.mrs （临时 ./CEB/CEB_OCD_IP.mrs.tmp），之前 md5=3ae941e2c1937537ba5a07c4ac01521a
[2025-09-13 06:34:42] ℹ️ 转换结果与现有 .mrs 相同，未更新：./CEB/CEB_OCD_IP.mrs (md5 3ae941e2c1937537ba5a07c4ac01521a)
[2025-09-13 06:34:42] 转换无变化，已删除 per-log：./CEB/CEB_OCD_IP.mrs.log
[2025-09-13 06:34:42] 开始转换：./Linux/Linux_OCD_IP.yaml -> ./Linux/Linux_OCD_IP.mrs （临时 ./Linux/Linux_OCD_IP.mrs.tmp），之前 md5=3ae941e2c1937537ba5a07c4ac01521a
[2025-09-13 06:34:42] ℹ️ 转换结果与现有 .mrs 相同，未更新：./Linux/Linux_OCD_IP.mrs (md5 3ae941e2c1937537ba5a07c4ac01521a)
[2025-09-13 06:34:42] 转换无变化，已删除 per-log：./Linux/Linux_OCD_IP.mrs.log
[2025-09-13 06:34:42] 开始转换：./Linux/Linux_OCD_Domain.yaml -> ./Linux/Linux_OCD_Domain.mrs （临时 ./Linux/Linux_OCD_Domain.mrs.tmp），之前 md5=fe8c09f58f4aa0b2e37656aed4e77243
[2025-09-13 06:34:42] ℹ️ 转换结果与现有 .mrs 相同，未更新：./Linux/Linux_OCD_Domain.mrs (md5 fe8c09f58f4aa0b2e37656aed4e77243)
[2025-09-13 06:34:42] 转换无变化，已删除 per-log：./Linux/Linux_OCD_Domain.mrs.log
[2025-09-13 06:34:42] 开始转换：./Hpplay/Hpplay_OCD_Domain.yaml -> ./Hpplay/Hpplay_OCD_Domain.mrs （临时 ./Hpplay/Hpplay_OCD_Domain.mrs.tmp），之前 md5=1d6b14bb2b4803b42b13c0c8f77b70de
[2025-09-13 06:34:42] ℹ️ 转换结果与现有 .mrs 相同，未更新：./Hpplay/Hpplay_OCD_Domain.mrs (md5 1d6b14bb2b4803b42b13c0c8f77b70de)
[2025-09-13 06:34:42] 转换无变化，已删除 per-log：./Hpplay/Hpplay_OCD_Domain.mrs.log
[2025-09-13 06:34:42] 开始转换：./Hpplay/Hpplay_OCD_IP.yaml -> ./Hpplay/Hpplay_OCD_IP.mrs （临时 ./Hpplay/Hpplay_OCD_IP.mrs.tmp），之前 md5=3ae941e2c1937537ba5a07c4ac01521a
[2025-09-13 06:34:42] ℹ️ 转换结果与现有 .mrs 相同，未更新：./Hpplay/Hpplay_OCD_IP.mrs (md5 3ae941e2c1937537ba5a07c4ac01521a)
[2025-09-13 06:34:42] 转换无变化，已删除 per-log：./Hpplay/Hpplay_OCD_IP.mrs.log
[2025-09-13 06:34:42] 开始转换：./TIDAL/TIDAL_OCD_IP.yaml -> ./TIDAL/TIDAL_OCD_IP.mrs （临时 ./TIDAL/TIDAL_OCD_IP.mrs.tmp），之前 md5=3ae941e2c1937537ba5a07c4ac01521a
[2025-09-13 06:34:42] ℹ️ 转换结果与现有 .mrs 相同，未更新：./TIDAL/TIDAL_OCD_IP.mrs (md5 3ae941e2c1937537ba5a07c4ac01521a)
[2025-09-13 06:34:42] 转换无变化，已删除 per-log：./TIDAL/TIDAL_OCD_IP.mrs.log
[2025-09-13 06:34:42] 开始转换：./TIDAL/TIDAL_OCD_Domain.yaml -> ./TIDAL/TIDAL_OCD_Domain.mrs （临时 ./TIDAL/TIDAL_OCD_Domain.mrs.tmp），之前 md5=f3878c683b5a10357496b92d989818af
[2025-09-13 06:34:42] ℹ️ 转换结果与现有 .mrs 相同，未更新：./TIDAL/TIDAL_OCD_Domain.mrs (md5 f3878c683b5a10357496b92d989818af)
[2025-09-13 06:34:42] 转换无变化，已删除 per-log：./TIDAL/TIDAL_OCD_Domain.mrs.log
[2025-09-13 06:34:42] 开始转换：./Whatsapp/Whatsapp_OCD_IP.yaml -> ./Whatsapp/Whatsapp_OCD_IP.mrs （临时 ./Whatsapp/Whatsapp_OCD_IP.mrs.tmp），之前 md5=d995a3e9d31724ab24298060f8c77a6c
[2025-09-13 06:34:42] ℹ️ 转换结果与现有 .mrs 相同，未更新：./Whatsapp/Whatsapp_OCD_IP.mrs (md5 d995a3e9d31724ab24298060f8c77a6c)
[2025-09-13 06:34:42] 转换无变化，已删除 per-log：./Whatsapp/Whatsapp_OCD_IP.mrs.log
[2025-09-13 06:34:42] 开始转换：./Whatsapp/Whatsapp_OCD_Domain.yaml -> ./Whatsapp/Whatsapp_OCD_Domain.mrs （临时 ./Whatsapp/Whatsapp_OCD_Domain.mrs.tmp），之前 md5=2a1787cd5f5e64b5716f6f53ee548bbe
[2025-09-13 06:34:43] ℹ️ 转换结果与现有 .mrs 相同，未更新：./Whatsapp/Whatsapp_OCD_Domain.mrs (md5 2a1787cd5f5e64b5716f6f53ee548bbe)
[2025-09-13 06:34:43] 转换无变化，已删除 per-log：./Whatsapp/Whatsapp_OCD_Domain.mrs.log
[2025-09-13 06:34:43] 开始转换：./Contentful/Contentful_OCD_IP.yaml -> ./Contentful/Contentful_OCD_IP.mrs （临时 ./Contentful/Contentful_OCD_IP.mrs.tmp），之前 md5=3ae941e2c1937537ba5a07c4ac01521a
[2025-09-13 06:34:43] ℹ️ 转换结果与现有 .mrs 相同，未更新：./Contentful/Contentful_OCD_IP.mrs (md5 3ae941e2c1937537ba5a07c4ac01521a)
[2025-09-13 06:34:43] 转换无变化，已删除 per-log：./Contentful/Contentful_OCD_IP.mrs.log
[2025-09-13 06:34:43] 开始转换：./Contentful/Contentful_OCD_Domain.yaml -> ./Contentful/Contentful_OCD_Domain.mrs （临时 ./Contentful/Contentful_OCD_Domain.mrs.tmp），之前 md5=0f58a733ac9d6452e201779482f6b868
[2025-09-13 06:34:43] ℹ️ 转换结果与现有 .mrs 相同，未更新：./Contentful/Contentful_OCD_Domain.mrs (md5 0f58a733ac9d6452e201779482f6b868)
[2025-09-13 06:34:43] 转换无变化，已删除 per-log：./Contentful/Contentful_OCD_Domain.mrs.log
[2025-09-13 06:34:43] 开始转换：./SoundCloud/SoundCloud_OCD_Domain.yaml -> ./SoundCloud/SoundCloud_OCD_Domain.mrs （临时 ./SoundCloud/SoundCloud_OCD_Domain.mrs.tmp），之前 md5=0bbd9992dda790a15c6330bc296d6019
[2025-09-13 06:34:43] ℹ️ 转换结果与现有 .mrs 相同，未更新：./SoundCloud/SoundCloud_OCD_Domain.mrs (md5 0bbd9992dda790a15c6330bc296d6019)
[2025-09-13 06:34:43] 转换无变化，已删除 per-log：./SoundCloud/SoundCloud_OCD_Domain.mrs.log
[2025-09-13 06:34:43] 开始转换：./SoundCloud/SoundCloud_OCD_IP.yaml -> ./SoundCloud/SoundCloud_OCD_IP.mrs （临时 ./SoundCloud/SoundCloud_OCD_IP.mrs.tmp），之前 md5=3ae941e2c1937537ba5a07c4ac01521a
[2025-09-13 06:34:43] ℹ️ 转换结果与现有 .mrs 相同，未更新：./SoundCloud/SoundCloud_OCD_IP.mrs (md5 3ae941e2c1937537ba5a07c4ac01521a)
[2025-09-13 06:34:43] 转换无变化，已删除 per-log：./SoundCloud/SoundCloud_OCD_IP.mrs.log
[2025-09-13 06:34:43] 开始转换：./9to5/9to5_OCD_Domain.yaml -> ./9to5/9to5_OCD_Domain.mrs （临时 ./9to5/9to5_OCD_Domain.mrs.tmp），之前 md5=e4ecd40f2a7add017f084ad47728e218
[2025-09-13 06:34:43] ℹ️ 转换结果与现有 .mrs 相同，未更新：./9to5/9to5_OCD_Domain.mrs (md5 e4ecd40f2a7add017f084ad47728e218)
[2025-09-13 06:34:43] 转换无变化，已删除 per-log：./9to5/9to5_OCD_Domain.mrs.log
[2025-09-13 06:34:43] 开始转换：./9to5/9to5_OCD_IP.yaml -> ./9to5/9to5_OCD_IP.mrs （临时 ./9to5/9to5_OCD_IP.mrs.tmp），之前 md5=3ae941e2c1937537ba5a07c4ac01521a
[2025-09-13 06:34:43] ℹ️ 转换结果与现有 .mrs 相同，未更新：./9to5/9to5_OCD_IP.mrs (md5 3ae941e2c1937537ba5a07c4ac01521a)
[2025-09-13 06:34:43] 转换无变化，已删除 per-log：./9to5/9to5_OCD_IP.mrs.log
[2025-09-13 06:34:43] 开始转换：./NaverTV/NaverTV_OCD_IP.yaml -> ./NaverTV/NaverTV_OCD_IP.mrs （临时 ./NaverTV/NaverTV_OCD_IP.mrs.tmp），之前 md5=3ae941e2c1937537ba5a07c4ac01521a
[2025-09-13 06:34:43] ℹ️ 转换结果与现有 .mrs 相同，未更新：./NaverTV/NaverTV_OCD_IP.mrs (md5 3ae941e2c1937537ba5a07c4ac01521a)
[2025-09-13 06:34:43] 转换无变化，已删除 per-log：./NaverTV/NaverTV_OCD_IP.mrs.log
[2025-09-13 06:34:43] 开始转换：./NaverTV/NaverTV_OCD_Domain.yaml -> ./NaverTV/NaverTV_OCD_Domain.mrs （临时 ./NaverTV/NaverTV_OCD_Domain.mrs.tmp），之前 md5=fa31b994c6d5cd56829e2cf0cb138b96
[2025-09-13 06:34:43] ℹ️ 转换结果与现有 .mrs 相同，未更新：./NaverTV/NaverTV_OCD_Domain.mrs (md5 fa31b994c6d5cd56829e2cf0cb138b96)
[2025-09-13 06:34:43] 转换无变化，已删除 per-log：./NaverTV/NaverTV_OCD_Domain.mrs.log
[2025-09-13 06:34:43] 开始转换：./ICBC/ICBC_OCD_Domain.yaml -> ./ICBC/ICBC_OCD_Domain.mrs （临时 ./ICBC/ICBC_OCD_Domain.mrs.tmp），之前 md5=0f47bf78451e837eeaf4f88ae79a919c
[2025-09-13 06:34:43] ℹ️ 转换结果与现有 .mrs 相同，未更新：./ICBC/ICBC_OCD_Domain.mrs (md5 0f47bf78451e837eeaf4f88ae79a919c)
[2025-09-13 06:34:43] 转换无变化，已删除 per-log：./ICBC/ICBC_OCD_Domain.mrs.log
[2025-09-13 06:34:43] 开始转换：./ICBC/ICBC_OCD_IP.yaml -> ./ICBC/ICBC_OCD_IP.mrs （临时 ./ICBC/ICBC_OCD_IP.mrs.tmp），之前 md5=3ae941e2c1937537ba5a07c4ac01521a
[2025-09-13 06:34:43] ℹ️ 转换结果与现有 .mrs 相同，未更新：./ICBC/ICBC_OCD_IP.mrs (md5 3ae941e2c1937537ba5a07c4ac01521a)
[2025-09-13 06:34:43] 转换无变化，已删除 per-log：./ICBC/ICBC_OCD_IP.mrs.log
[2025-09-13 06:34:43] 开始转换：./Garena/Garena_OCD_IP.yaml -> ./Garena/Garena_OCD_IP.mrs （临时 ./Garena/Garena_OCD_IP.mrs.tmp），之前 md5=3ae941e2c1937537ba5a07c4ac01521a
[2025-09-13 06:34:43] ℹ️ 转换结果与现有 .mrs 相同，未更新：./Garena/Garena_OCD_IP.mrs (md5 3ae941e2c1937537ba5a07c4ac01521a)
[2025-09-13 06:34:43] 转换无变化，已删除 per-log：./Garena/Garena_OCD_IP.mrs.log
[2025-09-13 06:34:43] 开始转换：./Garena/Garena_OCD_Domain.yaml -> ./Garena/Garena_OCD_Domain.mrs （临时 ./Garena/Garena_OCD_Domain.mrs.tmp），之前 md5=eea998971ebd2e8e5f3665ef02f01321
[2025-09-13 06:34:43] ℹ️ 转换结果与现有 .mrs 相同，未更新：./Garena/Garena_OCD_Domain.mrs (md5 eea998971ebd2e8e5f3665ef02f01321)
[2025-09-13 06:34:43] 转换无变化，已删除 per-log：./Garena/Garena_OCD_Domain.mrs.log
[2025-09-13 06:34:43] 开始转换：./AdvertisingLite/AdvertisingLite_OCD_IP.yaml -> ./AdvertisingLite/AdvertisingLite_OCD_IP.mrs （临时 ./AdvertisingLite/AdvertisingLite_OCD_IP.mrs.tmp），之前 md5=dfaca7f414cb5b95a7376847cd921473
[2025-09-13 06:34:43] ℹ️ 转换结果与现有 .mrs 相同，未更新：./AdvertisingLite/AdvertisingLite_OCD_IP.mrs (md5 dfaca7f414cb5b95a7376847cd921473)
[2025-09-13 06:34:43] 转换无变化，已删除 per-log：./AdvertisingLite/AdvertisingLite_OCD_IP.mrs.log
[2025-09-13 06:34:43] 开始转换：./AdvertisingLite/AdvertisingLite_OCD_Domain.yaml -> ./AdvertisingLite/AdvertisingLite_OCD_Domain.mrs （临时 ./AdvertisingLite/AdvertisingLite_OCD_Domain.mrs.tmp），之前 md5=60e98fde72ea965eda1bcd917b648a17
[2025-09-13 06:34:43] ℹ️ 转换结果与现有 .mrs 相同，未更新：./AdvertisingLite/AdvertisingLite_OCD_Domain.mrs (md5 60e98fde72ea965eda1bcd917b648a17)
[2025-09-13 06:34:43] 转换无变化，已删除 per-log：./AdvertisingLite/AdvertisingLite_OCD_Domain.mrs.log
[2025-09-13 06:34:43] 开始转换：./Wikimedia/Wikimedia_OCD_Domain.yaml -> ./Wikimedia/Wikimedia_OCD_Domain.mrs （临时 ./Wikimedia/Wikimedia_OCD_Domain.mrs.tmp），之前 md5=f4c0dcad8fc530e5fc4781258557d9dc
[2025-09-13 06:34:43] ℹ️ 转换结果与现有 .mrs 相同，未更新：./Wikimedia/Wikimedia_OCD_Domain.mrs (md5 f4c0dcad8fc530e5fc4781258557d9dc)
[2025-09-13 06:34:43] 转换无变化，已删除 per-log：./Wikimedia/Wikimedia_OCD_Domain.mrs.log
[2025-09-13 06:34:43] 开始转换：./Wikimedia/Wikimedia_OCD_IP.yaml -> ./Wikimedia/Wikimedia_OCD_IP.mrs （临时 ./Wikimedia/Wikimedia_OCD_IP.mrs.tmp），之前 md5=3ae941e2c1937537ba5a07c4ac01521a
[2025-09-13 06:34:43] ℹ️ 转换结果与现有 .mrs 相同，未更新：./Wikimedia/Wikimedia_OCD_IP.mrs (md5 3ae941e2c1937537ba5a07c4ac01521a)
[2025-09-13 06:34:43] 转换无变化，已删除 per-log：./Wikimedia/Wikimedia_OCD_IP.mrs.log
[2025-09-13 06:34:43] 开始转换：./CGB/CGB_OCD_Domain.yaml -> ./CGB/CGB_OCD_Domain.mrs （临时 ./CGB/CGB_OCD_Domain.mrs.tmp），之前 md5=c0dc62efcf90e6b3cfd191091b46ac04
[2025-09-13 06:34:43] ℹ️ 转换结果与现有 .mrs 相同，未更新：./CGB/CGB_OCD_Domain.mrs (md5 c0dc62efcf90e6b3cfd191091b46ac04)
[2025-09-13 06:34:43] 转换无变化，已删除 per-log：./CGB/CGB_OCD_Domain.mrs.log
[2025-09-13 06:34:43] 开始转换：./CGB/CGB_OCD_IP.yaml -> ./CGB/CGB_OCD_IP.mrs （临时 ./CGB/CGB_OCD_IP.mrs.tmp），之前 md5=3ae941e2c1937537ba5a07c4ac01521a
[2025-09-13 06:34:43] ℹ️ 转换结果与现有 .mrs 相同，未更新：./CGB/CGB_OCD_IP.mrs (md5 3ae941e2c1937537ba5a07c4ac01521a)
[2025-09-13 06:34:43] 转换无变化，已删除 per-log：./CGB/CGB_OCD_IP.mrs.log
[2025-09-13 06:34:43] 开始转换：./XiaoYuanKeJi/XiaoYuanKeJi_OCD_Domain.yaml -> ./XiaoYuanKeJi/XiaoYuanKeJi_OCD_Domain.mrs （临时 ./XiaoYuanKeJi/XiaoYuanKeJi_OCD_Domain.mrs.tmp），之前 md5=cd7a675fcf0890f280da9df2e9c27e74
[2025-09-13 06:34:43] ℹ️ 转换结果与现有 .mrs 相同，未更新：./XiaoYuanKeJi/XiaoYuanKeJi_OCD_Domain.mrs (md5 cd7a675fcf0890f280da9df2e9c27e74)
[2025-09-13 06:34:43] 转换无变化，已删除 per-log：./XiaoYuanKeJi/XiaoYuanKeJi_OCD_Domain.mrs.log
[2025-09-13 06:34:43] 开始转换：./XiaoYuanKeJi/XiaoYuanKeJi_OCD_IP.yaml -> ./XiaoYuanKeJi/XiaoYuanKeJi_OCD_IP.mrs （临时 ./XiaoYuanKeJi/XiaoYuanKeJi_OCD_IP.mrs.tmp），之前 md5=3ae941e2c1937537ba5a07c4ac01521a
[2025-09-13 06:34:43] ℹ️ 转换结果与现有 .mrs 相同，未更新：./XiaoYuanKeJi/XiaoYuanKeJi_OCD_IP.mrs (md5 3ae941e2c1937537ba5a07c4ac01521a)
[2025-09-13 06:34:43] 转换无变化，已删除 per-log：./XiaoYuanKeJi/XiaoYuanKeJi_OCD_IP.mrs.log
[2025-09-13 06:34:43] 开始转换：./Jsdelivr/Jsdelivr_OCD_IP.yaml -> ./Jsdelivr/Jsdelivr_OCD_IP.mrs （临时 ./Jsdelivr/Jsdelivr_OCD_IP.mrs.tmp），之前 md5=3ae941e2c1937537ba5a07c4ac01521a
[2025-09-13 06:34:43] ℹ️ 转换结果与现有 .mrs 相同，未更新：./Jsdelivr/Jsdelivr_OCD_IP.mrs (md5 3ae941e2c1937537ba5a07c4ac01521a)
[2025-09-13 06:34:43] 转换无变化，已删除 per-log：./Jsdelivr/Jsdelivr_OCD_IP.mrs.log
[2025-09-13 06:34:43] 开始转换：./Jsdelivr/Jsdelivr_OCD_Domain.yaml -> ./Jsdelivr/Jsdelivr_OCD_Domain.mrs （临时 ./Jsdelivr/Jsdelivr_OCD_Domain.mrs.tmp），之前 md5=bdd3dc32457fa0d365fa9bc61d135e4e
[2025-09-13 06:34:44] ℹ️ 转换结果与现有 .mrs 相同，未更新：./Jsdelivr/Jsdelivr_OCD_Domain.mrs (md5 bdd3dc32457fa0d365fa9bc61d135e4e)
[2025-09-13 06:34:44] 转换无变化，已删除 per-log：./Jsdelivr/Jsdelivr_OCD_Domain.mrs.log
[2025-09-13 06:34:44] 开始转换：./Acplay/Acplay_OCD_Domain.yaml -> ./Acplay/Acplay_OCD_Domain.mrs （临时 ./Acplay/Acplay_OCD_Domain.mrs.tmp），之前 md5=56eeb5c8e122b6c732bd4713d163dbae
[2025-09-13 06:34:44] ℹ️ 转换结果与现有 .mrs 相同，未更新：./Acplay/Acplay_OCD_Domain.mrs (md5 56eeb5c8e122b6c732bd4713d163dbae)
[2025-09-13 06:34:44] 转换无变化，已删除 per-log：./Acplay/Acplay_OCD_Domain.mrs.log
[2025-09-13 06:34:44] 开始转换：./Acplay/Acplay_OCD_IP.yaml -> ./Acplay/Acplay_OCD_IP.mrs （临时 ./Acplay/Acplay_OCD_IP.mrs.tmp），之前 md5=3ae941e2c1937537ba5a07c4ac01521a
[2025-09-13 06:34:44] ℹ️ 转换结果与现有 .mrs 相同，未更新：./Acplay/Acplay_OCD_IP.mrs (md5 3ae941e2c1937537ba5a07c4ac01521a)
[2025-09-13 06:34:44] 转换无变化，已删除 per-log：./Acplay/Acplay_OCD_IP.mrs.log
[2025-09-13 06:34:44] 开始转换：./DingXiangYuan/DingXiangYuan_OCD_Domain.yaml -> ./DingXiangYuan/DingXiangYuan_OCD_Domain.mrs （临时 ./DingXiangYuan/DingXiangYuan_OCD_Domain.mrs.tmp），之前 md5=a7480380b89355ac9e8a6bf862c046a5
[2025-09-13 06:34:44] ℹ️ 转换结果与现有 .mrs 相同，未更新：./DingXiangYuan/DingXiangYuan_OCD_Domain.mrs (md5 a7480380b89355ac9e8a6bf862c046a5)
[2025-09-13 06:34:44] 转换无变化，已删除 per-log：./DingXiangYuan/DingXiangYuan_OCD_Domain.mrs.log
[2025-09-13 06:34:44] 开始转换：./DingXiangYuan/DingXiangYuan_OCD_IP.yaml -> ./DingXiangYuan/DingXiangYuan_OCD_IP.mrs （临时 ./DingXiangYuan/DingXiangYuan_OCD_IP.mrs.tmp），之前 md5=3ae941e2c1937537ba5a07c4ac01521a
[2025-09-13 06:34:44] ℹ️ 转换结果与现有 .mrs 相同，未更新：./DingXiangYuan/DingXiangYuan_OCD_IP.mrs (md5 3ae941e2c1937537ba5a07c4ac01521a)
[2025-09-13 06:34:44] 转换无变化，已删除 per-log：./DingXiangYuan/DingXiangYuan_OCD_IP.mrs.log
[2025-09-13 06:34:44] 开始转换：./Identrust/Identrust_OCD_IP.yaml -> ./Identrust/Identrust_OCD_IP.mrs （临时 ./Identrust/Identrust_OCD_IP.mrs.tmp），之前 md5=3ae941e2c1937537ba5a07c4ac01521a
[2025-09-13 06:34:44] ℹ️ 转换结果与现有 .mrs 相同，未更新：./Identrust/Identrust_OCD_IP.mrs (md5 3ae941e2c1937537ba5a07c4ac01521a)
[2025-09-13 06:34:44] 转换无变化，已删除 per-log：./Identrust/Identrust_OCD_IP.mrs.log
[2025-09-13 06:34:44] 开始转换：./Identrust/Identrust_OCD_Domain.yaml -> ./Identrust/Identrust_OCD_Domain.mrs （临时 ./Identrust/Identrust_OCD_Domain.mrs.tmp），之前 md5=e88b56fec7ecaa33d62d677bc214da38
[2025-09-13 06:34:44] ℹ️ 转换结果与现有 .mrs 相同，未更新：./Identrust/Identrust_OCD_Domain.mrs (md5 e88b56fec7ecaa33d62d677bc214da38)
[2025-09-13 06:34:44] 转换无变化，已删除 per-log：./Identrust/Identrust_OCD_Domain.mrs.log
[2025-09-13 06:34:44] 开始转换：./ZhiYinManKe/ZhiYinManKe_OCD_Domain.yaml -> ./ZhiYinManKe/ZhiYinManKe_OCD_Domain.mrs （临时 ./ZhiYinManKe/ZhiYinManKe_OCD_Domain.mrs.tmp），之前 md5=d48895a486497aa14aa0a0b7365419fe
[2025-09-13 06:34:44] ℹ️ 转换结果与现有 .mrs 相同，未更新：./ZhiYinManKe/ZhiYinManKe_OCD_Domain.mrs (md5 d48895a486497aa14aa0a0b7365419fe)
[2025-09-13 06:34:44] 转换无变化，已删除 per-log：./ZhiYinManKe/ZhiYinManKe_OCD_Domain.mrs.log
[2025-09-13 06:34:44] 开始转换：./ZhiYinManKe/ZhiYinManKe_OCD_IP.yaml -> ./ZhiYinManKe/ZhiYinManKe_OCD_IP.mrs （临时 ./ZhiYinManKe/ZhiYinManKe_OCD_IP.mrs.tmp），之前 md5=3ae941e2c1937537ba5a07c4ac01521a
[2025-09-13 06:34:44] ℹ️ 转换结果与现有 .mrs 相同，未更新：./ZhiYinManKe/ZhiYinManKe_OCD_IP.mrs (md5 3ae941e2c1937537ba5a07c4ac01521a)
[2025-09-13 06:34:44] 转换无变化，已删除 per-log：./ZhiYinManKe/ZhiYinManKe_OCD_IP.mrs.log
[2025-09-13 06:34:44] 开始转换：./Japonx/Japonx_OCD_IP.yaml -> ./Japonx/Japonx_OCD_IP.mrs （临时 ./Japonx/Japonx_OCD_IP.mrs.tmp），之前 md5=3ae941e2c1937537ba5a07c4ac01521a
[2025-09-13 06:34:44] ℹ️ 转换结果与现有 .mrs 相同，未更新：./Japonx/Japonx_OCD_IP.mrs (md5 3ae941e2c1937537ba5a07c4ac01521a)
[2025-09-13 06:34:44] 转换无变化，已删除 per-log：./Japonx/Japonx_OCD_IP.mrs.log
[2025-09-13 06:34:44] 开始转换：./Japonx/Japonx_OCD_Domain.yaml -> ./Japonx/Japonx_OCD_Domain.mrs （临时 ./Japonx/Japonx_OCD_Domain.mrs.tmp），之前 md5=8a3ef6458e104131ee570936a5600609
[2025-09-13 06:34:44] ℹ️ 转换结果与现有 .mrs 相同，未更新：./Japonx/Japonx_OCD_Domain.mrs (md5 8a3ef6458e104131ee570936a5600609)
[2025-09-13 06:34:44] 转换无变化，已删除 per-log：./Japonx/Japonx_OCD_Domain.mrs.log
[2025-09-13 06:34:44] 开始转换：./WildRift/WildRift_OCD_Domain.yaml -> ./WildRift/WildRift_OCD_Domain.mrs （临时 ./WildRift/WildRift_OCD_Domain.mrs.tmp），之前 md5=0567671068a3981db0d2ef87063d6bd6
[2025-09-13 06:34:44] ℹ️ 转换结果与现有 .mrs 相同，未更新：./WildRift/WildRift_OCD_Domain.mrs (md5 0567671068a3981db0d2ef87063d6bd6)
[2025-09-13 06:34:44] 转换无变化，已删除 per-log：./WildRift/WildRift_OCD_Domain.mrs.log
[2025-09-13 06:34:44] 开始转换：./WildRift/WildRift_OCD_IP.yaml -> ./WildRift/WildRift_OCD_IP.mrs （临时 ./WildRift/WildRift_OCD_IP.mrs.tmp），之前 md5=3ae941e2c1937537ba5a07c4ac01521a
[2025-09-13 06:34:44] ℹ️ 转换结果与现有 .mrs 相同，未更新：./WildRift/WildRift_OCD_IP.mrs (md5 3ae941e2c1937537ba5a07c4ac01521a)
[2025-09-13 06:34:44] 转换无变化，已删除 per-log：./WildRift/WildRift_OCD_IP.mrs.log
[2025-09-13 06:34:44] 开始转换：./Python/Python_OCD_IP.yaml -> ./Python/Python_OCD_IP.mrs （临时 ./Python/Python_OCD_IP.mrs.tmp），之前 md5=3ae941e2c1937537ba5a07c4ac01521a
[2025-09-13 06:34:44] ℹ️ 转换结果与现有 .mrs 相同，未更新：./Python/Python_OCD_IP.mrs (md5 3ae941e2c1937537ba5a07c4ac01521a)
[2025-09-13 06:34:44] 转换无变化，已删除 per-log：./Python/Python_OCD_IP.mrs.log
[2025-09-13 06:34:44] 开始转换：./Python/Python_OCD_Domain.yaml -> ./Python/Python_OCD_Domain.mrs （临时 ./Python/Python_OCD_Domain.mrs.tmp），之前 md5=aa1c73c8dd77cfbc98087dcc108ac30d
[2025-09-13 06:34:44] ℹ️ 转换结果与现有 .mrs 相同，未更新：./Python/Python_OCD_Domain.mrs (md5 aa1c73c8dd77cfbc98087dcc108ac30d)
[2025-09-13 06:34:44] 转换无变化，已删除 per-log：./Python/Python_OCD_Domain.mrs.log
[2025-09-13 06:34:44] 开始转换：./QingCloud/QingCloud_OCD_IP.yaml -> ./QingCloud/QingCloud_OCD_IP.mrs （临时 ./QingCloud/QingCloud_OCD_IP.mrs.tmp），之前 md5=3ae941e2c1937537ba5a07c4ac01521a
[2025-09-13 06:34:44] ℹ️ 转换结果与现有 .mrs 相同，未更新：./QingCloud/QingCloud_OCD_IP.mrs (md5 3ae941e2c1937537ba5a07c4ac01521a)
[2025-09-13 06:34:44] 转换无变化，已删除 per-log：./QingCloud/QingCloud_OCD_IP.mrs.log
[2025-09-13 06:34:44] 开始转换：./QingCloud/QingCloud_OCD_Domain.yaml -> ./QingCloud/QingCloud_OCD_Domain.mrs （临时 ./QingCloud/QingCloud_OCD_Domain.mrs.tmp），之前 md5=3f14754ff07f4b830cf2f2bc544cf9fd
[2025-09-13 06:34:44] ℹ️ 转换结果与现有 .mrs 相同，未更新：./QingCloud/QingCloud_OCD_Domain.mrs (md5 3f14754ff07f4b830cf2f2bc544cf9fd)
[2025-09-13 06:34:44] 转换无变化，已删除 per-log：./QingCloud/QingCloud_OCD_Domain.mrs.log
[2025-09-13 06:34:44] 开始转换：./Coolapk/Coolapk_OCD_Domain.yaml -> ./Coolapk/Coolapk_OCD_Domain.mrs （临时 ./Coolapk/Coolapk_OCD_Domain.mrs.tmp），之前 md5=8288fe80278bf0505c648e4823da5a51
[2025-09-13 06:34:44] ℹ️ 转换结果与现有 .mrs 相同，未更新：./Coolapk/Coolapk_OCD_Domain.mrs (md5 8288fe80278bf0505c648e4823da5a51)
[2025-09-13 06:34:44] 转换无变化，已删除 per-log：./Coolapk/Coolapk_OCD_Domain.mrs.log
[2025-09-13 06:34:44] 开始转换：./Coolapk/Coolapk_OCD_IP.yaml -> ./Coolapk/Coolapk_OCD_IP.mrs （临时 ./Coolapk/Coolapk_OCD_IP.mrs.tmp），之前 md5=3ae941e2c1937537ba5a07c4ac01521a
[2025-09-13 06:34:44] ℹ️ 转换结果与现有 .mrs 相同，未更新：./Coolapk/Coolapk_OCD_IP.mrs (md5 3ae941e2c1937537ba5a07c4ac01521a)
[2025-09-13 06:34:44] 转换无变化，已删除 per-log：./Coolapk/Coolapk_OCD_IP.mrs.log
[2025-09-13 06:34:44] 开始转换：./BMW/BMW_OCD_IP.yaml -> ./BMW/BMW_OCD_IP.mrs （临时 ./BMW/BMW_OCD_IP.mrs.tmp），之前 md5=3ae941e2c1937537ba5a07c4ac01521a
[2025-09-13 06:34:44] ℹ️ 转换结果与现有 .mrs 相同，未更新：./BMW/BMW_OCD_IP.mrs (md5 3ae941e2c1937537ba5a07c4ac01521a)
[2025-09-13 06:34:44] 转换无变化，已删除 per-log：./BMW/BMW_OCD_IP.mrs.log
[2025-09-13 06:34:44] 开始转换：./BMW/BMW_OCD_Domain.yaml -> ./BMW/BMW_OCD_Domain.mrs （临时 ./BMW/BMW_OCD_Domain.mrs.tmp），之前 md5=8f574d10d812eb1f7ff110a8b5f7381d
[2025-09-13 06:34:44] ℹ️ 转换结果与现有 .mrs 相同，未更新：./BMW/BMW_OCD_Domain.mrs (md5 8f574d10d812eb1f7ff110a8b5f7381d)
[2025-09-13 06:34:44] 转换无变化，已删除 per-log：./BMW/BMW_OCD_Domain.mrs.log
[2025-09-13 06:34:44] 开始转换：./LiTV/LiTV_OCD_IP.yaml -> ./LiTV/LiTV_OCD_IP.mrs （临时 ./LiTV/LiTV_OCD_IP.mrs.tmp），之前 md5=3ae941e2c1937537ba5a07c4ac01521a
[2025-09-13 06:34:44] ℹ️ 转换结果与现有 .mrs 相同，未更新：./LiTV/LiTV_OCD_IP.mrs (md5 3ae941e2c1937537ba5a07c4ac01521a)
[2025-09-13 06:34:44] 转换无变化，已删除 per-log：./LiTV/LiTV_OCD_IP.mrs.log
[2025-09-13 06:34:44] 开始转换：./LiTV/LiTV_OCD_Domain.yaml -> ./LiTV/LiTV_OCD_Domain.mrs （临时 ./LiTV/LiTV_OCD_Domain.mrs.tmp），之前 md5=90d7ee32fbdcd55aad8939c65caa60fe
[2025-09-13 06:34:44] ℹ️ 转换结果与现有 .mrs 相同，未更新：./LiTV/LiTV_OCD_Domain.mrs (md5 90d7ee32fbdcd55aad8939c65caa60fe)
[2025-09-13 06:34:44] 转换无变化，已删除 per-log：./LiTV/LiTV_OCD_Domain.mrs.log
[2025-09-13 06:34:44] 开始转换：./Chromecast/Chromecast_OCD_Domain.yaml -> ./Chromecast/Chromecast_OCD_Domain.mrs （临时 ./Chromecast/Chromecast_OCD_Domain.mrs.tmp），之前 md5=3b09ff0bd0293a12f4ddcfe99bd4d7b8
[2025-09-13 06:34:44] ✅ 转换并更新：./Chromecast/Chromecast_OCD_Domain.mrs （3b09ff0bd0293a12f4ddcfe99bd4d7b8 -> 017e43f277341d38bb8ae871a3770262）
[2025-09-13 06:34:44] 已删除成功转换产生的日志文件：./Chromecast/Chromecast_OCD_Domain.mrs.log
[2025-09-13 06:34:44] 开始转换：./Chromecast/Chromecast_OCD_IP.yaml -> ./Chromecast/Chromecast_OCD_IP.mrs （临时 ./Chromecast/Chromecast_OCD_IP.mrs.tmp），之前 md5=3ae941e2c1937537ba5a07c4ac01521a
[2025-09-13 06:34:44] ℹ️ 转换结果与现有 .mrs 相同，未更新：./Chromecast/Chromecast_OCD_IP.mrs (md5 3ae941e2c1937537ba5a07c4ac01521a)
[2025-09-13 06:34:44] 转换无变化，已删除 per-log：./Chromecast/Chromecast_OCD_IP.mrs.log
[2025-09-13 06:34:44] 开始转换：./DaMai/DaMai_OCD_Domain.yaml -> ./DaMai/DaMai_OCD_Domain.mrs （临时 ./DaMai/DaMai_OCD_Domain.mrs.tmp），之前 md5=b5ff4a3a2633fb8ed9def40f60e4f06b
[2025-09-13 06:34:44] ℹ️ 转换结果与现有 .mrs 相同，未更新：./DaMai/DaMai_OCD_Domain.mrs (md5 b5ff4a3a2633fb8ed9def40f60e4f06b)
[2025-09-13 06:34:44] 转换无变化，已删除 per-log：./DaMai/DaMai_OCD_Domain.mrs.log
[2025-09-13 06:34:44] 开始转换：./DaMai/DaMai_OCD_IP.yaml -> ./DaMai/DaMai_OCD_IP.mrs （临时 ./DaMai/DaMai_OCD_IP.mrs.tmp），之前 md5=3ae941e2c1937537ba5a07c4ac01521a
[2025-09-13 06:34:44] ℹ️ 转换结果与现有 .mrs 相同，未更新：./DaMai/DaMai_OCD_IP.mrs (md5 3ae941e2c1937537ba5a07c4ac01521a)
[2025-09-13 06:34:44] 转换无变化，已删除 per-log：./DaMai/DaMai_OCD_IP.mrs.log
[2025-09-13 06:34:44] 开始转换：./ByteDance/ByteDance_OCD_IP.yaml -> ./ByteDance/ByteDance_OCD_IP.mrs （临时 ./ByteDance/ByteDance_OCD_IP.mrs.tmp），之前 md5=ff8acb36ec55d616edf8d272bde874e2
[2025-09-13 06:34:44] ℹ️ 转换结果与现有 .mrs 相同，未更新：./ByteDance/ByteDance_OCD_IP.mrs (md5 ff8acb36ec55d616edf8d272bde874e2)
[2025-09-13 06:34:44] 转换无变化，已删除 per-log：./ByteDance/ByteDance_OCD_IP.mrs.log
[2025-09-13 06:34:44] 开始转换：./ByteDance/ByteDance_OCD_Domain.yaml -> ./ByteDance/ByteDance_OCD_Domain.mrs （临时 ./ByteDance/ByteDance_OCD_Domain.mrs.tmp），之前 md5=afd693ec71867cc92558a57a23fdb230
[2025-09-13 06:34:44] ℹ️ 转换结果与现有 .mrs 相同，未更新：./ByteDance/ByteDance_OCD_Domain.mrs (md5 afd693ec71867cc92558a57a23fdb230)
[2025-09-13 06:34:44] 转换无变化，已删除 per-log：./ByteDance/ByteDance_OCD_Domain.mrs.log
[2025-09-13 06:34:44] 开始转换：./PrimeVideo/PrimeVideo_OCD_Domain.yaml -> ./PrimeVideo/PrimeVideo_OCD_Domain.mrs （临时 ./PrimeVideo/PrimeVideo_OCD_Domain.mrs.tmp），之前 md5=04284db98da51d50a9a560904ddfeeac
[2025-09-13 06:34:44] ℹ️ 转换结果与现有 .mrs 相同，未更新：./PrimeVideo/PrimeVideo_OCD_Domain.mrs (md5 04284db98da51d50a9a560904ddfeeac)
[2025-09-13 06:34:44] 转换无变化，已删除 per-log：./PrimeVideo/PrimeVideo_OCD_Domain.mrs.log
[2025-09-13 06:34:44] 开始转换：./PrimeVideo/PrimeVideo_OCD_IP.yaml -> ./PrimeVideo/PrimeVideo_OCD_IP.mrs （临时 ./PrimeVideo/PrimeVideo_OCD_IP.mrs.tmp），之前 md5=3ae941e2c1937537ba5a07c4ac01521a
[2025-09-13 06:34:44] ℹ️ 转换结果与现有 .mrs 相同，未更新：./PrimeVideo/PrimeVideo_OCD_IP.mrs (md5 3ae941e2c1937537ba5a07c4ac01521a)
[2025-09-13 06:34:44] 转换无变化，已删除 per-log：./PrimeVideo/PrimeVideo_OCD_IP.mrs.log
[2025-09-13 06:34:44] 开始转换：./AbemaTV/AbemaTV_OCD_IP.yaml -> ./AbemaTV/AbemaTV_OCD_IP.mrs （临时 ./AbemaTV/AbemaTV_OCD_IP.mrs.tmp），之前 md5=3ae941e2c1937537ba5a07c4ac01521a
[2025-09-13 06:34:44] ℹ️ 转换结果与现有 .mrs 相同，未更新：./AbemaTV/AbemaTV_OCD_IP.mrs (md5 3ae941e2c1937537ba5a07c4ac01521a)
[2025-09-13 06:34:44] 转换无变化，已删除 per-log：./AbemaTV/AbemaTV_OCD_IP.mrs.log
[2025-09-13 06:34:44] 开始转换：./AbemaTV/AbemaTV_OCD_Domain.yaml -> ./AbemaTV/AbemaTV_OCD_Domain.mrs （临时 ./AbemaTV/AbemaTV_OCD_Domain.mrs.tmp），之前 md5=03b88fa34665477306ac728edc0d439f
[2025-09-13 06:34:44] ℹ️ 转换结果与现有 .mrs 相同，未更新：./AbemaTV/AbemaTV_OCD_Domain.mrs (md5 03b88fa34665477306ac728edc0d439f)
[2025-09-13 06:34:44] 转换无变化，已删除 per-log：./AbemaTV/AbemaTV_OCD_Domain.mrs.log
[2025-09-13 06:34:44] 开始转换：./Anjuke/Anjuke_OCD_Domain.yaml -> ./Anjuke/Anjuke_OCD_Domain.mrs （临时 ./Anjuke/Anjuke_OCD_Domain.mrs.tmp），之前 md5=59106a7b00ef11d09e84624577111b55
[2025-09-13 06:34:44] ℹ️ 转换结果与现有 .mrs 相同，未更新：./Anjuke/Anjuke_OCD_Domain.mrs (md5 59106a7b00ef11d09e84624577111b55)
[2025-09-13 06:34:44] 转换无变化，已删除 per-log：./Anjuke/Anjuke_OCD_Domain.mrs.log
[2025-09-13 06:34:44] 开始转换：./Anjuke/Anjuke_OCD_IP.yaml -> ./Anjuke/Anjuke_OCD_IP.mrs （临时 ./Anjuke/Anjuke_OCD_IP.mrs.tmp），之前 md5=3ae941e2c1937537ba5a07c4ac01521a
[2025-09-13 06:34:44] ℹ️ 转换结果与现有 .mrs 相同，未更新：./Anjuke/Anjuke_OCD_IP.mrs (md5 3ae941e2c1937537ba5a07c4ac01521a)
[2025-09-13 06:34:44] 转换无变化，已删除 per-log：./Anjuke/Anjuke_OCD_IP.mrs.log
[2025-09-13 06:34:45] 开始转换：./RuanMei/RuanMei_OCD_IP.yaml -> ./RuanMei/RuanMei_OCD_IP.mrs （临时 ./RuanMei/RuanMei_OCD_IP.mrs.tmp），之前 md5=3ae941e2c1937537ba5a07c4ac01521a
[2025-09-13 06:34:45] ℹ️ 转换结果与现有 .mrs 相同，未更新：./RuanMei/RuanMei_OCD_IP.mrs (md5 3ae941e2c1937537ba5a07c4ac01521a)
[2025-09-13 06:34:45] 转换无变化，已删除 per-log：./RuanMei/RuanMei_OCD_IP.mrs.log
[2025-09-13 06:34:45] 开始转换：./RuanMei/RuanMei_OCD_Domain.yaml -> ./RuanMei/RuanMei_OCD_Domain.mrs （临时 ./RuanMei/RuanMei_OCD_Domain.mrs.tmp），之前 md5=44a4b709d7ad4f1ecaf24d3c53e45c6e
[2025-09-13 06:34:45] ℹ️ 转换结果与现有 .mrs 相同，未更新：./RuanMei/RuanMei_OCD_Domain.mrs (md5 44a4b709d7ad4f1ecaf24d3c53e45c6e)
[2025-09-13 06:34:45] 转换无变化，已删除 per-log：./RuanMei/RuanMei_OCD_Domain.mrs.log
[2025-09-13 06:34:45] 开始转换：./OpenAI/OpenAI_OCD_Domain.yaml -> ./OpenAI/OpenAI_OCD_Domain.mrs （临时 ./OpenAI/OpenAI_OCD_Domain.mrs.tmp），之前 md5=8579b5830c073cf20963952e41c2d37f
[2025-09-13 06:34:45] ℹ️ 转换结果与现有 .mrs 相同，未更新：./OpenAI/OpenAI_OCD_Domain.mrs (md5 8579b5830c073cf20963952e41c2d37f)
[2025-09-13 06:34:45] 转换无变化，已删除 per-log：./OpenAI/OpenAI_OCD_Domain.mrs.log
[2025-09-13 06:34:45] 开始转换：./OpenAI/OpenAI_OCD_IP.yaml -> ./OpenAI/OpenAI_OCD_IP.mrs （临时 ./OpenAI/OpenAI_OCD_IP.mrs.tmp），之前 md5=f56dee3adddb43e3c3029711328478d1
[2025-09-13 06:34:45] ℹ️ 转换结果与现有 .mrs 相同，未更新：./OpenAI/OpenAI_OCD_IP.mrs (md5 f56dee3adddb43e3c3029711328478d1)
[2025-09-13 06:34:45] 转换无变化，已删除 per-log：./OpenAI/OpenAI_OCD_IP.mrs.log
[2025-09-13 06:34:45] 开始转换：./Dood/Dood_OCD_IP.yaml -> ./Dood/Dood_OCD_IP.mrs （临时 ./Dood/Dood_OCD_IP.mrs.tmp），之前 md5=3ae941e2c1937537ba5a07c4ac01521a
[2025-09-13 06:34:45] ℹ️ 转换结果与现有 .mrs 相同，未更新：./Dood/Dood_OCD_IP.mrs (md5 3ae941e2c1937537ba5a07c4ac01521a)
[2025-09-13 06:34:45] 转换无变化，已删除 per-log：./Dood/Dood_OCD_IP.mrs.log
[2025-09-13 06:34:45] 开始转换：./Dood/Dood_OCD_Domain.yaml -> ./Dood/Dood_OCD_Domain.mrs （临时 ./Dood/Dood_OCD_Domain.mrs.tmp），之前 md5=edd41bcd262f9c9969d7c1360fd05f67
[2025-09-13 06:34:45] ℹ️ 转换结果与现有 .mrs 相同，未更新：./Dood/Dood_OCD_Domain.mrs (md5 edd41bcd262f9c9969d7c1360fd05f67)
[2025-09-13 06:34:45] 转换无变化，已删除 per-log：./Dood/Dood_OCD_Domain.mrs.log
[2025-09-13 06:34:45] 开始转换：./Epic/Epic_OCD_IP.yaml -> ./Epic/Epic_OCD_IP.mrs （临时 ./Epic/Epic_OCD_IP.mrs.tmp），之前 md5=3ae941e2c1937537ba5a07c4ac01521a
[2025-09-13 06:34:45] ℹ️ 转换结果与现有 .mrs 相同，未更新：./Epic/Epic_OCD_IP.mrs (md5 3ae941e2c1937537ba5a07c4ac01521a)
[2025-09-13 06:34:45] 转换无变化，已删除 per-log：./Epic/Epic_OCD_IP.mrs.log
[2025-09-13 06:34:45] 开始转换：./Epic/Epic_OCD_Domain.yaml -> ./Epic/Epic_OCD_Domain.mrs （临时 ./Epic/Epic_OCD_Domain.mrs.tmp），之前 md5=d65ffee1c50b736cd5da40460a78ad85
[2025-09-13 06:34:45] ℹ️ 转换结果与现有 .mrs 相同，未更新：./Epic/Epic_OCD_Domain.mrs (md5 d65ffee1c50b736cd5da40460a78ad85)
[2025-09-13 06:34:45] 转换无变化，已删除 per-log：./Epic/Epic_OCD_Domain.mrs.log
[2025-09-13 06:34:45] 开始转换：./ThomsonReuters/ThomsonReuters_OCD_IP.yaml -> ./ThomsonReuters/ThomsonReuters_OCD_IP.mrs （临时 ./ThomsonReuters/ThomsonReuters_OCD_IP.mrs.tmp），之前 md5=3ae941e2c1937537ba5a07c4ac01521a
[2025-09-13 06:34:45] ℹ️ 转换结果与现有 .mrs 相同，未更新：./ThomsonReuters/ThomsonReuters_OCD_IP.mrs (md5 3ae941e2c1937537ba5a07c4ac01521a)
[2025-09-13 06:34:45] 转换无变化，已删除 per-log：./ThomsonReuters/ThomsonReuters_OCD_IP.mrs.log
[2025-09-13 06:34:45] 开始转换：./ThomsonReuters/ThomsonReuters_OCD_Domain.yaml -> ./ThomsonReuters/ThomsonReuters_OCD_Domain.mrs （临时 ./ThomsonReuters/ThomsonReuters_OCD_Domain.mrs.tmp），之前 md5=7660f44d8c20d0b9f3df8e0d80738f91
[2025-09-13 06:34:45] ℹ️ 转换结果与现有 .mrs 相同，未更新：./ThomsonReuters/ThomsonReuters_OCD_Domain.mrs (md5 7660f44d8c20d0b9f3df8e0d80738f91)
[2025-09-13 06:34:45] 转换无变化，已删除 per-log：./ThomsonReuters/ThomsonReuters_OCD_Domain.mrs.log
[2025-09-13 06:34:45] 开始转换：./BritboxUK/BritboxUK_OCD_IP.yaml -> ./BritboxUK/BritboxUK_OCD_IP.mrs （临时 ./BritboxUK/BritboxUK_OCD_IP.mrs.tmp），之前 md5=3ae941e2c1937537ba5a07c4ac01521a
[2025-09-13 06:34:45] ℹ️ 转换结果与现有 .mrs 相同，未更新：./BritboxUK/BritboxUK_OCD_IP.mrs (md5 3ae941e2c1937537ba5a07c4ac01521a)
[2025-09-13 06:34:45] 转换无变化，已删除 per-log：./BritboxUK/BritboxUK_OCD_IP.mrs.log
[2025-09-13 06:34:45] 开始转换：./BritboxUK/BritboxUK_OCD_Domain.yaml -> ./BritboxUK/BritboxUK_OCD_Domain.mrs （临时 ./BritboxUK/BritboxUK_OCD_Domain.mrs.tmp），之前 md5=ffaa3c951a64de4c9ef4e0ca5c10ed46
[2025-09-13 06:34:45] ℹ️ 转换结果与现有 .mrs 相同，未更新：./BritboxUK/BritboxUK_OCD_Domain.mrs (md5 ffaa3c951a64de4c9ef4e0ca5c10ed46)
[2025-09-13 06:34:45] 转换无变化，已删除 per-log：./BritboxUK/BritboxUK_OCD_Domain.mrs.log
[2025-09-13 06:34:45] 开始转换：./Razer/Razer_OCD_IP.yaml -> ./Razer/Razer_OCD_IP.mrs （临时 ./Razer/Razer_OCD_IP.mrs.tmp），之前 md5=3ae941e2c1937537ba5a07c4ac01521a
[2025-09-13 06:34:45] ℹ️ 转换结果与现有 .mrs 相同，未更新：./Razer/Razer_OCD_IP.mrs (md5 3ae941e2c1937537ba5a07c4ac01521a)
[2025-09-13 06:34:45] 转换无变化，已删除 per-log：./Razer/Razer_OCD_IP.mrs.log
[2025-09-13 06:34:45] 开始转换：./Razer/Razer_OCD_Domain.yaml -> ./Razer/Razer_OCD_Domain.mrs （临时 ./Razer/Razer_OCD_Domain.mrs.tmp），之前 md5=5a8aff01425f30cf865c1c036b49c189
[2025-09-13 06:34:45] ℹ️ 转换结果与现有 .mrs 相同，未更新：./Razer/Razer_OCD_Domain.mrs (md5 5a8aff01425f30cf865c1c036b49c189)
[2025-09-13 06:34:45] 转换无变化，已删除 per-log：./Razer/Razer_OCD_Domain.mrs.log
[2025-09-13 06:34:45] 开始转换：./AmazonPrimeVideo/AmazonPrimeVideo_OCD_IP.yaml -> ./AmazonPrimeVideo/AmazonPrimeVideo_OCD_IP.mrs （临时 ./AmazonPrimeVideo/AmazonPrimeVideo_OCD_IP.mrs.tmp），之前 md5=3ae941e2c1937537ba5a07c4ac01521a
[2025-09-13 06:34:45] ℹ️ 转换结果与现有 .mrs 相同，未更新：./AmazonPrimeVideo/AmazonPrimeVideo_OCD_IP.mrs (md5 3ae941e2c1937537ba5a07c4ac01521a)
[2025-09-13 06:34:45] 转换无变化，已删除 per-log：./AmazonPrimeVideo/AmazonPrimeVideo_OCD_IP.mrs.log
[2025-09-13 06:34:45] 开始转换：./AmazonPrimeVideo/AmazonPrimeVideo_OCD_Domain.yaml -> ./AmazonPrimeVideo/AmazonPrimeVideo_OCD_Domain.mrs （临时 ./AmazonPrimeVideo/AmazonPrimeVideo_OCD_Domain.mrs.tmp），之前 md5=bca2206f23a697ab380d3a24bcddb173
[2025-09-13 06:34:45] ℹ️ 转换结果与现有 .mrs 相同，未更新：./AmazonPrimeVideo/AmazonPrimeVideo_OCD_Domain.mrs (md5 bca2206f23a697ab380d3a24bcddb173)
[2025-09-13 06:34:45] 转换无变化，已删除 per-log：./AmazonPrimeVideo/AmazonPrimeVideo_OCD_Domain.mrs.log
[2025-09-13 06:34:45] 开始转换：./HBO/HBO_OCD_Domain.yaml -> ./HBO/HBO_OCD_Domain.mrs （临时 ./HBO/HBO_OCD_Domain.mrs.tmp），之前 md5=939770b6dc1e9eab46697653084ac582
[2025-09-13 06:34:45] ℹ️ 转换结果与现有 .mrs 相同，未更新：./HBO/HBO_OCD_Domain.mrs (md5 939770b6dc1e9eab46697653084ac582)
[2025-09-13 06:34:45] 转换无变化，已删除 per-log：./HBO/HBO_OCD_Domain.mrs.log
[2025-09-13 06:34:45] 开始转换：./HBO/HBO_OCD_IP.yaml -> ./HBO/HBO_OCD_IP.mrs （临时 ./HBO/HBO_OCD_IP.mrs.tmp），之前 md5=3ae941e2c1937537ba5a07c4ac01521a
[2025-09-13 06:34:45] ℹ️ 转换结果与现有 .mrs 相同，未更新：./HBO/HBO_OCD_IP.mrs (md5 3ae941e2c1937537ba5a07c4ac01521a)
[2025-09-13 06:34:45] 转换无变化，已删除 per-log：./HBO/HBO_OCD_IP.mrs.log
[2025-09-13 06:34:45] 开始转换：./Logitech/Logitech_OCD_Domain.yaml -> ./Logitech/Logitech_OCD_Domain.mrs （临时 ./Logitech/Logitech_OCD_Domain.mrs.tmp），之前 md5=e69a48dbf4e991c2a47a164f7e85eeec
[2025-09-13 06:34:45] ℹ️ 转换结果与现有 .mrs 相同，未更新：./Logitech/Logitech_OCD_Domain.mrs (md5 e69a48dbf4e991c2a47a164f7e85eeec)
[2025-09-13 06:34:45] 转换无变化，已删除 per-log：./Logitech/Logitech_OCD_Domain.mrs.log
[2025-09-13 06:34:45] 开始转换：./Logitech/Logitech_OCD_IP.yaml -> ./Logitech/Logitech_OCD_IP.mrs （临时 ./Logitech/Logitech_OCD_IP.mrs.tmp），之前 md5=3ae941e2c1937537ba5a07c4ac01521a
[2025-09-13 06:34:45] ℹ️ 转换结果与现有 .mrs 相同，未更新：./Logitech/Logitech_OCD_IP.mrs (md5 3ae941e2c1937537ba5a07c4ac01521a)
[2025-09-13 06:34:45] 转换无变化，已删除 per-log：./Logitech/Logitech_OCD_IP.mrs.log
[2025-09-13 06:34:45] 开始转换：./OKX/OKX_OCD_IP.yaml -> ./OKX/OKX_OCD_IP.mrs （临时 ./OKX/OKX_OCD_IP.mrs.tmp），之前 md5=3ae941e2c1937537ba5a07c4ac01521a
[2025-09-13 06:34:45] ℹ️ 转换结果与现有 .mrs 相同，未更新：./OKX/OKX_OCD_IP.mrs (md5 3ae941e2c1937537ba5a07c4ac01521a)
[2025-09-13 06:34:45] 转换无变化，已删除 per-log：./OKX/OKX_OCD_IP.mrs.log
[2025-09-13 06:34:45] 开始转换：./OKX/OKX_OCD_Domain.yaml -> ./OKX/OKX_OCD_Domain.mrs （临时 ./OKX/OKX_OCD_Domain.mrs.tmp），之前 md5=1d06b6f3b62811f1e1165de73444accd
[2025-09-13 06:34:45] ℹ️ 转换结果与现有 .mrs 相同，未更新：./OKX/OKX_OCD_Domain.mrs (md5 1d06b6f3b62811f1e1165de73444accd)
[2025-09-13 06:34:45] 转换无变化，已删除 per-log：./OKX/OKX_OCD_Domain.mrs.log
[2025-09-13 06:34:45] 开始转换：./GoogleEarth/GoogleEarth_OCD_Domain.yaml -> ./GoogleEarth/GoogleEarth_OCD_Domain.mrs （临时 ./GoogleEarth/GoogleEarth_OCD_Domain.mrs.tmp），之前 md5=b86b1d0bb975167ec8f9ab70966df501
[2025-09-13 06:34:45] ℹ️ 转换结果与现有 .mrs 相同，未更新：./GoogleEarth/GoogleEarth_OCD_Domain.mrs (md5 b86b1d0bb975167ec8f9ab70966df501)
[2025-09-13 06:34:45] 转换无变化，已删除 per-log：./GoogleEarth/GoogleEarth_OCD_Domain.mrs.log
[2025-09-13 06:34:45] 开始转换：./GoogleEarth/GoogleEarth_OCD_IP.yaml -> ./GoogleEarth/GoogleEarth_OCD_IP.mrs （临时 ./GoogleEarth/GoogleEarth_OCD_IP.mrs.tmp），之前 md5=3ae941e2c1937537ba5a07c4ac01521a
[2025-09-13 06:34:45] ℹ️ 转换结果与现有 .mrs 相同，未更新：./GoogleEarth/GoogleEarth_OCD_IP.mrs (md5 3ae941e2c1937537ba5a07c4ac01521a)
[2025-09-13 06:34:45] 转换无变化，已删除 per-log：./GoogleEarth/GoogleEarth_OCD_IP.mrs.log
[2025-09-13 06:34:45] 开始转换：./Fiio/Fiio_OCD_Domain.yaml -> ./Fiio/Fiio_OCD_Domain.mrs （临时 ./Fiio/Fiio_OCD_Domain.mrs.tmp），之前 md5=53c32db1469c2bbfd6ed855f4c194234
[2025-09-13 06:34:45] ℹ️ 转换结果与现有 .mrs 相同，未更新：./Fiio/Fiio_OCD_Domain.mrs (md5 53c32db1469c2bbfd6ed855f4c194234)
[2025-09-13 06:34:45] 转换无变化，已删除 per-log：./Fiio/Fiio_OCD_Domain.mrs.log
[2025-09-13 06:34:45] 开始转换：./Fiio/Fiio_OCD_IP.yaml -> ./Fiio/Fiio_OCD_IP.mrs （临时 ./Fiio/Fiio_OCD_IP.mrs.tmp），之前 md5=3ae941e2c1937537ba5a07c4ac01521a
[2025-09-13 06:34:45] ℹ️ 转换结果与现有 .mrs 相同，未更新：./Fiio/Fiio_OCD_IP.mrs (md5 3ae941e2c1937537ba5a07c4ac01521a)
[2025-09-13 06:34:45] 转换无变化，已删除 per-log：./Fiio/Fiio_OCD_IP.mrs.log
[2025-09-13 06:34:45] 开始转换：./Camera360/Camera360_OCD_IP.yaml -> ./Camera360/Camera360_OCD_IP.mrs （临时 ./Camera360/Camera360_OCD_IP.mrs.tmp），之前 md5=3ae941e2c1937537ba5a07c4ac01521a
[2025-09-13 06:34:45] ℹ️ 转换结果与现有 .mrs 相同，未更新：./Camera360/Camera360_OCD_IP.mrs (md5 3ae941e2c1937537ba5a07c4ac01521a)
[2025-09-13 06:34:45] 转换无变化，已删除 per-log：./Camera360/Camera360_OCD_IP.mrs.log
[2025-09-13 06:34:45] 开始转换：./Camera360/Camera360_OCD_Domain.yaml -> ./Camera360/Camera360_OCD_Domain.mrs （临时 ./Camera360/Camera360_OCD_Domain.mrs.tmp），之前 md5=c665e097e7156716bf768b7ef6de50c6
[2025-09-13 06:34:45] ℹ️ 转换结果与现有 .mrs 相同，未更新：./Camera360/Camera360_OCD_Domain.mrs (md5 c665e097e7156716bf768b7ef6de50c6)
[2025-09-13 06:34:45] 转换无变化，已删除 per-log：./Camera360/Camera360_OCD_Domain.mrs.log
[2025-09-13 06:34:45] 开始转换：./SkyGO/SkyGO_OCD_IP.yaml -> ./SkyGO/SkyGO_OCD_IP.mrs （临时 ./SkyGO/SkyGO_OCD_IP.mrs.tmp），之前 md5=3ae941e2c1937537ba5a07c4ac01521a
[2025-09-13 06:34:45] ℹ️ 转换结果与现有 .mrs 相同，未更新：./SkyGO/SkyGO_OCD_IP.mrs (md5 3ae941e2c1937537ba5a07c4ac01521a)
[2025-09-13 06:34:45] 转换无变化，已删除 per-log：./SkyGO/SkyGO_OCD_IP.mrs.log
[2025-09-13 06:34:45] 开始转换：./SkyGO/SkyGO_OCD_Domain.yaml -> ./SkyGO/SkyGO_OCD_Domain.mrs （临时 ./SkyGO/SkyGO_OCD_Domain.mrs.tmp），之前 md5=651f3ebb9bbc2143e3182d6b3c0be24c
[2025-09-13 06:34:45] ℹ️ 转换结果与现有 .mrs 相同，未更新：./SkyGO/SkyGO_OCD_Domain.mrs (md5 651f3ebb9bbc2143e3182d6b3c0be24c)
[2025-09-13 06:34:45] 转换无变化，已删除 per-log：./SkyGO/SkyGO_OCD_Domain.mrs.log
[2025-09-13 06:34:45] 开始转换：./VK/VK_OCD_IP.yaml -> ./VK/VK_OCD_IP.mrs （临时 ./VK/VK_OCD_IP.mrs.tmp），之前 md5=3ae941e2c1937537ba5a07c4ac01521a
[2025-09-13 06:34:45] ℹ️ 转换结果与现有 .mrs 相同，未更新：./VK/VK_OCD_IP.mrs (md5 3ae941e2c1937537ba5a07c4ac01521a)
[2025-09-13 06:34:45] 转换无变化，已删除 per-log：./VK/VK_OCD_IP.mrs.log
[2025-09-13 06:34:45] 开始转换：./VK/VK_OCD_Domain.yaml -> ./VK/VK_OCD_Domain.mrs （临时 ./VK/VK_OCD_Domain.mrs.tmp），之前 md5=53ce07cac1497e87880f82310f94aa4a
[2025-09-13 06:34:45] ℹ️ 转换结果与现有 .mrs 相同，未更新：./VK/VK_OCD_Domain.mrs (md5 53ce07cac1497e87880f82310f94aa4a)
[2025-09-13 06:34:45] 转换无变化，已删除 per-log：./VK/VK_OCD_Domain.mrs.log
[2025-09-13 06:34:45] 开始转换：./SMZDM/SMZDM_OCD_Domain.yaml -> ./SMZDM/SMZDM_OCD_Domain.mrs （临时 ./SMZDM/SMZDM_OCD_Domain.mrs.tmp），之前 md5=6375c4801c3641530ffdb5486d76dc87
[2025-09-13 06:34:45] ℹ️ 转换结果与现有 .mrs 相同，未更新：./SMZDM/SMZDM_OCD_Domain.mrs (md5 6375c4801c3641530ffdb5486d76dc87)
[2025-09-13 06:34:45] 转换无变化，已删除 per-log：./SMZDM/SMZDM_OCD_Domain.mrs.log
[2025-09-13 06:34:45] 开始转换：./SMZDM/SMZDM_OCD_IP.yaml -> ./SMZDM/SMZDM_OCD_IP.mrs （临时 ./SMZDM/SMZDM_OCD_IP.mrs.tmp），之前 md5=3ae941e2c1937537ba5a07c4ac01521a
[2025-09-13 06:34:45] ℹ️ 转换结果与现有 .mrs 相同，未更新：./SMZDM/SMZDM_OCD_IP.mrs (md5 3ae941e2c1937537ba5a07c4ac01521a)
[2025-09-13 06:34:45] 转换无变化，已删除 per-log：./SMZDM/SMZDM_OCD_IP.mrs.log
[2025-09-13 06:34:45] 开始转换：./PBS/PBS_OCD_IP.yaml -> ./PBS/PBS_OCD_IP.mrs （临时 ./PBS/PBS_OCD_IP.mrs.tmp），之前 md5=3ae941e2c1937537ba5a07c4ac01521a
[2025-09-13 06:34:45] ℹ️ 转换结果与现有 .mrs 相同，未更新：./PBS/PBS_OCD_IP.mrs (md5 3ae941e2c1937537ba5a07c4ac01521a)
[2025-09-13 06:34:45] 转换无变化，已删除 per-log：./PBS/PBS_OCD_IP.mrs.log
[2025-09-13 06:34:45] 开始转换：./PBS/PBS_OCD_Domain.yaml -> ./PBS/PBS_OCD_Domain.mrs （临时 ./PBS/PBS_OCD_Domain.mrs.tmp），之前 md5=d1d55f6013ee5dcd6ebdfe8cbe8b00c2
[2025-09-13 06:34:46] ℹ️ 转换结果与现有 .mrs 相同，未更新：./PBS/PBS_OCD_Domain.mrs (md5 d1d55f6013ee5dcd6ebdfe8cbe8b00c2)
[2025-09-13 06:34:46] 转换无变化，已删除 per-log：./PBS/PBS_OCD_Domain.mrs.log
[2025-09-13 06:34:46] 开始转换：./LivePerson/LivePerson_OCD_IP.yaml -> ./LivePerson/LivePerson_OCD_IP.mrs （临时 ./LivePerson/LivePerson_OCD_IP.mrs.tmp），之前 md5=3ae941e2c1937537ba5a07c4ac01521a
[2025-09-13 06:34:46] ℹ️ 转换结果与现有 .mrs 相同，未更新：./LivePerson/LivePerson_OCD_IP.mrs (md5 3ae941e2c1937537ba5a07c4ac01521a)
[2025-09-13 06:34:46] 转换无变化，已删除 per-log：./LivePerson/LivePerson_OCD_IP.mrs.log
[2025-09-13 06:34:46] 开始转换：./LivePerson/LivePerson_OCD_Domain.yaml -> ./LivePerson/LivePerson_OCD_Domain.mrs （临时 ./LivePerson/LivePerson_OCD_Domain.mrs.tmp），之前 md5=e50b880afaaa81581734d2025e345818
[2025-09-13 06:34:46] ℹ️ 转换结果与现有 .mrs 相同，未更新：./LivePerson/LivePerson_OCD_Domain.mrs (md5 e50b880afaaa81581734d2025e345818)
[2025-09-13 06:34:46] 转换无变化，已删除 per-log：./LivePerson/LivePerson_OCD_Domain.mrs.log
[2025-09-13 06:34:46] 开始转换：./Developer/Developer_OCD_Domain.yaml -> ./Developer/Developer_OCD_Domain.mrs （临时 ./Developer/Developer_OCD_Domain.mrs.tmp），之前 md5=9c9f550a824e84741821e0649100f11f
[2025-09-13 06:34:46] ℹ️ 转换结果与现有 .mrs 相同，未更新：./Developer/Developer_OCD_Domain.mrs (md5 9c9f550a824e84741821e0649100f11f)
[2025-09-13 06:34:46] 转换无变化，已删除 per-log：./Developer/Developer_OCD_Domain.mrs.log
[2025-09-13 06:34:46] 开始转换：./Developer/Developer_OCD_IP.yaml -> ./Developer/Developer_OCD_IP.mrs （临时 ./Developer/Developer_OCD_IP.mrs.tmp），之前 md5=3ae941e2c1937537ba5a07c4ac01521a
[2025-09-13 06:34:46] ℹ️ 转换结果与现有 .mrs 相同，未更新：./Developer/Developer_OCD_IP.mrs (md5 3ae941e2c1937537ba5a07c4ac01521a)
[2025-09-13 06:34:46] 转换无变化，已删除 per-log：./Developer/Developer_OCD_IP.mrs.log
[2025-09-13 06:34:46] 开始转换：./JingDong/JingDong_OCD_Domain.yaml -> ./JingDong/JingDong_OCD_Domain.mrs （临时 ./JingDong/JingDong_OCD_Domain.mrs.tmp），之前 md5=19c5de7825551b3f63a3b4fa07a51682
[2025-09-13 06:34:46] ℹ️ 转换结果与现有 .mrs 相同，未更新：./JingDong/JingDong_OCD_Domain.mrs (md5 19c5de7825551b3f63a3b4fa07a51682)
[2025-09-13 06:34:46] 转换无变化，已删除 per-log：./JingDong/JingDong_OCD_Domain.mrs.log
[2025-09-13 06:34:46] 开始转换：./JingDong/JingDong_OCD_IP.yaml -> ./JingDong/JingDong_OCD_IP.mrs （临时 ./JingDong/JingDong_OCD_IP.mrs.tmp），之前 md5=3ae941e2c1937537ba5a07c4ac01521a
[2025-09-13 06:34:46] ℹ️ 转换结果与现有 .mrs 相同，未更新：./JingDong/JingDong_OCD_IP.mrs (md5 3ae941e2c1937537ba5a07c4ac01521a)
[2025-09-13 06:34:46] 转换无变化，已删除 per-log：./JingDong/JingDong_OCD_IP.mrs.log
[2025-09-13 06:34:46] 开始转换：./UBI/UBI_OCD_Domain.yaml -> ./UBI/UBI_OCD_Domain.mrs （临时 ./UBI/UBI_OCD_Domain.mrs.tmp），之前 md5=eb90e1c4da86a527b7e302ca39eed4e0
[2025-09-13 06:34:46] ℹ️ 转换结果与现有 .mrs 相同，未更新：./UBI/UBI_OCD_Domain.mrs (md5 eb90e1c4da86a527b7e302ca39eed4e0)
[2025-09-13 06:34:46] 转换无变化，已删除 per-log：./UBI/UBI_OCD_Domain.mrs.log
[2025-09-13 06:34:46] 开始转换：./UBI/UBI_OCD_IP.yaml -> ./UBI/UBI_OCD_IP.mrs （临时 ./UBI/UBI_OCD_IP.mrs.tmp），之前 md5=3ae941e2c1937537ba5a07c4ac01521a
[2025-09-13 06:34:46] ℹ️ 转换结果与现有 .mrs 相同，未更新：./UBI/UBI_OCD_IP.mrs (md5 3ae941e2c1937537ba5a07c4ac01521a)
[2025-09-13 06:34:46] 转换无变化，已删除 per-log：./UBI/UBI_OCD_IP.mrs.log
[2025-09-13 06:34:46] 开始转换：./NowE/NowE_OCD_Domain.yaml -> ./NowE/NowE_OCD_Domain.mrs （临时 ./NowE/NowE_OCD_Domain.mrs.tmp），之前 md5=6d87adc2f985f5169a90590cfd12e0e4
[2025-09-13 06:34:46] ℹ️ 转换结果与现有 .mrs 相同，未更新：./NowE/NowE_OCD_Domain.mrs (md5 6d87adc2f985f5169a90590cfd12e0e4)
[2025-09-13 06:34:46] 转换无变化，已删除 per-log：./NowE/NowE_OCD_Domain.mrs.log
[2025-09-13 06:34:46] 开始转换：./NowE/NowE_OCD_IP.yaml -> ./NowE/NowE_OCD_IP.mrs （临时 ./NowE/NowE_OCD_IP.mrs.tmp），之前 md5=3ae941e2c1937537ba5a07c4ac01521a
[2025-09-13 06:34:46] ℹ️ 转换结果与现有 .mrs 相同，未更新：./NowE/NowE_OCD_IP.mrs (md5 3ae941e2c1937537ba5a07c4ac01521a)
[2025-09-13 06:34:46] 转换无变化，已删除 per-log：./NowE/NowE_OCD_IP.mrs.log
[2025-09-13 06:34:46] 开始转换：./EncoreTVB/EncoreTVB_OCD_IP.yaml -> ./EncoreTVB/EncoreTVB_OCD_IP.mrs （临时 ./EncoreTVB/EncoreTVB_OCD_IP.mrs.tmp），之前 md5=3ae941e2c1937537ba5a07c4ac01521a
[2025-09-13 06:34:46] ℹ️ 转换结果与现有 .mrs 相同，未更新：./EncoreTVB/EncoreTVB_OCD_IP.mrs (md5 3ae941e2c1937537ba5a07c4ac01521a)
[2025-09-13 06:34:46] 转换无变化，已删除 per-log：./EncoreTVB/EncoreTVB_OCD_IP.mrs.log
[2025-09-13 06:34:46] 开始转换：./EncoreTVB/EncoreTVB_OCD_Domain.yaml -> ./EncoreTVB/EncoreTVB_OCD_Domain.mrs （临时 ./EncoreTVB/EncoreTVB_OCD_Domain.mrs.tmp），之前 md5=ca82d65ac6743d1861dddd0f8b0bfc7a
[2025-09-13 06:34:46] ℹ️ 转换结果与现有 .mrs 相同，未更新：./EncoreTVB/EncoreTVB_OCD_Domain.mrs (md5 ca82d65ac6743d1861dddd0f8b0bfc7a)
[2025-09-13 06:34:46] 转换无变化，已删除 per-log：./EncoreTVB/EncoreTVB_OCD_Domain.mrs.log
[2025-09-13 06:34:46] 开始转换：./ZDNS/ZDNS_OCD_IP.yaml -> ./ZDNS/ZDNS_OCD_IP.mrs （临时 ./ZDNS/ZDNS_OCD_IP.mrs.tmp），之前 md5=3ae941e2c1937537ba5a07c4ac01521a
[2025-09-13 06:34:46] ℹ️ 转换结果与现有 .mrs 相同，未更新：./ZDNS/ZDNS_OCD_IP.mrs (md5 3ae941e2c1937537ba5a07c4ac01521a)
[2025-09-13 06:34:46] 转换无变化，已删除 per-log：./ZDNS/ZDNS_OCD_IP.mrs.log
[2025-09-13 06:34:46] 开始转换：./ZDNS/ZDNS_OCD_Domain.yaml -> ./ZDNS/ZDNS_OCD_Domain.mrs （临时 ./ZDNS/ZDNS_OCD_Domain.mrs.tmp），之前 md5=65a370f9c32b0f533a1dd8c25f8193bb
[2025-09-13 06:34:46] ℹ️ 转换结果与现有 .mrs 相同，未更新：./ZDNS/ZDNS_OCD_Domain.mrs (md5 65a370f9c32b0f533a1dd8c25f8193bb)
[2025-09-13 06:34:46] 转换无变化，已删除 per-log：./ZDNS/ZDNS_OCD_Domain.mrs.log
[2025-09-13 06:34:46] 开始转换：./LeJu/LeJu_OCD_IP.yaml -> ./LeJu/LeJu_OCD_IP.mrs （临时 ./LeJu/LeJu_OCD_IP.mrs.tmp），之前 md5=3ae941e2c1937537ba5a07c4ac01521a
[2025-09-13 06:34:46] ℹ️ 转换结果与现有 .mrs 相同，未更新：./LeJu/LeJu_OCD_IP.mrs (md5 3ae941e2c1937537ba5a07c4ac01521a)
[2025-09-13 06:34:46] 转换无变化，已删除 per-log：./LeJu/LeJu_OCD_IP.mrs.log
[2025-09-13 06:34:46] 开始转换：./LeJu/LeJu_OCD_Domain.yaml -> ./LeJu/LeJu_OCD_Domain.mrs （临时 ./LeJu/LeJu_OCD_Domain.mrs.tmp），之前 md5=e8d2326ad8ce1a9a1de4ca9b92062992
[2025-09-13 06:34:46] ℹ️ 转换结果与现有 .mrs 相同，未更新：./LeJu/LeJu_OCD_Domain.mrs (md5 e8d2326ad8ce1a9a1de4ca9b92062992)
[2025-09-13 06:34:46] 转换无变化，已删除 per-log：./LeJu/LeJu_OCD_Domain.mrs.log
[2025-09-13 06:34:46] 开始转换：./Notion/Notion_OCD_Domain.yaml -> ./Notion/Notion_OCD_Domain.mrs （临时 ./Notion/Notion_OCD_Domain.mrs.tmp），之前 md5=03d4ba1b04f64d1e3d6f9b67a8396320
[2025-09-13 06:34:46] ℹ️ 转换结果与现有 .mrs 相同，未更新：./Notion/Notion_OCD_Domain.mrs (md5 03d4ba1b04f64d1e3d6f9b67a8396320)
[2025-09-13 06:34:46] 转换无变化，已删除 per-log：./Notion/Notion_OCD_Domain.mrs.log
[2025-09-13 06:34:46] 开始转换：./Notion/Notion_OCD_IP.yaml -> ./Notion/Notion_OCD_IP.mrs （临时 ./Notion/Notion_OCD_IP.mrs.tmp），之前 md5=3ae941e2c1937537ba5a07c4ac01521a
[2025-09-13 06:34:46] ℹ️ 转换结果与现有 .mrs 相同，未更新：./Notion/Notion_OCD_IP.mrs (md5 3ae941e2c1937537ba5a07c4ac01521a)
[2025-09-13 06:34:46] 转换无变化，已删除 per-log：./Notion/Notion_OCD_IP.mrs.log
[2025-09-13 06:34:46] 开始转换：./PingAn/PingAn_OCD_IP.yaml -> ./PingAn/PingAn_OCD_IP.mrs （临时 ./PingAn/PingAn_OCD_IP.mrs.tmp），之前 md5=3ae941e2c1937537ba5a07c4ac01521a
[2025-09-13 06:34:46] ℹ️ 转换结果与现有 .mrs 相同，未更新：./PingAn/PingAn_OCD_IP.mrs (md5 3ae941e2c1937537ba5a07c4ac01521a)
[2025-09-13 06:34:46] 转换无变化，已删除 per-log：./PingAn/PingAn_OCD_IP.mrs.log
[2025-09-13 06:34:46] 开始转换：./PingAn/PingAn_OCD_Domain.yaml -> ./PingAn/PingAn_OCD_Domain.mrs （临时 ./PingAn/PingAn_OCD_Domain.mrs.tmp），之前 md5=797522735149890abc7ab754fb17616a
[2025-09-13 06:34:46] ℹ️ 转换结果与现有 .mrs 相同，未更新：./PingAn/PingAn_OCD_Domain.mrs (md5 797522735149890abc7ab754fb17616a)
[2025-09-13 06:34:46] 转换无变化，已删除 per-log：./PingAn/PingAn_OCD_Domain.mrs.log
[2025-09-13 06:34:46] 开始转换：./MOMOShop/MOMOShop_OCD_IP.yaml -> ./MOMOShop/MOMOShop_OCD_IP.mrs （临时 ./MOMOShop/MOMOShop_OCD_IP.mrs.tmp），之前 md5=3ae941e2c1937537ba5a07c4ac01521a
[2025-09-13 06:34:46] ℹ️ 转换结果与现有 .mrs 相同，未更新：./MOMOShop/MOMOShop_OCD_IP.mrs (md5 3ae941e2c1937537ba5a07c4ac01521a)
[2025-09-13 06:34:46] 转换无变化，已删除 per-log：./MOMOShop/MOMOShop_OCD_IP.mrs.log
[2025-09-13 06:34:46] 开始转换：./MOMOShop/MOMOShop_OCD_Domain.yaml -> ./MOMOShop/MOMOShop_OCD_Domain.mrs （临时 ./MOMOShop/MOMOShop_OCD_Domain.mrs.tmp），之前 md5=09137e1499bdedef93dd9692650df03f
[2025-09-13 06:34:46] ℹ️ 转换结果与现有 .mrs 相同，未更新：./MOMOShop/MOMOShop_OCD_Domain.mrs (md5 09137e1499bdedef93dd9692650df03f)
[2025-09-13 06:34:46] 转换无变化，已删除 per-log：./MOMOShop/MOMOShop_OCD_Domain.mrs.log
[2025-09-13 06:34:46] 开始转换：./SystemOTA/SystemOTA_OCD_Domain.yaml -> ./SystemOTA/SystemOTA_OCD_Domain.mrs （临时 ./SystemOTA/SystemOTA_OCD_Domain.mrs.tmp），之前 md5=e6221008b3a4c26b9b80096c27d88172
[2025-09-13 06:34:46] ℹ️ 转换结果与现有 .mrs 相同，未更新：./SystemOTA/SystemOTA_OCD_Domain.mrs (md5 e6221008b3a4c26b9b80096c27d88172)
[2025-09-13 06:34:46] 转换无变化，已删除 per-log：./SystemOTA/SystemOTA_OCD_Domain.mrs.log
[2025-09-13 06:34:46] 开始转换：./SystemOTA/SystemOTA_OCD_IP.yaml -> ./SystemOTA/SystemOTA_OCD_IP.mrs （临时 ./SystemOTA/SystemOTA_OCD_IP.mrs.tmp），之前 md5=3ae941e2c1937537ba5a07c4ac01521a
[2025-09-13 06:34:46] ℹ️ 转换结果与现有 .mrs 相同，未更新：./SystemOTA/SystemOTA_OCD_IP.mrs (md5 3ae941e2c1937537ba5a07c4ac01521a)
[2025-09-13 06:34:46] 转换无变化，已删除 per-log：./SystemOTA/SystemOTA_OCD_IP.mrs.log
[2025-09-13 06:34:46] 开始转换：./AOL/AOL_OCD_Domain.yaml -> ./AOL/AOL_OCD_Domain.mrs （临时 ./AOL/AOL_OCD_Domain.mrs.tmp），之前 md5=3b3f1f7f95bb68036c502cce34579314
[2025-09-13 06:34:46] ℹ️ 转换结果与现有 .mrs 相同，未更新：./AOL/AOL_OCD_Domain.mrs (md5 3b3f1f7f95bb68036c502cce34579314)
[2025-09-13 06:34:46] 转换无变化，已删除 per-log：./AOL/AOL_OCD_Domain.mrs.log
[2025-09-13 06:34:46] 开始转换：./AOL/AOL_OCD_IP.yaml -> ./AOL/AOL_OCD_IP.mrs （临时 ./AOL/AOL_OCD_IP.mrs.tmp），之前 md5=3ae941e2c1937537ba5a07c4ac01521a
[2025-09-13 06:34:46] ℹ️ 转换结果与现有 .mrs 相同，未更新：./AOL/AOL_OCD_IP.mrs (md5 3ae941e2c1937537ba5a07c4ac01521a)
[2025-09-13 06:34:46] 转换无变化，已删除 per-log：./AOL/AOL_OCD_IP.mrs.log
[2025-09-13 06:34:46] 开始转换：./ZhihuAds/ZhihuAds_OCD_IP.yaml -> ./ZhihuAds/ZhihuAds_OCD_IP.mrs （临时 ./ZhihuAds/ZhihuAds_OCD_IP.mrs.tmp），之前 md5=a56e47d7ee522d2de90fcd0894625133
[2025-09-13 06:34:46] ℹ️ 转换结果与现有 .mrs 相同，未更新：./ZhihuAds/ZhihuAds_OCD_IP.mrs (md5 a56e47d7ee522d2de90fcd0894625133)
[2025-09-13 06:34:46] 转换无变化，已删除 per-log：./ZhihuAds/ZhihuAds_OCD_IP.mrs.log
[2025-09-13 06:34:46] 开始转换：./ZhihuAds/ZhihuAds_OCD_Domain.yaml -> ./ZhihuAds/ZhihuAds_OCD_Domain.mrs （临时 ./ZhihuAds/ZhihuAds_OCD_Domain.mrs.tmp），之前 md5=37baec845ca37852b55dfe096b8c650c
[2025-09-13 06:34:46] ℹ️ 转换结果与现有 .mrs 相同，未更新：./ZhihuAds/ZhihuAds_OCD_Domain.mrs (md5 37baec845ca37852b55dfe096b8c650c)
[2025-09-13 06:34:46] 转换无变化，已删除 per-log：./ZhihuAds/ZhihuAds_OCD_Domain.mrs.log
[2025-09-13 06:34:46] 开始转换：./Figma/Figma_OCD_IP.yaml -> ./Figma/Figma_OCD_IP.mrs （临时 ./Figma/Figma_OCD_IP.mrs.tmp），之前 md5=3ae941e2c1937537ba5a07c4ac01521a
[2025-09-13 06:34:46] ℹ️ 转换结果与现有 .mrs 相同，未更新：./Figma/Figma_OCD_IP.mrs (md5 3ae941e2c1937537ba5a07c4ac01521a)
[2025-09-13 06:34:46] 转换无变化，已删除 per-log：./Figma/Figma_OCD_IP.mrs.log
[2025-09-13 06:34:46] 开始转换：./Figma/Figma_OCD_Domain.yaml -> ./Figma/Figma_OCD_Domain.mrs （临时 ./Figma/Figma_OCD_Domain.mrs.tmp），之前 md5=67ae26378b603fd196e21516b7d2786d
[2025-09-13 06:34:46] ℹ️ 转换结果与现有 .mrs 相同，未更新：./Figma/Figma_OCD_Domain.mrs (md5 67ae26378b603fd196e21516b7d2786d)
[2025-09-13 06:34:46] 转换无变化，已删除 per-log：./Figma/Figma_OCD_Domain.mrs.log
[2025-09-13 06:34:46] 开始转换：./HeMa/HeMa_OCD_IP.yaml -> ./HeMa/HeMa_OCD_IP.mrs （临时 ./HeMa/HeMa_OCD_IP.mrs.tmp），之前 md5=3ae941e2c1937537ba5a07c4ac01521a
[2025-09-13 06:34:46] ℹ️ 转换结果与现有 .mrs 相同，未更新：./HeMa/HeMa_OCD_IP.mrs (md5 3ae941e2c1937537ba5a07c4ac01521a)
[2025-09-13 06:34:46] 转换无变化，已删除 per-log：./HeMa/HeMa_OCD_IP.mrs.log
[2025-09-13 06:34:46] 开始转换：./HeMa/HeMa_OCD_Domain.yaml -> ./HeMa/HeMa_OCD_Domain.mrs （临时 ./HeMa/HeMa_OCD_Domain.mrs.tmp），之前 md5=44e7a75ea0eba4f99875028315f76a0f
[2025-09-13 06:34:46] ℹ️ 转换结果与现有 .mrs 相同，未更新：./HeMa/HeMa_OCD_Domain.mrs (md5 44e7a75ea0eba4f99875028315f76a0f)
[2025-09-13 06:34:46] 转换无变化，已删除 per-log：./HeMa/HeMa_OCD_Domain.mrs.log
[2025-09-13 06:34:46] 开始转换：./Collabora/Collabora_OCD_Domain.yaml -> ./Collabora/Collabora_OCD_Domain.mrs （临时 ./Collabora/Collabora_OCD_Domain.mrs.tmp），之前 md5=e3db0e0efc14ea802d5f77dcd434859a
[2025-09-13 06:34:46] ℹ️ 转换结果与现有 .mrs 相同，未更新：./Collabora/Collabora_OCD_Domain.mrs (md5 e3db0e0efc14ea802d5f77dcd434859a)
[2025-09-13 06:34:46] 转换无变化，已删除 per-log：./Collabora/Collabora_OCD_Domain.mrs.log
[2025-09-13 06:34:46] 开始转换：./Collabora/Collabora_OCD_IP.yaml -> ./Collabora/Collabora_OCD_IP.mrs （临时 ./Collabora/Collabora_OCD_IP.mrs.tmp），之前 md5=3ae941e2c1937537ba5a07c4ac01521a
[2025-09-13 06:34:46] ℹ️ 转换结果与现有 .mrs 相同，未更新：./Collabora/Collabora_OCD_IP.mrs (md5 3ae941e2c1937537ba5a07c4ac01521a)
[2025-09-13 06:34:46] 转换无变化，已删除 per-log：./Collabora/Collabora_OCD_IP.mrs.log
[2025-09-13 06:34:46] 开始转换：./XueErSi/XueErSi_OCD_Domain.yaml -> ./XueErSi/XueErSi_OCD_Domain.mrs （临时 ./XueErSi/XueErSi_OCD_Domain.mrs.tmp），之前 md5=1936f91adf28098110139badbe8a37e3
[2025-09-13 06:34:46] ℹ️ 转换结果与现有 .mrs 相同，未更新：./XueErSi/XueErSi_OCD_Domain.mrs (md5 1936f91adf28098110139badbe8a37e3)
[2025-09-13 06:34:46] 转换无变化，已删除 per-log：./XueErSi/XueErSi_OCD_Domain.mrs.log
[2025-09-13 06:34:46] 开始转换：./XueErSi/XueErSi_OCD_IP.yaml -> ./XueErSi/XueErSi_OCD_IP.mrs （临时 ./XueErSi/XueErSi_OCD_IP.mrs.tmp），之前 md5=3ae941e2c1937537ba5a07c4ac01521a
[2025-09-13 06:34:47] ℹ️ 转换结果与现有 .mrs 相同，未更新：./XueErSi/XueErSi_OCD_IP.mrs (md5 3ae941e2c1937537ba5a07c4ac01521a)
[2025-09-13 06:34:47] 转换无变化，已删除 per-log：./XueErSi/XueErSi_OCD_IP.mrs.log
[2025-09-13 06:34:47] 开始转换：./ZhongGuoShiHua/ZhongGuoShiHua_OCD_IP.yaml -> ./ZhongGuoShiHua/ZhongGuoShiHua_OCD_IP.mrs （临时 ./ZhongGuoShiHua/ZhongGuoShiHua_OCD_IP.mrs.tmp），之前 md5=3ae941e2c1937537ba5a07c4ac01521a
[2025-09-13 06:34:47] ℹ️ 转换结果与现有 .mrs 相同，未更新：./ZhongGuoShiHua/ZhongGuoShiHua_OCD_IP.mrs (md5 3ae941e2c1937537ba5a07c4ac01521a)
[2025-09-13 06:34:47] 转换无变化，已删除 per-log：./ZhongGuoShiHua/ZhongGuoShiHua_OCD_IP.mrs.log
[2025-09-13 06:34:47] 开始转换：./ZhongGuoShiHua/ZhongGuoShiHua_OCD_Domain.yaml -> ./ZhongGuoShiHua/ZhongGuoShiHua_OCD_Domain.mrs （临时 ./ZhongGuoShiHua/ZhongGuoShiHua_OCD_Domain.mrs.tmp），之前 md5=871d01b3c19332d354a6104bcc61970e
[2025-09-13 06:34:47] ℹ️ 转换结果与现有 .mrs 相同，未更新：./ZhongGuoShiHua/ZhongGuoShiHua_OCD_Domain.mrs (md5 871d01b3c19332d354a6104bcc61970e)
[2025-09-13 06:34:47] 转换无变化，已删除 per-log：./ZhongGuoShiHua/ZhongGuoShiHua_OCD_Domain.mrs.log
[2025-09-13 06:34:47] 开始转换：./4399/4399_OCD_Domain.yaml -> ./4399/4399_OCD_Domain.mrs （临时 ./4399/4399_OCD_Domain.mrs.tmp），之前 md5=b5189aa1110b223feafe586d0d7a4ca7
[2025-09-13 06:34:47] ℹ️ 转换结果与现有 .mrs 相同，未更新：./4399/4399_OCD_Domain.mrs (md5 b5189aa1110b223feafe586d0d7a4ca7)
[2025-09-13 06:34:47] 转换无变化，已删除 per-log：./4399/4399_OCD_Domain.mrs.log
[2025-09-13 06:34:47] 开始转换：./4399/4399_OCD_IP.yaml -> ./4399/4399_OCD_IP.mrs （临时 ./4399/4399_OCD_IP.mrs.tmp），之前 md5=3ae941e2c1937537ba5a07c4ac01521a
[2025-09-13 06:34:47] ℹ️ 转换结果与现有 .mrs 相同，未更新：./4399/4399_OCD_IP.mrs (md5 3ae941e2c1937537ba5a07c4ac01521a)
[2025-09-13 06:34:47] 转换无变化，已删除 per-log：./4399/4399_OCD_IP.mrs.log
[2025-09-13 06:34:47] 开始转换：./Synology/Synology_OCD_Domain.yaml -> ./Synology/Synology_OCD_Domain.mrs （临时 ./Synology/Synology_OCD_Domain.mrs.tmp），之前 md5=b43c0f0a69ae97ecb47070b9c032934d
[2025-09-13 06:34:47] ℹ️ 转换结果与现有 .mrs 相同，未更新：./Synology/Synology_OCD_Domain.mrs (md5 b43c0f0a69ae97ecb47070b9c032934d)
[2025-09-13 06:34:47] 转换无变化，已删除 per-log：./Synology/Synology_OCD_Domain.mrs.log
[2025-09-13 06:34:47] 开始转换：./Synology/Synology_OCD_IP.yaml -> ./Synology/Synology_OCD_IP.mrs （临时 ./Synology/Synology_OCD_IP.mrs.tmp），之前 md5=3ae941e2c1937537ba5a07c4ac01521a
[2025-09-13 06:34:47] ℹ️ 转换结果与现有 .mrs 相同，未更新：./Synology/Synology_OCD_IP.mrs (md5 3ae941e2c1937537ba5a07c4ac01521a)
[2025-09-13 06:34:47] 转换无变化，已删除 per-log：./Synology/Synology_OCD_IP.mrs.log
[2025-09-13 06:34:47] 开始转换：./iQIYI/iQIYI_OCD_IP.yaml -> ./iQIYI/iQIYI_OCD_IP.mrs （临时 ./iQIYI/iQIYI_OCD_IP.mrs.tmp），之前 md5=b67a9b8cf594a52acd31ad504f61262c
[2025-09-13 06:34:47] ℹ️ 转换结果与现有 .mrs 相同，未更新：./iQIYI/iQIYI_OCD_IP.mrs (md5 b67a9b8cf594a52acd31ad504f61262c)
[2025-09-13 06:34:47] 转换无变化，已删除 per-log：./iQIYI/iQIYI_OCD_IP.mrs.log
[2025-09-13 06:34:47] 开始转换：./iQIYI/iQIYI_OCD_Domain.yaml -> ./iQIYI/iQIYI_OCD_Domain.mrs （临时 ./iQIYI/iQIYI_OCD_Domain.mrs.tmp），之前 md5=f355a148312e983700dec4ef0b672038
[2025-09-13 06:34:47] ℹ️ 转换结果与现有 .mrs 相同，未更新：./iQIYI/iQIYI_OCD_Domain.mrs (md5 f355a148312e983700dec4ef0b672038)
[2025-09-13 06:34:47] 转换无变化，已删除 per-log：./iQIYI/iQIYI_OCD_Domain.mrs.log
[2025-09-13 06:34:47] 开始转换：./Threads/Threads_OCD_IP.yaml -> ./Threads/Threads_OCD_IP.mrs （临时 ./Threads/Threads_OCD_IP.mrs.tmp），之前 md5=3ae941e2c1937537ba5a07c4ac01521a
[2025-09-13 06:34:47] ℹ️ 转换结果与现有 .mrs 相同，未更新：./Threads/Threads_OCD_IP.mrs (md5 3ae941e2c1937537ba5a07c4ac01521a)
[2025-09-13 06:34:47] 转换无变化，已删除 per-log：./Threads/Threads_OCD_IP.mrs.log
[2025-09-13 06:34:47] 开始转换：./Threads/Threads_OCD_Domain.yaml -> ./Threads/Threads_OCD_Domain.mrs （临时 ./Threads/Threads_OCD_Domain.mrs.tmp），之前 md5=8fe3183973004781fdb4a3fc93066371
[2025-09-13 06:34:47] ℹ️ 转换结果与现有 .mrs 相同，未更新：./Threads/Threads_OCD_Domain.mrs (md5 8fe3183973004781fdb4a3fc93066371)
[2025-09-13 06:34:47] 转换无变化，已删除 per-log：./Threads/Threads_OCD_Domain.mrs.log
[2025-09-13 06:34:47] 开始转换：./Embl/Embl_OCD_IP.yaml -> ./Embl/Embl_OCD_IP.mrs （临时 ./Embl/Embl_OCD_IP.mrs.tmp），之前 md5=3ae941e2c1937537ba5a07c4ac01521a
[2025-09-13 06:34:47] ℹ️ 转换结果与现有 .mrs 相同，未更新：./Embl/Embl_OCD_IP.mrs (md5 3ae941e2c1937537ba5a07c4ac01521a)
[2025-09-13 06:34:47] 转换无变化，已删除 per-log：./Embl/Embl_OCD_IP.mrs.log
[2025-09-13 06:34:47] 开始转换：./Embl/Embl_OCD_Domain.yaml -> ./Embl/Embl_OCD_Domain.mrs （临时 ./Embl/Embl_OCD_Domain.mrs.tmp），之前 md5=a39137fb78e712f8d831d4c5f1198009
[2025-09-13 06:34:47] ℹ️ 转换结果与现有 .mrs 相同，未更新：./Embl/Embl_OCD_Domain.mrs (md5 a39137fb78e712f8d831d4c5f1198009)
[2025-09-13 06:34:47] 转换无变化，已删除 per-log：./Embl/Embl_OCD_Domain.mrs.log
[2025-09-13 06:34:47] 开始转换：./Dell/Dell_OCD_Domain.yaml -> ./Dell/Dell_OCD_Domain.mrs （临时 ./Dell/Dell_OCD_Domain.mrs.tmp），之前 md5=ee56a52a0bd433fabb28e5c0b849c4ff
[2025-09-13 06:34:47] ℹ️ 转换结果与现有 .mrs 相同，未更新：./Dell/Dell_OCD_Domain.mrs (md5 ee56a52a0bd433fabb28e5c0b849c4ff)
[2025-09-13 06:34:47] 转换无变化，已删除 per-log：./Dell/Dell_OCD_Domain.mrs.log
[2025-09-13 06:34:47] 开始转换：./Dell/Dell_OCD_IP.yaml -> ./Dell/Dell_OCD_IP.mrs （临时 ./Dell/Dell_OCD_IP.mrs.tmp），之前 md5=3ae941e2c1937537ba5a07c4ac01521a
[2025-09-13 06:34:47] ℹ️ 转换结果与现有 .mrs 相同，未更新：./Dell/Dell_OCD_IP.mrs (md5 3ae941e2c1937537ba5a07c4ac01521a)
[2025-09-13 06:34:47] 转换无变化，已删除 per-log：./Dell/Dell_OCD_IP.mrs.log
[2025-09-13 06:34:47] 开始转换：./Jwplayer/Jwplayer_OCD_Domain.yaml -> ./Jwplayer/Jwplayer_OCD_Domain.mrs （临时 ./Jwplayer/Jwplayer_OCD_Domain.mrs.tmp），之前 md5=0e4831901fd0dd7630a5be6e40140f19
[2025-09-13 06:34:47] ℹ️ 转换结果与现有 .mrs 相同，未更新：./Jwplayer/Jwplayer_OCD_Domain.mrs (md5 0e4831901fd0dd7630a5be6e40140f19)
[2025-09-13 06:34:47] 转换无变化，已删除 per-log：./Jwplayer/Jwplayer_OCD_Domain.mrs.log
[2025-09-13 06:34:47] 开始转换：./Jwplayer/Jwplayer_OCD_IP.yaml -> ./Jwplayer/Jwplayer_OCD_IP.mrs （临时 ./Jwplayer/Jwplayer_OCD_IP.mrs.tmp），之前 md5=3ae941e2c1937537ba5a07c4ac01521a
[2025-09-13 06:34:47] ℹ️ 转换结果与现有 .mrs 相同，未更新：./Jwplayer/Jwplayer_OCD_IP.mrs (md5 3ae941e2c1937537ba5a07c4ac01521a)
[2025-09-13 06:34:47] 转换无变化，已删除 per-log：./Jwplayer/Jwplayer_OCD_IP.mrs.log
[2025-09-13 06:34:47] 开始转换：./Pandora/Pandora_OCD_IP.yaml -> ./Pandora/Pandora_OCD_IP.mrs （临时 ./Pandora/Pandora_OCD_IP.mrs.tmp），之前 md5=3ae941e2c1937537ba5a07c4ac01521a
[2025-09-13 06:34:47] ℹ️ 转换结果与现有 .mrs 相同，未更新：./Pandora/Pandora_OCD_IP.mrs (md5 3ae941e2c1937537ba5a07c4ac01521a)
[2025-09-13 06:34:47] 转换无变化，已删除 per-log：./Pandora/Pandora_OCD_IP.mrs.log
[2025-09-13 06:34:47] 开始转换：./Pandora/Pandora_OCD_Domain.yaml -> ./Pandora/Pandora_OCD_Domain.mrs （临时 ./Pandora/Pandora_OCD_Domain.mrs.tmp），之前 md5=703fad2f1309299c5ae097a8073e0dfe
[2025-09-13 06:34:47] ℹ️ 转换结果与现有 .mrs 相同，未更新：./Pandora/Pandora_OCD_Domain.mrs (md5 703fad2f1309299c5ae097a8073e0dfe)
[2025-09-13 06:34:47] 转换无变化，已删除 per-log：./Pandora/Pandora_OCD_Domain.mrs.log
[2025-09-13 06:34:47] 开始转换：./AirChina/AirChina_OCD_IP.yaml -> ./AirChina/AirChina_OCD_IP.mrs （临时 ./AirChina/AirChina_OCD_IP.mrs.tmp），之前 md5=3ae941e2c1937537ba5a07c4ac01521a
[2025-09-13 06:34:47] ℹ️ 转换结果与现有 .mrs 相同，未更新：./AirChina/AirChina_OCD_IP.mrs (md5 3ae941e2c1937537ba5a07c4ac01521a)
[2025-09-13 06:34:47] 转换无变化，已删除 per-log：./AirChina/AirChina_OCD_IP.mrs.log
[2025-09-13 06:34:47] 开始转换：./AirChina/AirChina_OCD_Domain.yaml -> ./AirChina/AirChina_OCD_Domain.mrs （临时 ./AirChina/AirChina_OCD_Domain.mrs.tmp），之前 md5=4a8fa75d8e1c722fd46aa55e00e8bc90
[2025-09-13 06:34:47] ℹ️ 转换结果与现有 .mrs 相同，未更新：./AirChina/AirChina_OCD_Domain.mrs (md5 4a8fa75d8e1c722fd46aa55e00e8bc90)
[2025-09-13 06:34:47] 转换无变化，已删除 per-log：./AirChina/AirChina_OCD_Domain.mrs.log
[2025-09-13 06:34:47] 开始转换：./Discord/Discord_OCD_Domain.yaml -> ./Discord/Discord_OCD_Domain.mrs （临时 ./Discord/Discord_OCD_Domain.mrs.tmp），之前 md5=999f7faf74b33e2a9bb1b79575880630
[2025-09-13 06:34:47] ℹ️ 转换结果与现有 .mrs 相同，未更新：./Discord/Discord_OCD_Domain.mrs (md5 999f7faf74b33e2a9bb1b79575880630)
[2025-09-13 06:34:47] 转换无变化，已删除 per-log：./Discord/Discord_OCD_Domain.mrs.log
[2025-09-13 06:34:47] 开始转换：./Discord/Discord_OCD_IP.yaml -> ./Discord/Discord_OCD_IP.mrs （临时 ./Discord/Discord_OCD_IP.mrs.tmp），之前 md5=3ae941e2c1937537ba5a07c4ac01521a
[2025-09-13 06:34:47] ℹ️ 转换结果与现有 .mrs 相同，未更新：./Discord/Discord_OCD_IP.mrs (md5 3ae941e2c1937537ba5a07c4ac01521a)
[2025-09-13 06:34:47] 转换无变化，已删除 per-log：./Discord/Discord_OCD_IP.mrs.log
[2025-09-13 06:34:47] 开始转换：./DigitalOcean/DigitalOcean_OCD_IP.yaml -> ./DigitalOcean/DigitalOcean_OCD_IP.mrs （临时 ./DigitalOcean/DigitalOcean_OCD_IP.mrs.tmp），之前 md5=3ae941e2c1937537ba5a07c4ac01521a
[2025-09-13 06:34:47] ℹ️ 转换结果与现有 .mrs 相同，未更新：./DigitalOcean/DigitalOcean_OCD_IP.mrs (md5 3ae941e2c1937537ba5a07c4ac01521a)
[2025-09-13 06:34:47] 转换无变化，已删除 per-log：./DigitalOcean/DigitalOcean_OCD_IP.mrs.log
[2025-09-13 06:34:47] 开始转换：./DigitalOcean/DigitalOcean_OCD_Domain.yaml -> ./DigitalOcean/DigitalOcean_OCD_Domain.mrs （临时 ./DigitalOcean/DigitalOcean_OCD_Domain.mrs.tmp），之前 md5=a059c81812fe56ec1da6580a2d035f3a
[2025-09-13 06:34:47] ℹ️ 转换结果与现有 .mrs 相同，未更新：./DigitalOcean/DigitalOcean_OCD_Domain.mrs (md5 a059c81812fe56ec1da6580a2d035f3a)
[2025-09-13 06:34:47] 转换无变化，已删除 per-log：./DigitalOcean/DigitalOcean_OCD_Domain.mrs.log
[2025-09-13 06:34:47] 开始转换：./AMP/AMP_OCD_Domain.yaml -> ./AMP/AMP_OCD_Domain.mrs （临时 ./AMP/AMP_OCD_Domain.mrs.tmp），之前 md5=4b1ad92cff57853d4ec47b322c84c925
[2025-09-13 06:34:47] ℹ️ 转换结果与现有 .mrs 相同，未更新：./AMP/AMP_OCD_Domain.mrs (md5 4b1ad92cff57853d4ec47b322c84c925)
[2025-09-13 06:34:47] 转换无变化，已删除 per-log：./AMP/AMP_OCD_Domain.mrs.log
[2025-09-13 06:34:47] 开始转换：./AMP/AMP_OCD_IP.yaml -> ./AMP/AMP_OCD_IP.mrs （临时 ./AMP/AMP_OCD_IP.mrs.tmp），之前 md5=3ae941e2c1937537ba5a07c4ac01521a
[2025-09-13 06:34:47] ℹ️ 转换结果与现有 .mrs 相同，未更新：./AMP/AMP_OCD_IP.mrs (md5 3ae941e2c1937537ba5a07c4ac01521a)
[2025-09-13 06:34:47] 转换无变化，已删除 per-log：./AMP/AMP_OCD_IP.mrs.log
[2025-09-13 06:34:47] 开始转换：./JinJiangWenXue/JinJiangWenXue_OCD_IP.yaml -> ./JinJiangWenXue/JinJiangWenXue_OCD_IP.mrs （临时 ./JinJiangWenXue/JinJiangWenXue_OCD_IP.mrs.tmp），之前 md5=3ae941e2c1937537ba5a07c4ac01521a
[2025-09-13 06:34:47] ℹ️ 转换结果与现有 .mrs 相同，未更新：./JinJiangWenXue/JinJiangWenXue_OCD_IP.mrs (md5 3ae941e2c1937537ba5a07c4ac01521a)
[2025-09-13 06:34:47] 转换无变化，已删除 per-log：./JinJiangWenXue/JinJiangWenXue_OCD_IP.mrs.log
[2025-09-13 06:34:47] 开始转换：./JinJiangWenXue/JinJiangWenXue_OCD_Domain.yaml -> ./JinJiangWenXue/JinJiangWenXue_OCD_Domain.mrs （临时 ./JinJiangWenXue/JinJiangWenXue_OCD_Domain.mrs.tmp），之前 md5=239c8058629e9b1aa2582d78e1851944
[2025-09-13 06:34:47] ℹ️ 转换结果与现有 .mrs 相同，未更新：./JinJiangWenXue/JinJiangWenXue_OCD_Domain.mrs (md5 239c8058629e9b1aa2582d78e1851944)
[2025-09-13 06:34:47] 转换无变化，已删除 per-log：./JinJiangWenXue/JinJiangWenXue_OCD_Domain.mrs.log
[2025-09-13 06:34:47] 开始转换：./Abema/Abema_OCD_IP.yaml -> ./Abema/Abema_OCD_IP.mrs （临时 ./Abema/Abema_OCD_IP.mrs.tmp），之前 md5=3ae941e2c1937537ba5a07c4ac01521a
[2025-09-13 06:34:47] ℹ️ 转换结果与现有 .mrs 相同，未更新：./Abema/Abema_OCD_IP.mrs (md5 3ae941e2c1937537ba5a07c4ac01521a)
[2025-09-13 06:34:47] 转换无变化，已删除 per-log：./Abema/Abema_OCD_IP.mrs.log
[2025-09-13 06:34:47] 开始转换：./Abema/Abema_OCD_Domain.yaml -> ./Abema/Abema_OCD_Domain.mrs （临时 ./Abema/Abema_OCD_Domain.mrs.tmp），之前 md5=71058a74e854d7c34622a1f9324e5dcf
[2025-09-13 06:34:47] ℹ️ 转换结果与现有 .mrs 相同，未更新：./Abema/Abema_OCD_Domain.mrs (md5 71058a74e854d7c34622a1f9324e5dcf)
[2025-09-13 06:34:47] 转换无变化，已删除 per-log：./Abema/Abema_OCD_Domain.mrs.log
[2025-09-13 06:34:47] 开始转换：./Deepin/Deepin_OCD_Domain.yaml -> ./Deepin/Deepin_OCD_Domain.mrs （临时 ./Deepin/Deepin_OCD_Domain.mrs.tmp），之前 md5=fdbd38739a75b18724ff4be84bc4c88f
[2025-09-13 06:34:47] ℹ️ 转换结果与现有 .mrs 相同，未更新：./Deepin/Deepin_OCD_Domain.mrs (md5 fdbd38739a75b18724ff4be84bc4c88f)
[2025-09-13 06:34:47] 转换无变化，已删除 per-log：./Deepin/Deepin_OCD_Domain.mrs.log
[2025-09-13 06:34:47] 开始转换：./Deepin/Deepin_OCD_IP.yaml -> ./Deepin/Deepin_OCD_IP.mrs （临时 ./Deepin/Deepin_OCD_IP.mrs.tmp），之前 md5=3ae941e2c1937537ba5a07c4ac01521a
[2025-09-13 06:34:47] ℹ️ 转换结果与现有 .mrs 相同，未更新：./Deepin/Deepin_OCD_IP.mrs (md5 3ae941e2c1937537ba5a07c4ac01521a)
[2025-09-13 06:34:47] 转换无变化，已删除 per-log：./Deepin/Deepin_OCD_IP.mrs.log
[2025-09-13 06:34:47] 开始转换：./Vivo/Vivo_OCD_IP.yaml -> ./Vivo/Vivo_OCD_IP.mrs （临时 ./Vivo/Vivo_OCD_IP.mrs.tmp），之前 md5=3ae941e2c1937537ba5a07c4ac01521a
[2025-09-13 06:34:47] ℹ️ 转换结果与现有 .mrs 相同，未更新：./Vivo/Vivo_OCD_IP.mrs (md5 3ae941e2c1937537ba5a07c4ac01521a)
[2025-09-13 06:34:47] 转换无变化，已删除 per-log：./Vivo/Vivo_OCD_IP.mrs.log
[2025-09-13 06:34:47] 开始转换：./Vivo/Vivo_OCD_Domain.yaml -> ./Vivo/Vivo_OCD_Domain.mrs （临时 ./Vivo/Vivo_OCD_Domain.mrs.tmp），之前 md5=8b97fceaef6091fef98c585295c82290
[2025-09-13 06:34:47] ℹ️ 转换结果与现有 .mrs 相同，未更新：./Vivo/Vivo_OCD_Domain.mrs (md5 8b97fceaef6091fef98c585295c82290)
[2025-09-13 06:34:47] 转换无变化，已删除 per-log：./Vivo/Vivo_OCD_Domain.mrs.log
[2025-09-13 06:34:47] 开始转换：./BaiShanYunKeJi/BaiShanYunKeJi_OCD_IP.yaml -> ./BaiShanYunKeJi/BaiShanYunKeJi_OCD_IP.mrs （临时 ./BaiShanYunKeJi/BaiShanYunKeJi_OCD_IP.mrs.tmp），之前 md5=3ae941e2c1937537ba5a07c4ac01521a
[2025-09-13 06:34:47] ℹ️ 转换结果与现有 .mrs 相同，未更新：./BaiShanYunKeJi/BaiShanYunKeJi_OCD_IP.mrs (md5 3ae941e2c1937537ba5a07c4ac01521a)
[2025-09-13 06:34:47] 转换无变化，已删除 per-log：./BaiShanYunKeJi/BaiShanYunKeJi_OCD_IP.mrs.log
[2025-09-13 06:34:48] 开始转换：./BaiShanYunKeJi/BaiShanYunKeJi_OCD_Domain.yaml -> ./BaiShanYunKeJi/BaiShanYunKeJi_OCD_Domain.mrs （临时 ./BaiShanYunKeJi/BaiShanYunKeJi_OCD_Domain.mrs.tmp），之前 md5=e47d2d6697bdfeb0dd656b885fa9e19f
[2025-09-13 06:34:48] ℹ️ 转换结果与现有 .mrs 相同，未更新：./BaiShanYunKeJi/BaiShanYunKeJi_OCD_Domain.mrs (md5 e47d2d6697bdfeb0dd656b885fa9e19f)
[2025-09-13 06:34:48] 转换无变化，已删除 per-log：./BaiShanYunKeJi/BaiShanYunKeJi_OCD_Domain.mrs.log
[2025-09-13 06:34:48] 开始转换：./ChinaMax/ChinaMax_OCD_IP.yaml -> ./ChinaMax/ChinaMax_OCD_IP.mrs （临时 ./ChinaMax/ChinaMax_OCD_IP.mrs.tmp），之前 md5=56b7d087440481d23fec9a21c8cce41f
[2025-09-13 06:34:48] ℹ️ 转换结果与现有 .mrs 相同，未更新：./ChinaMax/ChinaMax_OCD_IP.mrs (md5 56b7d087440481d23fec9a21c8cce41f)
[2025-09-13 06:34:48] 转换无变化，已删除 per-log：./ChinaMax/ChinaMax_OCD_IP.mrs.log
[2025-09-13 06:34:48] 开始转换：./ChinaMax/ChinaMax_OCD_Domain.yaml -> ./ChinaMax/ChinaMax_OCD_Domain.mrs （临时 ./ChinaMax/ChinaMax_OCD_Domain.mrs.tmp），之前 md5=3a4a214941417ca6cb54ac692ad1d97a
[2025-09-13 06:34:49] ℹ️ 转换结果与现有 .mrs 相同，未更新：./ChinaMax/ChinaMax_OCD_Domain.mrs (md5 3a4a214941417ca6cb54ac692ad1d97a)
[2025-09-13 06:34:49] 转换无变化，已删除 per-log：./ChinaMax/ChinaMax_OCD_Domain.mrs.log
[2025-09-13 06:34:49] 开始转换：./Agora/Agora_OCD_IP.yaml -> ./Agora/Agora_OCD_IP.mrs （临时 ./Agora/Agora_OCD_IP.mrs.tmp），之前 md5=3ae941e2c1937537ba5a07c4ac01521a
[2025-09-13 06:34:49] ℹ️ 转换结果与现有 .mrs 相同，未更新：./Agora/Agora_OCD_IP.mrs (md5 3ae941e2c1937537ba5a07c4ac01521a)
[2025-09-13 06:34:49] 转换无变化，已删除 per-log：./Agora/Agora_OCD_IP.mrs.log
[2025-09-13 06:34:49] 开始转换：./Agora/Agora_OCD_Domain.yaml -> ./Agora/Agora_OCD_Domain.mrs （临时 ./Agora/Agora_OCD_Domain.mrs.tmp），之前 md5=f5df99f183a75a75191d515f67e4dd7e
[2025-09-13 06:34:49] ℹ️ 转换结果与现有 .mrs 相同，未更新：./Agora/Agora_OCD_Domain.mrs (md5 f5df99f183a75a75191d515f67e4dd7e)
[2025-09-13 06:34:49] 转换无变化，已删除 per-log：./Agora/Agora_OCD_Domain.mrs.log
[2025-09-13 06:34:49] 开始转换：./SMG/SMG_OCD_Domain.yaml -> ./SMG/SMG_OCD_Domain.mrs （临时 ./SMG/SMG_OCD_Domain.mrs.tmp），之前 md5=acbd85ebbe323f2b6b574a64d22ecf61
[2025-09-13 06:34:49] ℹ️ 转换结果与现有 .mrs 相同，未更新：./SMG/SMG_OCD_Domain.mrs (md5 acbd85ebbe323f2b6b574a64d22ecf61)
[2025-09-13 06:34:49] 转换无变化，已删除 per-log：./SMG/SMG_OCD_Domain.mrs.log
[2025-09-13 06:34:49] 开始转换：./SMG/SMG_OCD_IP.yaml -> ./SMG/SMG_OCD_IP.mrs （临时 ./SMG/SMG_OCD_IP.mrs.tmp），之前 md5=3ae941e2c1937537ba5a07c4ac01521a
[2025-09-13 06:34:49] ℹ️ 转换结果与现有 .mrs 相同，未更新：./SMG/SMG_OCD_IP.mrs (md5 3ae941e2c1937537ba5a07c4ac01521a)
[2025-09-13 06:34:49] 转换无变化，已删除 per-log：./SMG/SMG_OCD_IP.mrs.log
[2025-09-13 06:34:49] 开始转换：./Marketing/Marketing_OCD_IP.yaml -> ./Marketing/Marketing_OCD_IP.mrs （临时 ./Marketing/Marketing_OCD_IP.mrs.tmp），之前 md5=3ae941e2c1937537ba5a07c4ac01521a
[2025-09-13 06:34:49] ℹ️ 转换结果与现有 .mrs 相同，未更新：./Marketing/Marketing_OCD_IP.mrs (md5 3ae941e2c1937537ba5a07c4ac01521a)
[2025-09-13 06:34:49] 转换无变化，已删除 per-log：./Marketing/Marketing_OCD_IP.mrs.log
[2025-09-13 06:34:49] 开始转换：./Marketing/Marketing_OCD_Domain.yaml -> ./Marketing/Marketing_OCD_Domain.mrs （临时 ./Marketing/Marketing_OCD_Domain.mrs.tmp），之前 md5=ec33456a4d9ae8b99df07ca669340de2
[2025-09-13 06:34:49] ℹ️ 转换结果与现有 .mrs 相同，未更新：./Marketing/Marketing_OCD_Domain.mrs (md5 ec33456a4d9ae8b99df07ca669340de2)
[2025-09-13 06:34:49] 转换无变化，已删除 per-log：./Marketing/Marketing_OCD_Domain.mrs.log
[2025-09-13 06:34:49] 开始转换：./DiSiFanShi/DiSiFanShi_OCD_IP.yaml -> ./DiSiFanShi/DiSiFanShi_OCD_IP.mrs （临时 ./DiSiFanShi/DiSiFanShi_OCD_IP.mrs.tmp），之前 md5=3ae941e2c1937537ba5a07c4ac01521a
[2025-09-13 06:34:49] ℹ️ 转换结果与现有 .mrs 相同，未更新：./DiSiFanShi/DiSiFanShi_OCD_IP.mrs (md5 3ae941e2c1937537ba5a07c4ac01521a)
[2025-09-13 06:34:49] 转换无变化，已删除 per-log：./DiSiFanShi/DiSiFanShi_OCD_IP.mrs.log
[2025-09-13 06:34:49] 开始转换：./DiSiFanShi/DiSiFanShi_OCD_Domain.yaml -> ./DiSiFanShi/DiSiFanShi_OCD_Domain.mrs （临时 ./DiSiFanShi/DiSiFanShi_OCD_Domain.mrs.tmp），之前 md5=034a869c6114351cad374d46e32612d3
[2025-09-13 06:34:49] ℹ️ 转换结果与现有 .mrs 相同，未更新：./DiSiFanShi/DiSiFanShi_OCD_Domain.mrs (md5 034a869c6114351cad374d46e32612d3)
[2025-09-13 06:34:49] 转换无变化，已删除 per-log：./DiSiFanShi/DiSiFanShi_OCD_Domain.mrs.log
[2025-09-13 06:34:49] 开始转换：./Accuweather/Accuweather_OCD_Domain.yaml -> ./Accuweather/Accuweather_OCD_Domain.mrs （临时 ./Accuweather/Accuweather_OCD_Domain.mrs.tmp），之前 md5=ef76c5743f7fb1e08e27df019ef3fed1
[2025-09-13 06:34:49] ℹ️ 转换结果与现有 .mrs 相同，未更新：./Accuweather/Accuweather_OCD_Domain.mrs (md5 ef76c5743f7fb1e08e27df019ef3fed1)
[2025-09-13 06:34:49] 转换无变化，已删除 per-log：./Accuweather/Accuweather_OCD_Domain.mrs.log
[2025-09-13 06:34:49] 开始转换：./Accuweather/Accuweather_OCD_IP.yaml -> ./Accuweather/Accuweather_OCD_IP.mrs （临时 ./Accuweather/Accuweather_OCD_IP.mrs.tmp），之前 md5=3ae941e2c1937537ba5a07c4ac01521a
[2025-09-13 06:34:49] ℹ️ 转换结果与现有 .mrs 相同，未更新：./Accuweather/Accuweather_OCD_IP.mrs (md5 3ae941e2c1937537ba5a07c4ac01521a)
[2025-09-13 06:34:49] 转换无变化，已删除 per-log：./Accuweather/Accuweather_OCD_IP.mrs.log
[2025-09-13 06:34:49] 开始转换：./PrivateTracker/PrivateTracker_OCD_Domain.yaml -> ./PrivateTracker/PrivateTracker_OCD_Domain.mrs （临时 ./PrivateTracker/PrivateTracker_OCD_Domain.mrs.tmp），之前 md5=920ca8290420f31faad36b31ab962a91
[2025-09-13 06:34:49] ℹ️ 转换结果与现有 .mrs 相同，未更新：./PrivateTracker/PrivateTracker_OCD_Domain.mrs (md5 920ca8290420f31faad36b31ab962a91)
[2025-09-13 06:34:49] 转换无变化，已删除 per-log：./PrivateTracker/PrivateTracker_OCD_Domain.mrs.log
[2025-09-13 06:34:49] 开始转换：./PrivateTracker/PrivateTracker_OCD_IP.yaml -> ./PrivateTracker/PrivateTracker_OCD_IP.mrs （临时 ./PrivateTracker/PrivateTracker_OCD_IP.mrs.tmp），之前 md5=30e187450b2e1510dad3da3d44c79d7b
[2025-09-13 06:34:49] ℹ️ 转换结果与现有 .mrs 相同，未更新：./PrivateTracker/PrivateTracker_OCD_IP.mrs (md5 30e187450b2e1510dad3da3d44c79d7b)
[2025-09-13 06:34:49] 转换无变化，已删除 per-log：./PrivateTracker/PrivateTracker_OCD_IP.mrs.log
[2025-09-13 06:34:49] 开始转换：./Aerogard/Aerogard_OCD_IP.yaml -> ./Aerogard/Aerogard_OCD_IP.mrs （临时 ./Aerogard/Aerogard_OCD_IP.mrs.tmp），之前 md5=3ae941e2c1937537ba5a07c4ac01521a
[2025-09-13 06:34:49] ℹ️ 转换结果与现有 .mrs 相同，未更新：./Aerogard/Aerogard_OCD_IP.mrs (md5 3ae941e2c1937537ba5a07c4ac01521a)
[2025-09-13 06:34:49] 转换无变化，已删除 per-log：./Aerogard/Aerogard_OCD_IP.mrs.log
[2025-09-13 06:34:49] 开始转换：./Aerogard/Aerogard_OCD_Domain.yaml -> ./Aerogard/Aerogard_OCD_Domain.mrs （临时 ./Aerogard/Aerogard_OCD_Domain.mrs.tmp），之前 md5=2e5cca0a945c1fd5a512f4aabbcb7986
[2025-09-13 06:34:49] ℹ️ 转换结果与现有 .mrs 相同，未更新：./Aerogard/Aerogard_OCD_Domain.mrs (md5 2e5cca0a945c1fd5a512f4aabbcb7986)
[2025-09-13 06:34:49] 转换无变化，已删除 per-log：./Aerogard/Aerogard_OCD_Domain.mrs.log
[2025-09-13 06:34:49] 开始转换：./IBM/IBM_OCD_IP.yaml -> ./IBM/IBM_OCD_IP.mrs （临时 ./IBM/IBM_OCD_IP.mrs.tmp），之前 md5=3ae941e2c1937537ba5a07c4ac01521a
[2025-09-13 06:34:49] ℹ️ 转换结果与现有 .mrs 相同，未更新：./IBM/IBM_OCD_IP.mrs (md5 3ae941e2c1937537ba5a07c4ac01521a)
[2025-09-13 06:34:49] 转换无变化，已删除 per-log：./IBM/IBM_OCD_IP.mrs.log
[2025-09-13 06:34:49] 开始转换：./IBM/IBM_OCD_Domain.yaml -> ./IBM/IBM_OCD_Domain.mrs （临时 ./IBM/IBM_OCD_Domain.mrs.tmp），之前 md5=7de420c4023b85ecced8bb9f2718f56e
[2025-09-13 06:34:49] ℹ️ 转换结果与现有 .mrs 相同，未更新：./IBM/IBM_OCD_Domain.mrs (md5 7de420c4023b85ecced8bb9f2718f56e)
[2025-09-13 06:34:49] 转换无变化，已删除 per-log：./IBM/IBM_OCD_Domain.mrs.log
[2025-09-13 06:34:49] 开始转换：./Pixiv/Pixiv_OCD_IP.yaml -> ./Pixiv/Pixiv_OCD_IP.mrs （临时 ./Pixiv/Pixiv_OCD_IP.mrs.tmp），之前 md5=3ae941e2c1937537ba5a07c4ac01521a
[2025-09-13 06:34:50] ℹ️ 转换结果与现有 .mrs 相同，未更新：./Pixiv/Pixiv_OCD_IP.mrs (md5 3ae941e2c1937537ba5a07c4ac01521a)
[2025-09-13 06:34:50] 转换无变化，已删除 per-log：./Pixiv/Pixiv_OCD_IP.mrs.log
[2025-09-13 06:34:50] 开始转换：./Pixiv/Pixiv_OCD_Domain.yaml -> ./Pixiv/Pixiv_OCD_Domain.mrs （临时 ./Pixiv/Pixiv_OCD_Domain.mrs.tmp），之前 md5=d9fb123d8f343d377755269d5f4c0a44
[2025-09-13 06:34:50] ℹ️ 转换结果与现有 .mrs 相同，未更新：./Pixiv/Pixiv_OCD_Domain.mrs (md5 d9fb123d8f343d377755269d5f4c0a44)
[2025-09-13 06:34:50] 转换无变化，已删除 per-log：./Pixiv/Pixiv_OCD_Domain.mrs.log
[2025-09-13 06:34:50] 开始转换：./Gigabyte/Gigabyte_OCD_IP.yaml -> ./Gigabyte/Gigabyte_OCD_IP.mrs （临时 ./Gigabyte/Gigabyte_OCD_IP.mrs.tmp），之前 md5=3ae941e2c1937537ba5a07c4ac01521a
[2025-09-13 06:34:50] ℹ️ 转换结果与现有 .mrs 相同，未更新：./Gigabyte/Gigabyte_OCD_IP.mrs (md5 3ae941e2c1937537ba5a07c4ac01521a)
[2025-09-13 06:34:50] 转换无变化，已删除 per-log：./Gigabyte/Gigabyte_OCD_IP.mrs.log
[2025-09-13 06:34:50] 开始转换：./Gigabyte/Gigabyte_OCD_Domain.yaml -> ./Gigabyte/Gigabyte_OCD_Domain.mrs （临时 ./Gigabyte/Gigabyte_OCD_Domain.mrs.tmp），之前 md5=ec6537229fa7dd9120ae0432d6157c49
[2025-09-13 06:34:50] ℹ️ 转换结果与现有 .mrs 相同，未更新：./Gigabyte/Gigabyte_OCD_Domain.mrs (md5 ec6537229fa7dd9120ae0432d6157c49)
[2025-09-13 06:34:50] 转换无变化，已删除 per-log：./Gigabyte/Gigabyte_OCD_Domain.mrs.log
[2025-09-13 06:34:50] 开始转换：./Spotify/Spotify_OCD_IP.yaml -> ./Spotify/Spotify_OCD_IP.mrs （临时 ./Spotify/Spotify_OCD_IP.mrs.tmp），之前 md5=2202c21d891e74f974d02b4c6b9170e7
[2025-09-13 06:34:50] ℹ️ 转换结果与现有 .mrs 相同，未更新：./Spotify/Spotify_OCD_IP.mrs (md5 2202c21d891e74f974d02b4c6b9170e7)
[2025-09-13 06:34:50] 转换无变化，已删除 per-log：./Spotify/Spotify_OCD_IP.mrs.log
[2025-09-13 06:34:50] 开始转换：./Spotify/Spotify_OCD_Domain.yaml -> ./Spotify/Spotify_OCD_Domain.mrs （临时 ./Spotify/Spotify_OCD_Domain.mrs.tmp），之前 md5=089eaed857a7b112130296a318f16184
[2025-09-13 06:34:50] ℹ️ 转换结果与现有 .mrs 相同，未更新：./Spotify/Spotify_OCD_Domain.mrs (md5 089eaed857a7b112130296a318f16184)
[2025-09-13 06:34:50] 转换无变化，已删除 per-log：./Spotify/Spotify_OCD_Domain.mrs.log
[2025-09-13 06:34:50] 开始转换：./WeType/WeType_OCD_Domain.yaml -> ./WeType/WeType_OCD_Domain.mrs （临时 ./WeType/WeType_OCD_Domain.mrs.tmp），之前 md5=711c0e61dbfc7037d5af56e5747e606c
[2025-09-13 06:34:50] ℹ️ 转换结果与现有 .mrs 相同，未更新：./WeType/WeType_OCD_Domain.mrs (md5 711c0e61dbfc7037d5af56e5747e606c)
[2025-09-13 06:34:50] 转换无变化，已删除 per-log：./WeType/WeType_OCD_Domain.mrs.log
[2025-09-13 06:34:50] 开始转换：./WeType/WeType_OCD_IP.yaml -> ./WeType/WeType_OCD_IP.mrs （临时 ./WeType/WeType_OCD_IP.mrs.tmp），之前 md5=3ae941e2c1937537ba5a07c4ac01521a
[2025-09-13 06:34:50] ℹ️ 转换结果与现有 .mrs 相同，未更新：./WeType/WeType_OCD_IP.mrs (md5 3ae941e2c1937537ba5a07c4ac01521a)
[2025-09-13 06:34:50] 转换无变化，已删除 per-log：./WeType/WeType_OCD_IP.mrs.log
[2025-09-13 06:34:50] 开始转换：./Twitter/Twitter_OCD_Domain.yaml -> ./Twitter/Twitter_OCD_Domain.mrs （临时 ./Twitter/Twitter_OCD_Domain.mrs.tmp），之前 md5=c932c025d9bc7659113d0472a473fd1d
[2025-09-13 06:34:50] ℹ️ 转换结果与现有 .mrs 相同，未更新：./Twitter/Twitter_OCD_Domain.mrs (md5 c932c025d9bc7659113d0472a473fd1d)
[2025-09-13 06:34:50] 转换无变化，已删除 per-log：./Twitter/Twitter_OCD_Domain.mrs.log
[2025-09-13 06:34:50] 开始转换：./Twitter/Twitter_OCD_IP.yaml -> ./Twitter/Twitter_OCD_IP.mrs （临时 ./Twitter/Twitter_OCD_IP.mrs.tmp），之前 md5=1e7c26e7be724057aee6188e9e913a34
[2025-09-13 06:34:50] ℹ️ 转换结果与现有 .mrs 相同，未更新：./Twitter/Twitter_OCD_IP.mrs (md5 1e7c26e7be724057aee6188e9e913a34)
[2025-09-13 06:34:50] 转换无变化，已删除 per-log：./Twitter/Twitter_OCD_IP.mrs.log
[2025-09-13 06:34:50] 开始转换：./Android/Android_OCD_IP.yaml -> ./Android/Android_OCD_IP.mrs （临时 ./Android/Android_OCD_IP.mrs.tmp），之前 md5=3ae941e2c1937537ba5a07c4ac01521a
[2025-09-13 06:34:50] ℹ️ 转换结果与现有 .mrs 相同，未更新：./Android/Android_OCD_IP.mrs (md5 3ae941e2c1937537ba5a07c4ac01521a)
[2025-09-13 06:34:50] 转换无变化，已删除 per-log：./Android/Android_OCD_IP.mrs.log
[2025-09-13 06:34:50] 开始转换：./Android/Android_OCD_Domain.yaml -> ./Android/Android_OCD_Domain.mrs （临时 ./Android/Android_OCD_Domain.mrs.tmp），之前 md5=39e30d67cad7afcaa0844165e246ed83
[2025-09-13 06:34:50] ℹ️ 转换结果与现有 .mrs 相同，未更新：./Android/Android_OCD_Domain.mrs (md5 39e30d67cad7afcaa0844165e246ed83)
[2025-09-13 06:34:50] 转换无变化，已删除 per-log：./Android/Android_OCD_Domain.mrs.log
[2025-09-13 06:34:50] 开始转换：./JueJin/JueJin_OCD_IP.yaml -> ./JueJin/JueJin_OCD_IP.mrs （临时 ./JueJin/JueJin_OCD_IP.mrs.tmp），之前 md5=3ae941e2c1937537ba5a07c4ac01521a
[2025-09-13 06:34:50] ℹ️ 转换结果与现有 .mrs 相同，未更新：./JueJin/JueJin_OCD_IP.mrs (md5 3ae941e2c1937537ba5a07c4ac01521a)
[2025-09-13 06:34:50] 转换无变化，已删除 per-log：./JueJin/JueJin_OCD_IP.mrs.log
[2025-09-13 06:34:50] 开始转换：./JueJin/JueJin_OCD_Domain.yaml -> ./JueJin/JueJin_OCD_Domain.mrs （临时 ./JueJin/JueJin_OCD_Domain.mrs.tmp），之前 md5=1d1b2a2f26a315df5449fd080bb6f9bc
[2025-09-13 06:34:50] ℹ️ 转换结果与现有 .mrs 相同，未更新：./JueJin/JueJin_OCD_Domain.mrs (md5 1d1b2a2f26a315df5449fd080bb6f9bc)
[2025-09-13 06:34:50] 转换无变化，已删除 per-log：./JueJin/JueJin_OCD_Domain.mrs.log
[2025-09-13 06:34:50] 开始转换：./DouYin/DouYin_OCD_Domain.yaml -> ./DouYin/DouYin_OCD_Domain.mrs （临时 ./DouYin/DouYin_OCD_Domain.mrs.tmp），之前 md5=d2d4a0b1c96e22087d4148bc5125af6c
[2025-09-13 06:34:50] ℹ️ 转换结果与现有 .mrs 相同，未更新：./DouYin/DouYin_OCD_Domain.mrs (md5 d2d4a0b1c96e22087d4148bc5125af6c)
[2025-09-13 06:34:50] 转换无变化，已删除 per-log：./DouYin/DouYin_OCD_Domain.mrs.log
[2025-09-13 06:34:50] 开始转换：./DouYin/DouYin_OCD_IP.yaml -> ./DouYin/DouYin_OCD_IP.mrs （临时 ./DouYin/DouYin_OCD_IP.mrs.tmp），之前 md5=3ae941e2c1937537ba5a07c4ac01521a
[2025-09-13 06:34:50] ℹ️ 转换结果与现有 .mrs 相同，未更新：./DouYin/DouYin_OCD_IP.mrs (md5 3ae941e2c1937537ba5a07c4ac01521a)
[2025-09-13 06:34:50] 转换无变化，已删除 per-log：./DouYin/DouYin_OCD_IP.mrs.log
[2025-09-13 06:34:50] 开始转换：./NBC/NBC_OCD_IP.yaml -> ./NBC/NBC_OCD_IP.mrs （临时 ./NBC/NBC_OCD_IP.mrs.tmp），之前 md5=3ae941e2c1937537ba5a07c4ac01521a
[2025-09-13 06:34:50] ℹ️ 转换结果与现有 .mrs 相同，未更新：./NBC/NBC_OCD_IP.mrs (md5 3ae941e2c1937537ba5a07c4ac01521a)
[2025-09-13 06:34:50] 转换无变化，已删除 per-log：./NBC/NBC_OCD_IP.mrs.log
[2025-09-13 06:34:50] 开始转换：./NBC/NBC_OCD_Domain.yaml -> ./NBC/NBC_OCD_Domain.mrs （临时 ./NBC/NBC_OCD_Domain.mrs.tmp），之前 md5=bb1854ef7b6db5ddf81cac9b09901600
[2025-09-13 06:34:50] ℹ️ 转换结果与现有 .mrs 相同，未更新：./NBC/NBC_OCD_Domain.mrs (md5 bb1854ef7b6db5ddf81cac9b09901600)
[2025-09-13 06:34:50] 转换无变化，已删除 per-log：./NBC/NBC_OCD_Domain.mrs.log
[2025-09-13 06:34:50] 开始转换：./FanFou/FanFou_OCD_IP.yaml -> ./FanFou/FanFou_OCD_IP.mrs （临时 ./FanFou/FanFou_OCD_IP.mrs.tmp），之前 md5=3ae941e2c1937537ba5a07c4ac01521a
[2025-09-13 06:34:50] ℹ️ 转换结果与现有 .mrs 相同，未更新：./FanFou/FanFou_OCD_IP.mrs (md5 3ae941e2c1937537ba5a07c4ac01521a)
[2025-09-13 06:34:50] 转换无变化，已删除 per-log：./FanFou/FanFou_OCD_IP.mrs.log
[2025-09-13 06:34:50] 开始转换：./FanFou/FanFou_OCD_Domain.yaml -> ./FanFou/FanFou_OCD_Domain.mrs （临时 ./FanFou/FanFou_OCD_Domain.mrs.tmp），之前 md5=660957b20c1f8f15db730aa858ca075e
[2025-09-13 06:34:50] ℹ️ 转换结果与现有 .mrs 相同，未更新：./FanFou/FanFou_OCD_Domain.mrs (md5 660957b20c1f8f15db730aa858ca075e)
[2025-09-13 06:34:50] 转换无变化，已删除 per-log：./FanFou/FanFou_OCD_Domain.mrs.log
[2025-09-13 06:34:50] 开始转换：./PPTV/PPTV_OCD_IP.yaml -> ./PPTV/PPTV_OCD_IP.mrs （临时 ./PPTV/PPTV_OCD_IP.mrs.tmp），之前 md5=3ae941e2c1937537ba5a07c4ac01521a
[2025-09-13 06:34:50] ℹ️ 转换结果与现有 .mrs 相同，未更新：./PPTV/PPTV_OCD_IP.mrs (md5 3ae941e2c1937537ba5a07c4ac01521a)
[2025-09-13 06:34:50] 转换无变化，已删除 per-log：./PPTV/PPTV_OCD_IP.mrs.log
[2025-09-13 06:34:50] 开始转换：./PPTV/PPTV_OCD_Domain.yaml -> ./PPTV/PPTV_OCD_Domain.mrs （临时 ./PPTV/PPTV_OCD_Domain.mrs.tmp），之前 md5=a845b2b78fd8fcd4adf6e10f7127023d
[2025-09-13 06:34:50] ℹ️ 转换结果与现有 .mrs 相同，未更新：./PPTV/PPTV_OCD_Domain.mrs (md5 a845b2b78fd8fcd4adf6e10f7127023d)
[2025-09-13 06:34:50] 转换无变化，已删除 per-log：./PPTV/PPTV_OCD_Domain.mrs.log
[2025-09-13 06:34:50] 开始转换：./Apifox/Apifox_OCD_Domain.yaml -> ./Apifox/Apifox_OCD_Domain.mrs （临时 ./Apifox/Apifox_OCD_Domain.mrs.tmp），之前 md5=09522645c7a32cb24e191e58c1ac1b97
[2025-09-13 06:34:50] ℹ️ 转换结果与现有 .mrs 相同，未更新：./Apifox/Apifox_OCD_Domain.mrs (md5 09522645c7a32cb24e191e58c1ac1b97)
[2025-09-13 06:34:50] 转换无变化，已删除 per-log：./Apifox/Apifox_OCD_Domain.mrs.log
[2025-09-13 06:34:50] 开始转换：./Apifox/Apifox_OCD_IP.yaml -> ./Apifox/Apifox_OCD_IP.mrs （临时 ./Apifox/Apifox_OCD_IP.mrs.tmp），之前 md5=3ae941e2c1937537ba5a07c4ac01521a
[2025-09-13 06:34:50] ℹ️ 转换结果与现有 .mrs 相同，未更新：./Apifox/Apifox_OCD_IP.mrs (md5 3ae941e2c1937537ba5a07c4ac01521a)
[2025-09-13 06:34:50] 转换无变化，已删除 per-log：./Apifox/Apifox_OCD_IP.mrs.log
[2025-09-13 06:34:50] 开始转换：./GlobalScholar/GlobalScholar_OCD_Domain.yaml -> ./GlobalScholar/GlobalScholar_OCD_Domain.mrs （临时 ./GlobalScholar/GlobalScholar_OCD_Domain.mrs.tmp），之前 md5=07299b4b815255fd173bdca2664cb66f
[2025-09-13 06:34:50] ℹ️ 转换结果与现有 .mrs 相同，未更新：./GlobalScholar/GlobalScholar_OCD_Domain.mrs (md5 07299b4b815255fd173bdca2664cb66f)
[2025-09-13 06:34:50] 转换无变化，已删除 per-log：./GlobalScholar/GlobalScholar_OCD_Domain.mrs.log
[2025-09-13 06:34:50] 开始转换：./GlobalScholar/GlobalScholar_OCD_IP.yaml -> ./GlobalScholar/GlobalScholar_OCD_IP.mrs （临时 ./GlobalScholar/GlobalScholar_OCD_IP.mrs.tmp），之前 md5=3ae941e2c1937537ba5a07c4ac01521a
[2025-09-13 06:34:50] ℹ️ 转换结果与现有 .mrs 相同，未更新：./GlobalScholar/GlobalScholar_OCD_IP.mrs (md5 3ae941e2c1937537ba5a07c4ac01521a)
[2025-09-13 06:34:50] 转换无变化，已删除 per-log：./GlobalScholar/GlobalScholar_OCD_IP.mrs.log
[2025-09-13 06:34:50] 开始转换：./KingSmith/KingSmith_OCD_Domain.yaml -> ./KingSmith/KingSmith_OCD_Domain.mrs （临时 ./KingSmith/KingSmith_OCD_Domain.mrs.tmp），之前 md5=577dbdbeb953ccaa9e2e2a58fbe085f2
[2025-09-13 06:34:50] ℹ️ 转换结果与现有 .mrs 相同，未更新：./KingSmith/KingSmith_OCD_Domain.mrs (md5 577dbdbeb953ccaa9e2e2a58fbe085f2)
[2025-09-13 06:34:50] 转换无变化，已删除 per-log：./KingSmith/KingSmith_OCD_Domain.mrs.log
[2025-09-13 06:34:50] 开始转换：./KingSmith/KingSmith_OCD_IP.yaml -> ./KingSmith/KingSmith_OCD_IP.mrs （临时 ./KingSmith/KingSmith_OCD_IP.mrs.tmp），之前 md5=3ae941e2c1937537ba5a07c4ac01521a
[2025-09-13 06:34:50] ℹ️ 转换结果与现有 .mrs 相同，未更新：./KingSmith/KingSmith_OCD_IP.mrs (md5 3ae941e2c1937537ba5a07c4ac01521a)
[2025-09-13 06:34:50] 转换无变化，已删除 per-log：./KingSmith/KingSmith_OCD_IP.mrs.log
[2025-09-13 06:34:50] 开始转换：./UC/UC_OCD_Domain.yaml -> ./UC/UC_OCD_Domain.mrs （临时 ./UC/UC_OCD_Domain.mrs.tmp），之前 md5=06cd23202f77b870cfb53841bf37ce83
[2025-09-13 06:34:50] ℹ️ 转换结果与现有 .mrs 相同，未更新：./UC/UC_OCD_Domain.mrs (md5 06cd23202f77b870cfb53841bf37ce83)
[2025-09-13 06:34:50] 转换无变化，已删除 per-log：./UC/UC_OCD_Domain.mrs.log
[2025-09-13 06:34:50] 开始转换：./UC/UC_OCD_IP.yaml -> ./UC/UC_OCD_IP.mrs （临时 ./UC/UC_OCD_IP.mrs.tmp），之前 md5=3ae941e2c1937537ba5a07c4ac01521a
[2025-09-13 06:34:50] ℹ️ 转换结果与现有 .mrs 相同，未更新：./UC/UC_OCD_IP.mrs (md5 3ae941e2c1937537ba5a07c4ac01521a)
[2025-09-13 06:34:50] 转换无变化，已删除 per-log：./UC/UC_OCD_IP.mrs.log
[2025-09-13 06:34:50] 开始转换：./36kr/36kr_OCD_Domain.yaml -> ./36kr/36kr_OCD_Domain.mrs （临时 ./36kr/36kr_OCD_Domain.mrs.tmp），之前 md5=0db558cab7c49bb956b3c8d23fa328cc
[2025-09-13 06:34:50] ℹ️ 转换结果与现有 .mrs 相同，未更新：./36kr/36kr_OCD_Domain.mrs (md5 0db558cab7c49bb956b3c8d23fa328cc)
[2025-09-13 06:34:50] 转换无变化，已删除 per-log：./36kr/36kr_OCD_Domain.mrs.log
[2025-09-13 06:34:50] 开始转换：./36kr/36kr_OCD_IP.yaml -> ./36kr/36kr_OCD_IP.mrs （临时 ./36kr/36kr_OCD_IP.mrs.tmp），之前 md5=3ae941e2c1937537ba5a07c4ac01521a
[2025-09-13 06:34:50] ℹ️ 转换结果与现有 .mrs 相同，未更新：./36kr/36kr_OCD_IP.mrs (md5 3ae941e2c1937537ba5a07c4ac01521a)
[2025-09-13 06:34:50] 转换无变化，已删除 per-log：./36kr/36kr_OCD_IP.mrs.log
[2025-09-13 06:34:50] 开始转换：./AppleMedia/AppleMedia_OCD_Domain.yaml -> ./AppleMedia/AppleMedia_OCD_Domain.mrs （临时 ./AppleMedia/AppleMedia_OCD_Domain.mrs.tmp），之前 md5=0caefaf2bcd3b520f2e1acaefb142467
[2025-09-13 06:34:50] ℹ️ 转换结果与现有 .mrs 相同，未更新：./AppleMedia/AppleMedia_OCD_Domain.mrs (md5 0caefaf2bcd3b520f2e1acaefb142467)
[2025-09-13 06:34:50] 转换无变化，已删除 per-log：./AppleMedia/AppleMedia_OCD_Domain.mrs.log
[2025-09-13 06:34:50] 开始转换：./AppleMedia/AppleMedia_OCD_IP.yaml -> ./AppleMedia/AppleMedia_OCD_IP.mrs （临时 ./AppleMedia/AppleMedia_OCD_IP.mrs.tmp），之前 md5=3ae941e2c1937537ba5a07c4ac01521a
[2025-09-13 06:34:50] ℹ️ 转换结果与现有 .mrs 相同，未更新：./AppleMedia/AppleMedia_OCD_IP.mrs (md5 3ae941e2c1937537ba5a07c4ac01521a)
[2025-09-13 06:34:50] 转换无变化，已删除 per-log：./AppleMedia/AppleMedia_OCD_IP.mrs.log
[2025-09-13 06:34:50] 开始转换：./DianCeWangKe/DianCeWangKe_OCD_IP.yaml -> ./DianCeWangKe/DianCeWangKe_OCD_IP.mrs （临时 ./DianCeWangKe/DianCeWangKe_OCD_IP.mrs.tmp），之前 md5=3ae941e2c1937537ba5a07c4ac01521a
[2025-09-13 06:34:50] ℹ️ 转换结果与现有 .mrs 相同，未更新：./DianCeWangKe/DianCeWangKe_OCD_IP.mrs (md5 3ae941e2c1937537ba5a07c4ac01521a)
[2025-09-13 06:34:50] 转换无变化，已删除 per-log：./DianCeWangKe/DianCeWangKe_OCD_IP.mrs.log
[2025-09-13 06:34:50] 开始转换：./DianCeWangKe/DianCeWangKe_OCD_Domain.yaml -> ./DianCeWangKe/DianCeWangKe_OCD_Domain.mrs （临时 ./DianCeWangKe/DianCeWangKe_OCD_Domain.mrs.tmp），之前 md5=5a1f294cd8625dbab20bce8fc5dee350
[2025-09-13 06:34:50] ℹ️ 转换结果与现有 .mrs 相同，未更新：./DianCeWangKe/DianCeWangKe_OCD_Domain.mrs (md5 5a1f294cd8625dbab20bce8fc5dee350)
[2025-09-13 06:34:50] 转换无变化，已删除 per-log：./DianCeWangKe/DianCeWangKe_OCD_Domain.mrs.log
[2025-09-13 06:34:51] 开始转换：./HuluJP/HuluJP_OCD_IP.yaml -> ./HuluJP/HuluJP_OCD_IP.mrs （临时 ./HuluJP/HuluJP_OCD_IP.mrs.tmp），之前 md5=3ae941e2c1937537ba5a07c4ac01521a
[2025-09-13 06:34:51] ℹ️ 转换结果与现有 .mrs 相同，未更新：./HuluJP/HuluJP_OCD_IP.mrs (md5 3ae941e2c1937537ba5a07c4ac01521a)
[2025-09-13 06:34:51] 转换无变化，已删除 per-log：./HuluJP/HuluJP_OCD_IP.mrs.log
[2025-09-13 06:34:51] 开始转换：./HuluJP/HuluJP_OCD_Domain.yaml -> ./HuluJP/HuluJP_OCD_Domain.mrs （临时 ./HuluJP/HuluJP_OCD_Domain.mrs.tmp），之前 md5=e985f6d3fbf8f180afa70fe187fb4cb9
[2025-09-13 06:34:51] ℹ️ 转换结果与现有 .mrs 相同，未更新：./HuluJP/HuluJP_OCD_Domain.mrs (md5 e985f6d3fbf8f180afa70fe187fb4cb9)
[2025-09-13 06:34:51] 转换无变化，已删除 per-log：./HuluJP/HuluJP_OCD_Domain.mrs.log
[2025-09-13 06:34:51] 开始转换：./YunFanJiaSu/YunFanJiaSu_OCD_IP.yaml -> ./YunFanJiaSu/YunFanJiaSu_OCD_IP.mrs （临时 ./YunFanJiaSu/YunFanJiaSu_OCD_IP.mrs.tmp），之前 md5=3ae941e2c1937537ba5a07c4ac01521a
[2025-09-13 06:34:51] ℹ️ 转换结果与现有 .mrs 相同，未更新：./YunFanJiaSu/YunFanJiaSu_OCD_IP.mrs (md5 3ae941e2c1937537ba5a07c4ac01521a)
[2025-09-13 06:34:51] 转换无变化，已删除 per-log：./YunFanJiaSu/YunFanJiaSu_OCD_IP.mrs.log
[2025-09-13 06:34:51] 开始转换：./YunFanJiaSu/YunFanJiaSu_OCD_Domain.yaml -> ./YunFanJiaSu/YunFanJiaSu_OCD_Domain.mrs （临时 ./YunFanJiaSu/YunFanJiaSu_OCD_Domain.mrs.tmp），之前 md5=ea6f4c49ef403b33a5785f53e3755c5a
[2025-09-13 06:34:51] ℹ️ 转换结果与现有 .mrs 相同，未更新：./YunFanJiaSu/YunFanJiaSu_OCD_Domain.mrs (md5 ea6f4c49ef403b33a5785f53e3755c5a)
[2025-09-13 06:34:51] 转换无变化，已删除 per-log：./YunFanJiaSu/YunFanJiaSu_OCD_Domain.mrs.log
[2025-09-13 06:34:51] 开始转换：./3dm/3dm_OCD_IP.yaml -> ./3dm/3dm_OCD_IP.mrs （临时 ./3dm/3dm_OCD_IP.mrs.tmp），之前 md5=3ae941e2c1937537ba5a07c4ac01521a
[2025-09-13 06:34:51] ℹ️ 转换结果与现有 .mrs 相同，未更新：./3dm/3dm_OCD_IP.mrs (md5 3ae941e2c1937537ba5a07c4ac01521a)
[2025-09-13 06:34:51] 转换无变化，已删除 per-log：./3dm/3dm_OCD_IP.mrs.log
[2025-09-13 06:34:51] 开始转换：./3dm/3dm_OCD_Domain.yaml -> ./3dm/3dm_OCD_Domain.mrs （临时 ./3dm/3dm_OCD_Domain.mrs.tmp），之前 md5=8175a36f02c548a953cc170562fa2c37
[2025-09-13 06:34:51] ℹ️ 转换结果与现有 .mrs 相同，未更新：./3dm/3dm_OCD_Domain.mrs (md5 8175a36f02c548a953cc170562fa2c37)
[2025-09-13 06:34:51] 转换无变化，已删除 per-log：./3dm/3dm_OCD_Domain.mrs.log
[2025-09-13 06:34:51] 开始转换：./Huffpost/Huffpost_OCD_Domain.yaml -> ./Huffpost/Huffpost_OCD_Domain.mrs （临时 ./Huffpost/Huffpost_OCD_Domain.mrs.tmp），之前 md5=17d9ccf1675b65ae07a7d24fb4633c3b
[2025-09-13 06:34:51] ℹ️ 转换结果与现有 .mrs 相同，未更新：./Huffpost/Huffpost_OCD_Domain.mrs (md5 17d9ccf1675b65ae07a7d24fb4633c3b)
[2025-09-13 06:34:51] 转换无变化，已删除 per-log：./Huffpost/Huffpost_OCD_Domain.mrs.log
[2025-09-13 06:34:51] 开始转换：./Huffpost/Huffpost_OCD_IP.yaml -> ./Huffpost/Huffpost_OCD_IP.mrs （临时 ./Huffpost/Huffpost_OCD_IP.mrs.tmp），之前 md5=3ae941e2c1937537ba5a07c4ac01521a
[2025-09-13 06:34:51] ℹ️ 转换结果与现有 .mrs 相同，未更新：./Huffpost/Huffpost_OCD_IP.mrs (md5 3ae941e2c1937537ba5a07c4ac01521a)
[2025-09-13 06:34:51] 转换无变化，已删除 per-log：./Huffpost/Huffpost_OCD_IP.mrs.log
[2025-09-13 06:34:51] 开始转换：./ZhongXingTongXun/ZhongXingTongXun_OCD_Domain.yaml -> ./ZhongXingTongXun/ZhongXingTongXun_OCD_Domain.mrs （临时 ./ZhongXingTongXun/ZhongXingTongXun_OCD_Domain.mrs.tmp），之前 md5=8e840e21014e9a53e8143e63ac00d291
[2025-09-13 06:34:51] ℹ️ 转换结果与现有 .mrs 相同，未更新：./ZhongXingTongXun/ZhongXingTongXun_OCD_Domain.mrs (md5 8e840e21014e9a53e8143e63ac00d291)
[2025-09-13 06:34:51] 转换无变化，已删除 per-log：./ZhongXingTongXun/ZhongXingTongXun_OCD_Domain.mrs.log
[2025-09-13 06:34:51] 开始转换：./ZhongXingTongXun/ZhongXingTongXun_OCD_IP.yaml -> ./ZhongXingTongXun/ZhongXingTongXun_OCD_IP.mrs （临时 ./ZhongXingTongXun/ZhongXingTongXun_OCD_IP.mrs.tmp），之前 md5=3ae941e2c1937537ba5a07c4ac01521a
[2025-09-13 06:34:51] ℹ️ 转换结果与现有 .mrs 相同，未更新：./ZhongXingTongXun/ZhongXingTongXun_OCD_IP.mrs (md5 3ae941e2c1937537ba5a07c4ac01521a)
[2025-09-13 06:34:51] 转换无变化，已删除 per-log：./ZhongXingTongXun/ZhongXingTongXun_OCD_IP.mrs.log
[2025-09-13 06:34:51] 开始转换：./51Job/51Job_OCD_IP.yaml -> ./51Job/51Job_OCD_IP.mrs （临时 ./51Job/51Job_OCD_IP.mrs.tmp），之前 md5=3ae941e2c1937537ba5a07c4ac01521a
[2025-09-13 06:34:51] ℹ️ 转换结果与现有 .mrs 相同，未更新：./51Job/51Job_OCD_IP.mrs (md5 3ae941e2c1937537ba5a07c4ac01521a)
[2025-09-13 06:34:51] 转换无变化，已删除 per-log：./51Job/51Job_OCD_IP.mrs.log
[2025-09-13 06:34:51] 开始转换：./51Job/51Job_OCD_Domain.yaml -> ./51Job/51Job_OCD_Domain.mrs （临时 ./51Job/51Job_OCD_Domain.mrs.tmp），之前 md5=8e7921fcc22d632cdacf90471028377d
[2025-09-13 06:34:51] ℹ️ 转换结果与现有 .mrs 相同，未更新：./51Job/51Job_OCD_Domain.mrs (md5 8e7921fcc22d632cdacf90471028377d)
[2025-09-13 06:34:51] 转换无变化，已删除 per-log：./51Job/51Job_OCD_Domain.mrs.log
[2025-09-13 06:34:51] 开始转换：./LianMeng/LianMeng_OCD_IP.yaml -> ./LianMeng/LianMeng_OCD_IP.mrs （临时 ./LianMeng/LianMeng_OCD_IP.mrs.tmp），之前 md5=3ae941e2c1937537ba5a07c4ac01521a
[2025-09-13 06:34:51] ℹ️ 转换结果与现有 .mrs 相同，未更新：./LianMeng/LianMeng_OCD_IP.mrs (md5 3ae941e2c1937537ba5a07c4ac01521a)
[2025-09-13 06:34:51] 转换无变化，已删除 per-log：./LianMeng/LianMeng_OCD_IP.mrs.log
[2025-09-13 06:34:51] 开始转换：./LianMeng/LianMeng_OCD_Domain.yaml -> ./LianMeng/LianMeng_OCD_Domain.mrs （临时 ./LianMeng/LianMeng_OCD_Domain.mrs.tmp），之前 md5=5110d0b4719cb9f7ffa0644c3f399db0
[2025-09-13 06:34:51] ℹ️ 转换结果与现有 .mrs 相同，未更新：./LianMeng/LianMeng_OCD_Domain.mrs (md5 5110d0b4719cb9f7ffa0644c3f399db0)
[2025-09-13 06:34:51] 转换无变化，已删除 per-log：./LianMeng/LianMeng_OCD_Domain.mrs.log
[2025-09-13 06:34:51] 开始转换：./NivodTV/NivodTV_OCD_IP.yaml -> ./NivodTV/NivodTV_OCD_IP.mrs （临时 ./NivodTV/NivodTV_OCD_IP.mrs.tmp），之前 md5=3ae941e2c1937537ba5a07c4ac01521a
[2025-09-13 06:34:51] ℹ️ 转换结果与现有 .mrs 相同，未更新：./NivodTV/NivodTV_OCD_IP.mrs (md5 3ae941e2c1937537ba5a07c4ac01521a)
[2025-09-13 06:34:51] 转换无变化，已删除 per-log：./NivodTV/NivodTV_OCD_IP.mrs.log
[2025-09-13 06:34:51] 开始转换：./NivodTV/NivodTV_OCD_Domain.yaml -> ./NivodTV/NivodTV_OCD_Domain.mrs （临时 ./NivodTV/NivodTV_OCD_Domain.mrs.tmp），之前 md5=b210ce4e972e83baee9676106fbb85ba
[2025-09-13 06:34:51] ℹ️ 转换结果与现有 .mrs 相同，未更新：./NivodTV/NivodTV_OCD_Domain.mrs (md5 b210ce4e972e83baee9676106fbb85ba)
[2025-09-13 06:34:51] 转换无变化，已删除 per-log：./NivodTV/NivodTV_OCD_Domain.mrs.log
[2025-09-13 06:34:51] 开始转换：./Google/Google_OCD_Domain.yaml -> ./Google/Google_OCD_Domain.mrs （临时 ./Google/Google_OCD_Domain.mrs.tmp），之前 md5=fc418585e73c67e90e49a5426fff0817
[2025-09-13 06:34:51] ℹ️ 转换结果与现有 .mrs 相同，未更新：./Google/Google_OCD_Domain.mrs (md5 fc418585e73c67e90e49a5426fff0817)
[2025-09-13 06:34:51] 转换无变化，已删除 per-log：./Google/Google_OCD_Domain.mrs.log
[2025-09-13 06:34:51] 开始转换：./Google/Google_OCD_IP.yaml -> ./Google/Google_OCD_IP.mrs （临时 ./Google/Google_OCD_IP.mrs.tmp），之前 md5=1dc9f3211d9910814225abed89e69996
[2025-09-13 06:34:51] ℹ️ 转换结果与现有 .mrs 相同，未更新：./Google/Google_OCD_IP.mrs (md5 1dc9f3211d9910814225abed89e69996)
[2025-09-13 06:34:51] 转换无变化，已删除 per-log：./Google/Google_OCD_IP.mrs.log
[2025-09-13 06:34:51] 开始转换：./Buypass/Buypass_OCD_Domain.yaml -> ./Buypass/Buypass_OCD_Domain.mrs （临时 ./Buypass/Buypass_OCD_Domain.mrs.tmp），之前 md5=780922065a8be72226c221c5c012b425
[2025-09-13 06:34:51] ℹ️ 转换结果与现有 .mrs 相同，未更新：./Buypass/Buypass_OCD_Domain.mrs (md5 780922065a8be72226c221c5c012b425)
[2025-09-13 06:34:51] 转换无变化，已删除 per-log：./Buypass/Buypass_OCD_Domain.mrs.log
[2025-09-13 06:34:51] 开始转换：./Buypass/Buypass_OCD_IP.yaml -> ./Buypass/Buypass_OCD_IP.mrs （临时 ./Buypass/Buypass_OCD_IP.mrs.tmp），之前 md5=3ae941e2c1937537ba5a07c4ac01521a
[2025-09-13 06:34:51] ℹ️ 转换结果与现有 .mrs 相同，未更新：./Buypass/Buypass_OCD_IP.mrs (md5 3ae941e2c1937537ba5a07c4ac01521a)
[2025-09-13 06:34:51] 转换无变化，已删除 per-log：./Buypass/Buypass_OCD_IP.mrs.log
[2025-09-13 06:34:51] 开始转换：./DangDang/DangDang_OCD_IP.yaml -> ./DangDang/DangDang_OCD_IP.mrs （临时 ./DangDang/DangDang_OCD_IP.mrs.tmp），之前 md5=3ae941e2c1937537ba5a07c4ac01521a
[2025-09-13 06:34:51] ℹ️ 转换结果与现有 .mrs 相同，未更新：./DangDang/DangDang_OCD_IP.mrs (md5 3ae941e2c1937537ba5a07c4ac01521a)
[2025-09-13 06:34:51] 转换无变化，已删除 per-log：./DangDang/DangDang_OCD_IP.mrs.log
[2025-09-13 06:34:51] 开始转换：./DangDang/DangDang_OCD_Domain.yaml -> ./DangDang/DangDang_OCD_Domain.mrs （临时 ./DangDang/DangDang_OCD_Domain.mrs.tmp），之前 md5=8b16dc0964fcf0d3b377d91817baf003
[2025-09-13 06:34:51] ℹ️ 转换结果与现有 .mrs 相同，未更新：./DangDang/DangDang_OCD_Domain.mrs (md5 8b16dc0964fcf0d3b377d91817baf003)
[2025-09-13 06:34:51] 转换无变化，已删除 per-log：./DangDang/DangDang_OCD_Domain.mrs.log
[2025-09-13 06:34:51] 开始转换：./Pubmatic/Pubmatic_OCD_IP.yaml -> ./Pubmatic/Pubmatic_OCD_IP.mrs （临时 ./Pubmatic/Pubmatic_OCD_IP.mrs.tmp），之前 md5=3ae941e2c1937537ba5a07c4ac01521a
[2025-09-13 06:34:51] ℹ️ 转换结果与现有 .mrs 相同，未更新：./Pubmatic/Pubmatic_OCD_IP.mrs (md5 3ae941e2c1937537ba5a07c4ac01521a)
[2025-09-13 06:34:51] 转换无变化，已删除 per-log：./Pubmatic/Pubmatic_OCD_IP.mrs.log
[2025-09-13 06:34:51] 开始转换：./Pubmatic/Pubmatic_OCD_Domain.yaml -> ./Pubmatic/Pubmatic_OCD_Domain.mrs （临时 ./Pubmatic/Pubmatic_OCD_Domain.mrs.tmp），之前 md5=518f9920c24c13df0e0b9c0b9c101500
[2025-09-13 06:34:51] ℹ️ 转换结果与现有 .mrs 相同，未更新：./Pubmatic/Pubmatic_OCD_Domain.mrs (md5 518f9920c24c13df0e0b9c0b9c101500)
[2025-09-13 06:34:51] 转换无变化，已删除 per-log：./Pubmatic/Pubmatic_OCD_Domain.mrs.log
[2025-09-13 06:34:51] 开始转换：./Reddit/Reddit_OCD_IP.yaml -> ./Reddit/Reddit_OCD_IP.mrs （临时 ./Reddit/Reddit_OCD_IP.mrs.tmp），之前 md5=3ae941e2c1937537ba5a07c4ac01521a
[2025-09-13 06:34:51] ℹ️ 转换结果与现有 .mrs 相同，未更新：./Reddit/Reddit_OCD_IP.mrs (md5 3ae941e2c1937537ba5a07c4ac01521a)
[2025-09-13 06:34:51] 转换无变化，已删除 per-log：./Reddit/Reddit_OCD_IP.mrs.log
[2025-09-13 06:34:51] 开始转换：./Reddit/Reddit_OCD_Domain.yaml -> ./Reddit/Reddit_OCD_Domain.mrs （临时 ./Reddit/Reddit_OCD_Domain.mrs.tmp），之前 md5=2eb5ecb206a0d3bb6b41274f4b57ef25
[2025-09-13 06:34:51] ℹ️ 转换结果与现有 .mrs 相同，未更新：./Reddit/Reddit_OCD_Domain.mrs (md5 2eb5ecb206a0d3bb6b41274f4b57ef25)
[2025-09-13 06:34:51] 转换无变化，已删除 per-log：./Reddit/Reddit_OCD_Domain.mrs.log
[2025-09-13 06:34:51] 开始转换：./Mozilla/Mozilla_OCD_IP.yaml -> ./Mozilla/Mozilla_OCD_IP.mrs （临时 ./Mozilla/Mozilla_OCD_IP.mrs.tmp），之前 md5=3ae941e2c1937537ba5a07c4ac01521a
[2025-09-13 06:34:51] ℹ️ 转换结果与现有 .mrs 相同，未更新：./Mozilla/Mozilla_OCD_IP.mrs (md5 3ae941e2c1937537ba5a07c4ac01521a)
[2025-09-13 06:34:51] 转换无变化，已删除 per-log：./Mozilla/Mozilla_OCD_IP.mrs.log
[2025-09-13 06:34:51] 开始转换：./Mozilla/Mozilla_OCD_Domain.yaml -> ./Mozilla/Mozilla_OCD_Domain.mrs （临时 ./Mozilla/Mozilla_OCD_Domain.mrs.tmp），之前 md5=3fe55b4f1cad8615692a7f8a8f285e33
[2025-09-13 06:34:51] ℹ️ 转换结果与现有 .mrs 相同，未更新：./Mozilla/Mozilla_OCD_Domain.mrs (md5 3fe55b4f1cad8615692a7f8a8f285e33)
[2025-09-13 06:34:51] 转换无变化，已删除 per-log：./Mozilla/Mozilla_OCD_Domain.mrs.log
[2025-09-13 06:34:51] 开始转换：./Mojitianqi/Mojitianqi_OCD_IP.yaml -> ./Mojitianqi/Mojitianqi_OCD_IP.mrs （临时 ./Mojitianqi/Mojitianqi_OCD_IP.mrs.tmp），之前 md5=3ae941e2c1937537ba5a07c4ac01521a
[2025-09-13 06:34:51] ℹ️ 转换结果与现有 .mrs 相同，未更新：./Mojitianqi/Mojitianqi_OCD_IP.mrs (md5 3ae941e2c1937537ba5a07c4ac01521a)
[2025-09-13 06:34:51] 转换无变化，已删除 per-log：./Mojitianqi/Mojitianqi_OCD_IP.mrs.log
[2025-09-13 06:34:51] 开始转换：./Mojitianqi/Mojitianqi_OCD_Domain.yaml -> ./Mojitianqi/Mojitianqi_OCD_Domain.mrs （临时 ./Mojitianqi/Mojitianqi_OCD_Domain.mrs.tmp），之前 md5=308dab6ed5a9b022c360d103fe880f32
[2025-09-13 06:34:51] ℹ️ 转换结果与现有 .mrs 相同，未更新：./Mojitianqi/Mojitianqi_OCD_Domain.mrs (md5 308dab6ed5a9b022c360d103fe880f32)
[2025-09-13 06:34:51] 转换无变化，已删除 per-log：./Mojitianqi/Mojitianqi_OCD_Domain.mrs.log
[2025-09-13 06:34:51] 开始转换：./Atlassian/Atlassian_OCD_Domain.yaml -> ./Atlassian/Atlassian_OCD_Domain.mrs （临时 ./Atlassian/Atlassian_OCD_Domain.mrs.tmp），之前 md5=b8bd70739d53d086accc9cb7eef878c8
[2025-09-13 06:34:51] ℹ️ 转换结果与现有 .mrs 相同，未更新：./Atlassian/Atlassian_OCD_Domain.mrs (md5 b8bd70739d53d086accc9cb7eef878c8)
[2025-09-13 06:34:51] 转换无变化，已删除 per-log：./Atlassian/Atlassian_OCD_Domain.mrs.log
[2025-09-13 06:34:51] 开始转换：./Atlassian/Atlassian_OCD_IP.yaml -> ./Atlassian/Atlassian_OCD_IP.mrs （临时 ./Atlassian/Atlassian_OCD_IP.mrs.tmp），之前 md5=3ae941e2c1937537ba5a07c4ac01521a
[2025-09-13 06:34:51] ℹ️ 转换结果与现有 .mrs 相同，未更新：./Atlassian/Atlassian_OCD_IP.mrs (md5 3ae941e2c1937537ba5a07c4ac01521a)
[2025-09-13 06:34:51] 转换无变化，已删除 per-log：./Atlassian/Atlassian_OCD_IP.mrs.log
[2025-09-13 06:34:51] 结束阶段：yaml -> mrs
[2025-09-13 06:34:51] 阶段：txt -> mrs（回退，仅当无同名 YAML）
[2025-09-13 06:34:51] 跳过 TXT：./DingTalk/DingTalk_OCD_Domain.txt（存在同名 YAML ./DingTalk/DingTalk_OCD_Domain.yaml）
[2025-09-13 06:34:51] 跳过 TXT：./DingTalk/DingTalk_OCD_IP.txt（存在同名 YAML ./DingTalk/DingTalk_OCD_IP.yaml）
[2025-09-13 06:34:51] 跳过 TXT：./WoLai/WoLai_OCD_IP.txt（存在同名 YAML ./WoLai/WoLai_OCD_IP.yaml）
[2025-09-13 06:34:51] 跳过 TXT：./WoLai/WoLai_OCD_Domain.txt（存在同名 YAML ./WoLai/WoLai_OCD_Domain.yaml）
[2025-09-13 06:34:51] 跳过 TXT：./Sina/Sina_OCD_Domain.txt（存在同名 YAML ./Sina/Sina_OCD_Domain.yaml）
[2025-09-13 06:34:51] 跳过 TXT：./Sina/Sina_OCD_IP.txt（存在同名 YAML ./Sina/Sina_OCD_IP.yaml）
[2025-09-13 06:34:51] 跳过 TXT：./LinkedIn/LinkedIn_OCD_Domain.txt（存在同名 YAML ./LinkedIn/LinkedIn_OCD_Domain.yaml）
[2025-09-13 06:34:51] 跳过 TXT：./LinkedIn/LinkedIn_OCD_IP.txt（存在同名 YAML ./LinkedIn/LinkedIn_OCD_IP.yaml）
[2025-09-13 06:34:51] 跳过 TXT：./PotatoChat/PotatoChat_OCD_IP.txt（存在同名 YAML ./PotatoChat/PotatoChat_OCD_IP.yaml）
[2025-09-13 06:34:51] 跳过 TXT：./PotatoChat/PotatoChat_OCD_Domain.txt（存在同名 YAML ./PotatoChat/PotatoChat_OCD_Domain.yaml）
[2025-09-13 06:34:51] 跳过 TXT：./HBOUSA/HBOUSA_OCD_Domain.txt（存在同名 YAML ./HBOUSA/HBOUSA_OCD_Domain.yaml）
[2025-09-13 06:34:51] 跳过 TXT：./HBOUSA/HBOUSA_OCD_IP.txt（存在同名 YAML ./HBOUSA/HBOUSA_OCD_IP.yaml）
[2025-09-13 06:34:51] 跳过 TXT：./Rakuten/Rakuten_OCD_Domain.txt（存在同名 YAML ./Rakuten/Rakuten_OCD_Domain.yaml）
[2025-09-13 06:34:51] 跳过 TXT：./Rakuten/Rakuten_OCD_IP.txt（存在同名 YAML ./Rakuten/Rakuten_OCD_IP.yaml）
[2025-09-13 06:34:51] 跳过 TXT：./6JianFang/6JianFang_OCD_IP.txt（存在同名 YAML ./6JianFang/6JianFang_OCD_IP.yaml）
[2025-09-13 06:34:51] 跳过 TXT：./6JianFang/6JianFang_OCD_Domain.txt（存在同名 YAML ./6JianFang/6JianFang_OCD_Domain.yaml）
[2025-09-13 06:34:51] 跳过 TXT：./Bestbuy/Bestbuy_OCD_IP.txt（存在同名 YAML ./Bestbuy/Bestbuy_OCD_IP.yaml）
[2025-09-13 06:34:51] 跳过 TXT：./Bestbuy/Bestbuy_OCD_Domain.txt（存在同名 YAML ./Bestbuy/Bestbuy_OCD_Domain.yaml）
[2025-09-13 06:34:51] 跳过 TXT：./PChomeTW/PChomeTW_OCD_Domain.txt（存在同名 YAML ./PChomeTW/PChomeTW_OCD_Domain.yaml）
[2025-09-13 06:34:51] 跳过 TXT：./PChomeTW/PChomeTW_OCD_IP.txt（存在同名 YAML ./PChomeTW/PChomeTW_OCD_IP.yaml）
[2025-09-13 06:34:51] 跳过 TXT：./Facebook/Facebook_OCD_Domain.txt（存在同名 YAML ./Facebook/Facebook_OCD_Domain.yaml）
[2025-09-13 06:34:51] 跳过 TXT：./Facebook/Facebook_OCD_IP.txt（存在同名 YAML ./Facebook/Facebook_OCD_IP.yaml）
[2025-09-13 06:34:51] 跳过 TXT：./LanZouYun/LanZouYun_OCD_Domain.txt（存在同名 YAML ./LanZouYun/LanZouYun_OCD_Domain.yaml）
[2025-09-13 06:34:51] 跳过 TXT：./LanZouYun/LanZouYun_OCD_IP.txt（存在同名 YAML ./LanZouYun/LanZouYun_OCD_IP.yaml）
[2025-09-13 06:34:51] 跳过 TXT：./Tmdb/Tmdb_OCD_Domain.txt（存在同名 YAML ./Tmdb/Tmdb_OCD_Domain.yaml）
[2025-09-13 06:34:51] 跳过 TXT：./Tmdb/Tmdb_OCD_IP.txt（存在同名 YAML ./Tmdb/Tmdb_OCD_IP.yaml）
[2025-09-13 06:34:51] 跳过 TXT：./DouBan/DouBan_OCD_IP.txt（存在同名 YAML ./DouBan/DouBan_OCD_IP.yaml）
[2025-09-13 06:34:51] 跳过 TXT：./DouBan/DouBan_OCD_Domain.txt（存在同名 YAML ./DouBan/DouBan_OCD_Domain.yaml）
[2025-09-13 06:34:51] 跳过 TXT：./Civitai/Civitai_OCD_IP.txt（存在同名 YAML ./Civitai/Civitai_OCD_IP.yaml）
[2025-09-13 06:34:51] 跳过 TXT：./Civitai/Civitai_OCD_Domain.txt（存在同名 YAML ./Civitai/Civitai_OCD_Domain.yaml）
[2025-09-13 06:34:51] 跳过 TXT：./GovCN/GovCN_OCD_IP.txt（存在同名 YAML ./GovCN/GovCN_OCD_IP.yaml）
[2025-09-13 06:34:51] 跳过 TXT：./GovCN/GovCN_OCD_Domain.txt（存在同名 YAML ./GovCN/GovCN_OCD_Domain.yaml）
[2025-09-13 06:34:51] 跳过 TXT：./Overwatch/Overwatch_OCD_IP.txt（存在同名 YAML ./Overwatch/Overwatch_OCD_IP.yaml）
[2025-09-13 06:34:51] 跳过 TXT：./Overwatch/Overwatch_OCD_Domain.txt（存在同名 YAML ./Overwatch/Overwatch_OCD_Domain.yaml）
[2025-09-13 06:34:51] 跳过 TXT：./Qobuz/Qobuz_OCD_IP.txt（存在同名 YAML ./Qobuz/Qobuz_OCD_IP.yaml）
[2025-09-13 06:34:51] 跳过 TXT：./Qobuz/Qobuz_OCD_Domain.txt（存在同名 YAML ./Qobuz/Qobuz_OCD_Domain.yaml）
[2025-09-13 06:34:51] 跳过 TXT：./FuboTV/FuboTV_OCD_Domain.txt（存在同名 YAML ./FuboTV/FuboTV_OCD_Domain.yaml）
[2025-09-13 06:34:51] 跳过 TXT：./FuboTV/FuboTV_OCD_IP.txt（存在同名 YAML ./FuboTV/FuboTV_OCD_IP.yaml）
[2025-09-13 06:34:51] 跳过 TXT：./Shopify/Shopify_OCD_IP.txt（存在同名 YAML ./Shopify/Shopify_OCD_IP.yaml）
[2025-09-13 06:34:51] 跳过 TXT：./Shopify/Shopify_OCD_Domain.txt（存在同名 YAML ./Shopify/Shopify_OCD_Domain.yaml）
[2025-09-13 06:34:51] 跳过 TXT：./Cloudflarecn/Cloudflarecn_OCD_Domain.txt（存在同名 YAML ./Cloudflarecn/Cloudflarecn_OCD_Domain.yaml）
[2025-09-13 06:34:51] 跳过 TXT：./Cloudflarecn/Cloudflarecn_OCD_IP.txt（存在同名 YAML ./Cloudflarecn/Cloudflarecn_OCD_IP.yaml）
[2025-09-13 06:34:51] 跳过 TXT：./Douyu/Douyu_OCD_Domain.txt（存在同名 YAML ./Douyu/Douyu_OCD_Domain.yaml）
[2025-09-13 06:34:51] 跳过 TXT：./Douyu/Douyu_OCD_IP.txt（存在同名 YAML ./Douyu/Douyu_OCD_IP.yaml）
[2025-09-13 06:34:51] 跳过 TXT：./HuaShuTV/HuaShuTV_OCD_IP.txt（存在同名 YAML ./HuaShuTV/HuaShuTV_OCD_IP.yaml）
[2025-09-13 06:34:51] 跳过 TXT：./HuaShuTV/HuaShuTV_OCD_Domain.txt（存在同名 YAML ./HuaShuTV/HuaShuTV_OCD_Domain.yaml）
[2025-09-13 06:34:51] 跳过 TXT：./Battle/Battle_OCD_IP.txt（存在同名 YAML ./Battle/Battle_OCD_IP.yaml）
[2025-09-13 06:34:51] 跳过 TXT：./Battle/Battle_OCD_Domain.txt（存在同名 YAML ./Battle/Battle_OCD_Domain.yaml）
[2025-09-13 06:34:52] 跳过 TXT：./Akamai/Akamai_OCD_IP.txt（存在同名 YAML ./Akamai/Akamai_OCD_IP.yaml）
[2025-09-13 06:34:52] 跳过 TXT：./Akamai/Akamai_OCD_Domain.txt（存在同名 YAML ./Akamai/Akamai_OCD_Domain.yaml）
[2025-09-13 06:34:52] 跳过 TXT：./Nvidia/Nvidia_OCD_IP.txt（存在同名 YAML ./Nvidia/Nvidia_OCD_IP.yaml）
[2025-09-13 06:34:52] 跳过 TXT：./Nvidia/Nvidia_OCD_Domain.txt（存在同名 YAML ./Nvidia/Nvidia_OCD_Domain.yaml）
[2025-09-13 06:34:52] 跳过 TXT：./Zalo/Zalo_OCD_Domain.txt（存在同名 YAML ./Zalo/Zalo_OCD_Domain.yaml）
[2025-09-13 06:34:52] 跳过 TXT：./Zalo/Zalo_OCD_IP.txt（存在同名 YAML ./Zalo/Zalo_OCD_IP.yaml）
[2025-09-13 06:34:52] 跳过 TXT：./SuNing/SuNing_OCD_Domain.txt（存在同名 YAML ./SuNing/SuNing_OCD_Domain.yaml）
[2025-09-13 06:34:52] 跳过 TXT：./SuNing/SuNing_OCD_IP.txt（存在同名 YAML ./SuNing/SuNing_OCD_IP.yaml）
[2025-09-13 06:34:52] 跳过 TXT：./ZhangYue/ZhangYue_OCD_IP.txt（存在同名 YAML ./ZhangYue/ZhangYue_OCD_IP.yaml）
[2025-09-13 06:34:52] 跳过 TXT：./ZhangYue/ZhangYue_OCD_Domain.txt（存在同名 YAML ./ZhangYue/ZhangYue_OCD_Domain.yaml）
[2025-09-13 06:34:52] 跳过 TXT：./Dandanplay/Dandanplay_OCD_Domain.txt（存在同名 YAML ./Dandanplay/Dandanplay_OCD_Domain.yaml）
[2025-09-13 06:34:52] 跳过 TXT：./Dandanplay/Dandanplay_OCD_IP.txt（存在同名 YAML ./Dandanplay/Dandanplay_OCD_IP.yaml）
[2025-09-13 06:34:52] 跳过 TXT：./AmazonTrust/AmazonTrust_OCD_Domain.txt（存在同名 YAML ./AmazonTrust/AmazonTrust_OCD_Domain.yaml）
[2025-09-13 06:34:52] 跳过 TXT：./AmazonTrust/AmazonTrust_OCD_IP.txt（存在同名 YAML ./AmazonTrust/AmazonTrust_OCD_IP.yaml）
[2025-09-13 06:34:52] 跳过 TXT：./PChome/PChome_OCD_Domain.txt（存在同名 YAML ./PChome/PChome_OCD_Domain.yaml）
[2025-09-13 06:34:52] 跳过 TXT：./PChome/PChome_OCD_IP.txt（存在同名 YAML ./PChome/PChome_OCD_IP.yaml）
[2025-09-13 06:34:52] 跳过 TXT：./KuaiDi100/KuaiDi100_OCD_IP.txt（存在同名 YAML ./KuaiDi100/KuaiDi100_OCD_IP.yaml）
[2025-09-13 06:34:52] 跳过 TXT：./KuaiDi100/KuaiDi100_OCD_Domain.txt（存在同名 YAML ./KuaiDi100/KuaiDi100_OCD_Domain.yaml）
[2025-09-13 06:34:52] 跳过 TXT：./Limelight/Limelight_OCD_Domain.txt（存在同名 YAML ./Limelight/Limelight_OCD_Domain.yaml）
[2025-09-13 06:34:52] 跳过 TXT：./Limelight/Limelight_OCD_IP.txt（存在同名 YAML ./Limelight/Limelight_OCD_IP.yaml）
[2025-09-13 06:34:52] 跳过 TXT：./CIBN/CIBN_OCD_Domain.txt（存在同名 YAML ./CIBN/CIBN_OCD_Domain.yaml）
[2025-09-13 06:34:52] 跳过 TXT：./CIBN/CIBN_OCD_IP.txt（存在同名 YAML ./CIBN/CIBN_OCD_IP.yaml）
[2025-09-13 06:34:52] 跳过 TXT：./NGAA/NGAA_OCD_IP.txt（存在同名 YAML ./NGAA/NGAA_OCD_IP.yaml）
[2025-09-13 06:34:52] 跳过 TXT：./NGAA/NGAA_OCD_Domain.txt（存在同名 YAML ./NGAA/NGAA_OCD_Domain.yaml）
[2025-09-13 06:34:52] 跳过 TXT：./XiamiMusic/XiamiMusic_OCD_IP.txt（存在同名 YAML ./XiamiMusic/XiamiMusic_OCD_IP.yaml）
[2025-09-13 06:34:52] 跳过 TXT：./XiamiMusic/XiamiMusic_OCD_Domain.txt（存在同名 YAML ./XiamiMusic/XiamiMusic_OCD_Domain.yaml）
[2025-09-13 06:34:52] 跳过 TXT：./9News/9News_OCD_IP.txt（存在同名 YAML ./9News/9News_OCD_IP.yaml）
[2025-09-13 06:34:52] 跳过 TXT：./9News/9News_OCD_Domain.txt（存在同名 YAML ./9News/9News_OCD_Domain.yaml）
[2025-09-13 06:34:52] 跳过 TXT：./AddToAny/AddToAny_OCD_IP.txt（存在同名 YAML ./AddToAny/AddToAny_OCD_IP.yaml）
[2025-09-13 06:34:52] 跳过 TXT：./AddToAny/AddToAny_OCD_Domain.txt（存在同名 YAML ./AddToAny/AddToAny_OCD_Domain.yaml）
[2025-09-13 06:34:52] 跳过 TXT：./360/360_OCD_Domain.txt（存在同名 YAML ./360/360_OCD_Domain.yaml）
[2025-09-13 06:34:52] 跳过 TXT：./360/360_OCD_IP.txt（存在同名 YAML ./360/360_OCD_IP.yaml）
[2025-09-13 06:34:52] 跳过 TXT：./HuluUSA/HuluUSA_OCD_IP.txt（存在同名 YAML ./HuluUSA/HuluUSA_OCD_IP.yaml）
[2025-09-13 06:34:52] 跳过 TXT：./HuluUSA/HuluUSA_OCD_Domain.txt（存在同名 YAML ./HuluUSA/HuluUSA_OCD_Domain.yaml）
[2025-09-13 06:34:52] 跳过 TXT：./Classic/Classic_OCD_Domain.txt（存在同名 YAML ./Classic/Classic_OCD_Domain.yaml）
[2025-09-13 06:34:52] 跳过 TXT：./Classic/Classic_OCD_IP.txt（存在同名 YAML ./Classic/Classic_OCD_IP.yaml）
[2025-09-13 06:34:52] 跳过 TXT：./Westerndigital/Westerndigital_OCD_Domain.txt（存在同名 YAML ./Westerndigital/Westerndigital_OCD_Domain.yaml）
[2025-09-13 06:34:52] 跳过 TXT：./Westerndigital/Westerndigital_OCD_IP.txt（存在同名 YAML ./Westerndigital/Westerndigital_OCD_IP.yaml）
[2025-09-13 06:34:52] 跳过 TXT：./Shanling/Shanling_OCD_Domain.txt（存在同名 YAML ./Shanling/Shanling_OCD_Domain.yaml）
[2025-09-13 06:34:52] 跳过 TXT：./Shanling/Shanling_OCD_IP.txt（存在同名 YAML ./Shanling/Shanling_OCD_IP.yaml）
[2025-09-13 06:34:52] 跳过 TXT：./GitLab/GitLab_OCD_IP.txt（存在同名 YAML ./GitLab/GitLab_OCD_IP.yaml）
[2025-09-13 06:34:52] 跳过 TXT：./GitLab/GitLab_OCD_Domain.txt（存在同名 YAML ./GitLab/GitLab_OCD_Domain.yaml）
[2025-09-13 06:34:52] 跳过 TXT：./Overcast/Overcast_OCD_IP.txt（存在同名 YAML ./Overcast/Overcast_OCD_IP.yaml）
[2025-09-13 06:34:52] 跳过 TXT：./Overcast/Overcast_OCD_Domain.txt（存在同名 YAML ./Overcast/Overcast_OCD_Domain.yaml）
[2025-09-13 06:34:52] 跳过 TXT：./17173/17173_OCD_IP.txt（存在同名 YAML ./17173/17173_OCD_IP.yaml）
[2025-09-13 06:34:52] 跳过 TXT：./17173/17173_OCD_Domain.txt（存在同名 YAML ./17173/17173_OCD_Domain.yaml）
[2025-09-13 06:34:52] 跳过 TXT：./UnionPay/UnionPay_OCD_Domain.txt（存在同名 YAML ./UnionPay/UnionPay_OCD_Domain.yaml）
[2025-09-13 06:34:52] 跳过 TXT：./UnionPay/UnionPay_OCD_IP.txt（存在同名 YAML ./UnionPay/UnionPay_OCD_IP.yaml）
[2025-09-13 06:34:52] 跳过 TXT：./KakaoTalk/KakaoTalk_OCD_Domain.txt（存在同名 YAML ./KakaoTalk/KakaoTalk_OCD_Domain.yaml）
[2025-09-13 06:34:52] 跳过 TXT：./KakaoTalk/KakaoTalk_OCD_IP.txt（存在同名 YAML ./KakaoTalk/KakaoTalk_OCD_IP.yaml）
[2025-09-13 06:34:52] 跳过 TXT：./Line/Line_OCD_IP.txt（存在同名 YAML ./Line/Line_OCD_IP.yaml）
[2025-09-13 06:34:52] 跳过 TXT：./Line/Line_OCD_Domain.txt（存在同名 YAML ./Line/Line_OCD_Domain.yaml）
[2025-09-13 06:34:52] 跳过 TXT：./Nikkei/Nikkei_OCD_Domain.txt（存在同名 YAML ./Nikkei/Nikkei_OCD_Domain.yaml）
[2025-09-13 06:34:52] 跳过 TXT：./Nikkei/Nikkei_OCD_IP.txt（存在同名 YAML ./Nikkei/Nikkei_OCD_IP.yaml）
[2025-09-13 06:34:52] 跳过 TXT：./Blizzard/Blizzard_OCD_IP.txt（存在同名 YAML ./Blizzard/Blizzard_OCD_IP.yaml）
[2025-09-13 06:34:52] 跳过 TXT：./Blizzard/Blizzard_OCD_Domain.txt（存在同名 YAML ./Blizzard/Blizzard_OCD_Domain.yaml）
[2025-09-13 06:34:52] 跳过 TXT：./Ali213/Ali213_OCD_Domain.txt（存在同名 YAML ./Ali213/Ali213_OCD_Domain.yaml）
[2025-09-13 06:34:52] 跳过 TXT：./Ali213/Ali213_OCD_IP.txt（存在同名 YAML ./Ali213/Ali213_OCD_IP.yaml）
[2025-09-13 06:34:52] 跳过 TXT：./Nintendo/Nintendo_OCD_IP.txt（存在同名 YAML ./Nintendo/Nintendo_OCD_IP.yaml）
[2025-09-13 06:34:52] 跳过 TXT：./Nintendo/Nintendo_OCD_Domain.txt（存在同名 YAML ./Nintendo/Nintendo_OCD_Domain.yaml）
[2025-09-13 06:34:52] 跳过 TXT：./Binance/Binance_OCD_IP.txt（存在同名 YAML ./Binance/Binance_OCD_IP.yaml）
[2025-09-13 06:34:52] 跳过 TXT：./Binance/Binance_OCD_Domain.txt（存在同名 YAML ./Binance/Binance_OCD_Domain.yaml）
[2025-09-13 06:34:52] 跳过 TXT：./MicrosoftEdge/MicrosoftEdge_OCD_Domain.txt（存在同名 YAML ./MicrosoftEdge/MicrosoftEdge_OCD_Domain.yaml）
[2025-09-13 06:34:52] 跳过 TXT：./MicrosoftEdge/MicrosoftEdge_OCD_IP.txt（存在同名 YAML ./MicrosoftEdge/MicrosoftEdge_OCD_IP.yaml）
[2025-09-13 06:34:52] 跳过 TXT：./Patreon/Patreon_OCD_IP.txt（存在同名 YAML ./Patreon/Patreon_OCD_IP.yaml）
[2025-09-13 06:34:52] 跳过 TXT：./Patreon/Patreon_OCD_Domain.txt（存在同名 YAML ./Patreon/Patreon_OCD_Domain.yaml）
[2025-09-13 06:34:52] 跳过 TXT：./Dropbox/Dropbox_OCD_Domain.txt（存在同名 YAML ./Dropbox/Dropbox_OCD_Domain.yaml）
[2025-09-13 06:34:52] 跳过 TXT：./Dropbox/Dropbox_OCD_IP.txt（存在同名 YAML ./Dropbox/Dropbox_OCD_IP.yaml）
[2025-09-13 06:34:52] 跳过 TXT：./GuiGuDongLi/GuiGuDongLi_OCD_IP.txt（存在同名 YAML ./GuiGuDongLi/GuiGuDongLi_OCD_IP.yaml）
[2025-09-13 06:34:52] 跳过 TXT：./GuiGuDongLi/GuiGuDongLi_OCD_Domain.txt（存在同名 YAML ./GuiGuDongLi/GuiGuDongLi_OCD_Domain.yaml）
[2025-09-13 06:34:52] 跳过 TXT：./TikTok/TikTok_OCD_Domain.txt（存在同名 YAML ./TikTok/TikTok_OCD_Domain.yaml）
[2025-09-13 06:34:52] 跳过 TXT：./TikTok/TikTok_OCD_IP.txt（存在同名 YAML ./TikTok/TikTok_OCD_IP.yaml）
[2025-09-13 06:34:52] 跳过 TXT：./1337x/1337x_OCD_Domain.txt（存在同名 YAML ./1337x/1337x_OCD_Domain.yaml）
[2025-09-13 06:34:52] 跳过 TXT：./1337x/1337x_OCD_IP.txt（存在同名 YAML ./1337x/1337x_OCD_IP.yaml）
[2025-09-13 06:34:52] 跳过 TXT：./BOCOM/BOCOM_OCD_IP.txt（存在同名 YAML ./BOCOM/BOCOM_OCD_IP.yaml）
[2025-09-13 06:34:52] 跳过 TXT：./BOCOM/BOCOM_OCD_Domain.txt（存在同名 YAML ./BOCOM/BOCOM_OCD_Domain.yaml）
[2025-09-13 06:34:52] 跳过 TXT：./WangSuKeJi/WangSuKeJi_OCD_Domain.txt（存在同名 YAML ./WangSuKeJi/WangSuKeJi_OCD_Domain.yaml）
[2025-09-13 06:34:52] 跳过 TXT：./WangSuKeJi/WangSuKeJi_OCD_IP.txt（存在同名 YAML ./WangSuKeJi/WangSuKeJi_OCD_IP.yaml）
[2025-09-13 06:34:52] 跳过 TXT：./IPTVMainland/IPTVMainland_OCD_Domain.txt（存在同名 YAML ./IPTVMainland/IPTVMainland_OCD_Domain.yaml）
[2025-09-13 06:34:52] 跳过 TXT：./IPTVMainland/IPTVMainland_OCD_IP.txt（存在同名 YAML ./IPTVMainland/IPTVMainland_OCD_IP.yaml）
[2025-09-13 06:34:52] 跳过 TXT：./Hkgolden/Hkgolden_OCD_IP.txt（存在同名 YAML ./Hkgolden/Hkgolden_OCD_IP.yaml）
[2025-09-13 06:34:52] 跳过 TXT：./Hkgolden/Hkgolden_OCD_Domain.txt（存在同名 YAML ./Hkgolden/Hkgolden_OCD_Domain.yaml）
[2025-09-13 06:34:52] 跳过 TXT：./AppleID/AppleID_OCD_IP.txt（存在同名 YAML ./AppleID/AppleID_OCD_IP.yaml）
[2025-09-13 06:34:52] 跳过 TXT：./AppleID/AppleID_OCD_Domain.txt（存在同名 YAML ./AppleID/AppleID_OCD_Domain.yaml）
[2025-09-13 06:34:52] 跳过 TXT：./Purikonejp/Purikonejp_OCD_IP.txt（存在同名 YAML ./Purikonejp/Purikonejp_OCD_IP.yaml）
[2025-09-13 06:34:52] 跳过 TXT：./Purikonejp/Purikonejp_OCD_Domain.txt（存在同名 YAML ./Purikonejp/Purikonejp_OCD_Domain.yaml）
[2025-09-13 06:34:52] 跳过 TXT：./Cryptocurrency/Cryptocurrency_OCD_IP.txt（存在同名 YAML ./Cryptocurrency/Cryptocurrency_OCD_IP.yaml）
[2025-09-13 06:34:52] 跳过 TXT：./Cryptocurrency/Cryptocurrency_OCD_Domain.txt（存在同名 YAML ./Cryptocurrency/Cryptocurrency_OCD_Domain.yaml）
[2025-09-13 06:34:52] 跳过 TXT：./Direct/Direct_OCD_Domain.txt（存在同名 YAML ./Direct/Direct_OCD_Domain.yaml）
[2025-09-13 06:34:52] 跳过 TXT：./Direct/Direct_OCD_IP.txt（存在同名 YAML ./Direct/Direct_OCD_IP.yaml）
[2025-09-13 06:34:52] 跳过 TXT：./ChinaMaxNoMedia/ChinaMaxNoMedia_OCD_IP.txt（存在同名 YAML ./ChinaMaxNoMedia/ChinaMaxNoMedia_OCD_IP.yaml）
[2025-09-13 06:34:52] 跳过 TXT：./ChinaMaxNoMedia/ChinaMaxNoMedia_OCD_Domain.txt（存在同名 YAML ./ChinaMaxNoMedia/ChinaMaxNoMedia_OCD_Domain.yaml）
[2025-09-13 06:34:52] 跳过 TXT：./ChunYou/ChunYou_OCD_IP.txt（存在同名 YAML ./ChunYou/ChunYou_OCD_IP.yaml）
[2025-09-13 06:34:52] 跳过 TXT：./ChunYou/ChunYou_OCD_Domain.txt（存在同名 YAML ./ChunYou/ChunYou_OCD_Domain.yaml）
[2025-09-13 06:34:52] 跳过 TXT：./APKCombo/APKCombo_OCD_IP.txt（存在同名 YAML ./APKCombo/APKCombo_OCD_IP.yaml）
[2025-09-13 06:34:52] 跳过 TXT：./APKCombo/APKCombo_OCD_Domain.txt（存在同名 YAML ./APKCombo/APKCombo_OCD_Domain.yaml）
[2025-09-13 06:34:52] 跳过 TXT：./Vercel/Vercel_OCD_Domain.txt（存在同名 YAML ./Vercel/Vercel_OCD_Domain.yaml）
[2025-09-13 06:34:52] 跳过 TXT：./Vercel/Vercel_OCD_IP.txt（存在同名 YAML ./Vercel/Vercel_OCD_IP.yaml）
[2025-09-13 06:34:52] 跳过 TXT：./TianTianKanKan/TianTianKanKan_OCD_Domain.txt（存在同名 YAML ./TianTianKanKan/TianTianKanKan_OCD_Domain.yaml）
[2025-09-13 06:34:52] 跳过 TXT：./TianTianKanKan/TianTianKanKan_OCD_IP.txt（存在同名 YAML ./TianTianKanKan/TianTianKanKan_OCD_IP.yaml）
[2025-09-13 06:34:52] 跳过 TXT：./HashiCorp/HashiCorp_OCD_Domain.txt（存在同名 YAML ./HashiCorp/HashiCorp_OCD_Domain.yaml）
[2025-09-13 06:34:52] 跳过 TXT：./HashiCorp/HashiCorp_OCD_IP.txt（存在同名 YAML ./HashiCorp/HashiCorp_OCD_IP.yaml）
[2025-09-13 06:34:52] 跳过 TXT：./Vimeo/Vimeo_OCD_IP.txt（存在同名 YAML ./Vimeo/Vimeo_OCD_IP.yaml）
[2025-09-13 06:34:52] 跳过 TXT：./Vimeo/Vimeo_OCD_Domain.txt（存在同名 YAML ./Vimeo/Vimeo_OCD_Domain.yaml）
[2025-09-13 06:34:52] 跳过 TXT：./ZhiYunZhong/ZhiYunZhong_OCD_Domain.txt（存在同名 YAML ./ZhiYunZhong/ZhiYunZhong_OCD_Domain.yaml）
[2025-09-13 06:34:52] 跳过 TXT：./ZhiYunZhong/ZhiYunZhong_OCD_IP.txt（存在同名 YAML ./ZhiYunZhong/ZhiYunZhong_OCD_IP.yaml）
[2025-09-13 06:34:52] 跳过 TXT：./Qyyjt/Qyyjt_OCD_Domain.txt（存在同名 YAML ./Qyyjt/Qyyjt_OCD_Domain.yaml）
[2025-09-13 06:34:52] 跳过 TXT：./Qyyjt/Qyyjt_OCD_IP.txt（存在同名 YAML ./Qyyjt/Qyyjt_OCD_IP.yaml）
[2025-09-13 06:34:52] 跳过 TXT：./Funshion/Funshion_OCD_Domain.txt（存在同名 YAML ./Funshion/Funshion_OCD_Domain.yaml）
[2025-09-13 06:34:52] 跳过 TXT：./Funshion/Funshion_OCD_IP.txt（存在同名 YAML ./Funshion/Funshion_OCD_IP.yaml）
[2025-09-13 06:34:52] 跳过 TXT：./YouZan/YouZan_OCD_IP.txt（存在同名 YAML ./YouZan/YouZan_OCD_IP.yaml）
[2025-09-13 06:34:52] 跳过 TXT：./YouZan/YouZan_OCD_Domain.txt（存在同名 YAML ./YouZan/YouZan_OCD_Domain.yaml）
[2025-09-13 06:34:52] 跳过 TXT：./Youku/Youku_OCD_IP.txt（存在同名 YAML ./Youku/Youku_OCD_IP.yaml）
[2025-09-13 06:34:52] 跳过 TXT：./Youku/Youku_OCD_Domain.txt（存在同名 YAML ./Youku/Youku_OCD_Domain.yaml）
[2025-09-13 06:34:52] 跳过 TXT：./WangXinKeJi/WangXinKeJi_OCD_Domain.txt（存在同名 YAML ./WangXinKeJi/WangXinKeJi_OCD_Domain.yaml）
[2025-09-13 06:34:52] 跳过 TXT：./WangXinKeJi/WangXinKeJi_OCD_IP.txt（存在同名 YAML ./WangXinKeJi/WangXinKeJi_OCD_IP.yaml）
[2025-09-13 06:34:52] 跳过 TXT：./AliPay/AliPay_OCD_IP.txt（存在同名 YAML ./AliPay/AliPay_OCD_IP.yaml）
[2025-09-13 06:34:52] 跳过 TXT：./AliPay/AliPay_OCD_Domain.txt（存在同名 YAML ./AliPay/AliPay_OCD_Domain.yaml）
[2025-09-13 06:34:52] 跳过 TXT：./Acer/Acer_OCD_IP.txt（存在同名 YAML ./Acer/Acer_OCD_IP.yaml）
[2025-09-13 06:34:52] 跳过 TXT：./Acer/Acer_OCD_Domain.txt（存在同名 YAML ./Acer/Acer_OCD_Domain.yaml）
[2025-09-13 06:34:52] 跳过 TXT：./CAS/CAS_OCD_IP.txt（存在同名 YAML ./CAS/CAS_OCD_IP.yaml）
[2025-09-13 06:34:52] 跳过 TXT：./CAS/CAS_OCD_Domain.txt（存在同名 YAML ./CAS/CAS_OCD_Domain.yaml）
[2025-09-13 06:34:52] 跳过 TXT：./ChinaIPsBGP/ChinaIPsBGP_OCD_Domain.txt（存在同名 YAML ./ChinaIPsBGP/ChinaIPsBGP_OCD_Domain.yaml）
[2025-09-13 06:34:52] 跳过 TXT：./ChinaIPsBGP/ChinaIPsBGP_OCD_IP.txt（存在同名 YAML ./ChinaIPsBGP/ChinaIPsBGP_OCD_IP.yaml）
[2025-09-13 06:34:52] 跳过 TXT：./WorldofWarcraft/WorldofWarcraft_OCD_Domain.txt（存在同名 YAML ./WorldofWarcraft/WorldofWarcraft_OCD_Domain.yaml）
[2025-09-13 06:34:52] 跳过 TXT：./WorldofWarcraft/WorldofWarcraft_OCD_IP.txt（存在同名 YAML ./WorldofWarcraft/WorldofWarcraft_OCD_IP.yaml）
[2025-09-13 06:34:52] 跳过 TXT：./YouMengChuangXiang/YouMengChuangXiang_OCD_Domain.txt（存在同名 YAML ./YouMengChuangXiang/YouMengChuangXiang_OCD_Domain.yaml）
[2025-09-13 06:34:52] 跳过 TXT：./YouMengChuangXiang/YouMengChuangXiang_OCD_IP.txt（存在同名 YAML ./YouMengChuangXiang/YouMengChuangXiang_OCD_IP.yaml）
[2025-09-13 06:34:52] 跳过 TXT：./MiWu/MiWu_OCD_Domain.txt（存在同名 YAML ./MiWu/MiWu_OCD_Domain.yaml）
[2025-09-13 06:34:52] 跳过 TXT：./MiWu/MiWu_OCD_IP.txt（存在同名 YAML ./MiWu/MiWu_OCD_IP.yaml）
[2025-09-13 06:34:52] 跳过 TXT：./TVB/TVB_OCD_Domain.txt（存在同名 YAML ./TVB/TVB_OCD_Domain.yaml）
[2025-09-13 06:34:52] 跳过 TXT：./TVB/TVB_OCD_IP.txt（存在同名 YAML ./TVB/TVB_OCD_IP.yaml）
[2025-09-13 06:34:52] 跳过 TXT：./TruthSocial/TruthSocial_OCD_IP.txt（存在同名 YAML ./TruthSocial/TruthSocial_OCD_IP.yaml）
[2025-09-13 06:34:52] 跳过 TXT：./TruthSocial/TruthSocial_OCD_Domain.txt（存在同名 YAML ./TruthSocial/TruthSocial_OCD_Domain.yaml）
[2025-09-13 06:34:52] 跳过 TXT：./58TongCheng/58TongCheng_OCD_Domain.txt（存在同名 YAML ./58TongCheng/58TongCheng_OCD_Domain.yaml）
[2025-09-13 06:34:52] 跳过 TXT：./58TongCheng/58TongCheng_OCD_IP.txt（存在同名 YAML ./58TongCheng/58TongCheng_OCD_IP.yaml）
[2025-09-13 06:34:52] 跳过 TXT：./KuKeMusic/KuKeMusic_OCD_IP.txt（存在同名 YAML ./KuKeMusic/KuKeMusic_OCD_IP.yaml）
[2025-09-13 06:34:52] 跳过 TXT：./KuKeMusic/KuKeMusic_OCD_Domain.txt（存在同名 YAML ./KuKeMusic/KuKeMusic_OCD_Domain.yaml）
[2025-09-13 06:34:52] 跳过 TXT：./BlockHttpDNS/BlockHttpDNS_OCD_IP.txt（存在同名 YAML ./BlockHttpDNS/BlockHttpDNS_OCD_IP.yaml）
[2025-09-13 06:34:52] 跳过 TXT：./BlockHttpDNS/BlockHttpDNS_OCD_Domain.txt（存在同名 YAML ./BlockHttpDNS/BlockHttpDNS_OCD_Domain.yaml）
[2025-09-13 06:34:52] 跳过 TXT：./Dubox/Dubox_OCD_Domain.txt（存在同名 YAML ./Dubox/Dubox_OCD_Domain.yaml）
[2025-09-13 06:34:52] 跳过 TXT：./Dubox/Dubox_OCD_IP.txt（存在同名 YAML ./Dubox/Dubox_OCD_IP.yaml）
[2025-09-13 06:34:52] 跳过 TXT：./Samsung/Samsung_OCD_Domain.txt（存在同名 YAML ./Samsung/Samsung_OCD_Domain.yaml）
[2025-09-13 06:34:52] 跳过 TXT：./Samsung/Samsung_OCD_IP.txt（存在同名 YAML ./Samsung/Samsung_OCD_IP.yaml）
[2025-09-13 06:34:52] 跳过 TXT：./HBOHK/HBOHK_OCD_IP.txt（存在同名 YAML ./HBOHK/HBOHK_OCD_IP.yaml）
[2025-09-13 06:34:52] 跳过 TXT：./HBOHK/HBOHK_OCD_Domain.txt（存在同名 YAML ./HBOHK/HBOHK_OCD_Domain.yaml）
[2025-09-13 06:34:52] 跳过 TXT：./GoogleVoice/GoogleVoice_OCD_IP.txt（存在同名 YAML ./GoogleVoice/GoogleVoice_OCD_IP.yaml）
[2025-09-13 06:34:52] 跳过 TXT：./GoogleVoice/GoogleVoice_OCD_Domain.txt（存在同名 YAML ./GoogleVoice/GoogleVoice_OCD_Domain.yaml）
[2025-09-13 06:34:52] 跳过 TXT：./YuanFuDao/YuanFuDao_OCD_Domain.txt（存在同名 YAML ./YuanFuDao/YuanFuDao_OCD_Domain.yaml）
[2025-09-13 06:34:52] 跳过 TXT：./YuanFuDao/YuanFuDao_OCD_IP.txt（存在同名 YAML ./YuanFuDao/YuanFuDao_OCD_IP.yaml）
[2025-09-13 06:34:52] 跳过 TXT：./4chan/4chan_OCD_Domain.txt（存在同名 YAML ./4chan/4chan_OCD_Domain.yaml）
[2025-09-13 06:34:52] 跳过 TXT：./4chan/4chan_OCD_IP.txt（存在同名 YAML ./4chan/4chan_OCD_IP.yaml）
[2025-09-13 06:34:52] 跳过 TXT：./AppleFirmware/AppleFirmware_OCD_IP.txt（存在同名 YAML ./AppleFirmware/AppleFirmware_OCD_IP.yaml）
[2025-09-13 06:34:52] 跳过 TXT：./AppleFirmware/AppleFirmware_OCD_Domain.txt（存在同名 YAML ./AppleFirmware/AppleFirmware_OCD_Domain.yaml）
[2025-09-13 06:34:52] 跳过 TXT：./Olevod/Olevod_OCD_IP.txt（存在同名 YAML ./Olevod/Olevod_OCD_IP.yaml）
[2025-09-13 06:34:52] 跳过 TXT：./Olevod/Olevod_OCD_Domain.txt（存在同名 YAML ./Olevod/Olevod_OCD_Domain.yaml）
[2025-09-13 06:34:52] 跳过 TXT：./Fox/Fox_OCD_IP.txt（存在同名 YAML ./Fox/Fox_OCD_IP.yaml）
[2025-09-13 06:34:52] 跳过 TXT：./Fox/Fox_OCD_Domain.txt（存在同名 YAML ./Fox/Fox_OCD_Domain.yaml）
[2025-09-13 06:34:52] 跳过 TXT：./Stripe/Stripe_OCD_IP.txt（存在同名 YAML ./Stripe/Stripe_OCD_IP.yaml）
[2025-09-13 06:34:52] 跳过 TXT：./Stripe/Stripe_OCD_Domain.txt（存在同名 YAML ./Stripe/Stripe_OCD_Domain.yaml）
[2025-09-13 06:34:52] 跳过 TXT：./HuanJu/HuanJu_OCD_IP.txt（存在同名 YAML ./HuanJu/HuanJu_OCD_IP.yaml）
[2025-09-13 06:34:52] 跳过 TXT：./HuanJu/HuanJu_OCD_Domain.txt（存在同名 YAML ./HuanJu/HuanJu_OCD_Domain.yaml）
[2025-09-13 06:34:52] 跳过 TXT：./GoogleFCM/GoogleFCM_OCD_IP.txt（存在同名 YAML ./GoogleFCM/GoogleFCM_OCD_IP.yaml）
[2025-09-13 06:34:52] 跳过 TXT：./GoogleFCM/GoogleFCM_OCD_Domain.txt（存在同名 YAML ./GoogleFCM/GoogleFCM_OCD_Domain.yaml）
[2025-09-13 06:34:52] 跳过 TXT：./Snap/Snap_OCD_Domain.txt（存在同名 YAML ./Snap/Snap_OCD_Domain.yaml）
[2025-09-13 06:34:52] 跳过 TXT：./Snap/Snap_OCD_IP.txt（存在同名 YAML ./Snap/Snap_OCD_IP.yaml）
[2025-09-13 06:34:52] 跳过 TXT：./Hijacking/Hijacking_OCD_IP.txt（存在同名 YAML ./Hijacking/Hijacking_OCD_IP.yaml）
[2025-09-13 06:34:52] 跳过 TXT：./Hijacking/Hijacking_OCD_Domain.txt（存在同名 YAML ./Hijacking/Hijacking_OCD_Domain.yaml）
[2025-09-13 06:34:52] 跳过 TXT：./Zendesk/Zendesk_OCD_Domain.txt（存在同名 YAML ./Zendesk/Zendesk_OCD_Domain.yaml）
[2025-09-13 06:34:52] 跳过 TXT：./Zendesk/Zendesk_OCD_IP.txt（存在同名 YAML ./Zendesk/Zendesk_OCD_IP.yaml）
[2025-09-13 06:34:52] 跳过 TXT：./Actalis/Actalis_OCD_Domain.txt（存在同名 YAML ./Actalis/Actalis_OCD_Domain.yaml）
[2025-09-13 06:34:52] 跳过 TXT：./Actalis/Actalis_OCD_IP.txt（存在同名 YAML ./Actalis/Actalis_OCD_IP.yaml）
[2025-09-13 06:34:52] 跳过 TXT：./Jquery/Jquery_OCD_Domain.txt（存在同名 YAML ./Jquery/Jquery_OCD_Domain.yaml）
[2025-09-13 06:34:52] 跳过 TXT：./Jquery/Jquery_OCD_IP.txt（存在同名 YAML ./Jquery/Jquery_OCD_IP.yaml）
[2025-09-13 06:34:52] 跳过 TXT：./IMDB/IMDB_OCD_IP.txt（存在同名 YAML ./IMDB/IMDB_OCD_IP.yaml）
[2025-09-13 06:34:52] 跳过 TXT：./IMDB/IMDB_OCD_Domain.txt（存在同名 YAML ./IMDB/IMDB_OCD_Domain.yaml）
[2025-09-13 06:34:52] 跳过 TXT：./GoogleDrive/GoogleDrive_OCD_Domain.txt（存在同名 YAML ./GoogleDrive/GoogleDrive_OCD_Domain.yaml）
[2025-09-13 06:34:52] 跳过 TXT：./GoogleDrive/GoogleDrive_OCD_IP.txt（存在同名 YAML ./GoogleDrive/GoogleDrive_OCD_IP.yaml）
[2025-09-13 06:34:52] 跳过 TXT：./PandoraTV/PandoraTV_OCD_Domain.txt（存在同名 YAML ./PandoraTV/PandoraTV_OCD_Domain.yaml）
[2025-09-13 06:34:52] 跳过 TXT：./PandoraTV/PandoraTV_OCD_IP.txt（存在同名 YAML ./PandoraTV/PandoraTV_OCD_IP.yaml）
[2025-09-13 06:34:52] 跳过 TXT：./NTPService/NTPService_OCD_IP.txt（存在同名 YAML ./NTPService/NTPService_OCD_IP.yaml）
[2025-09-13 06:34:52] 跳过 TXT：./NTPService/NTPService_OCD_Domain.txt（存在同名 YAML ./NTPService/NTPService_OCD_Domain.yaml）
[2025-09-13 06:34:52] 跳过 TXT：./Jetbrains/Jetbrains_OCD_IP.txt（存在同名 YAML ./Jetbrains/Jetbrains_OCD_IP.yaml）
[2025-09-13 06:34:52] 跳过 TXT：./Jetbrains/Jetbrains_OCD_Domain.txt（存在同名 YAML ./Jetbrains/Jetbrains_OCD_Domain.yaml）
[2025-09-13 06:34:52] 跳过 TXT：./Cnet/Cnet_OCD_Domain.txt（存在同名 YAML ./Cnet/Cnet_OCD_Domain.yaml）
[2025-09-13 06:34:52] 跳过 TXT：./Cnet/Cnet_OCD_IP.txt（存在同名 YAML ./Cnet/Cnet_OCD_IP.yaml）
[2025-09-13 06:34:52] 跳过 TXT：./DAZN/DAZN_OCD_IP.txt（存在同名 YAML ./DAZN/DAZN_OCD_IP.yaml）
[2025-09-13 06:34:52] 跳过 TXT：./DAZN/DAZN_OCD_Domain.txt（存在同名 YAML ./DAZN/DAZN_OCD_Domain.yaml）
[2025-09-13 06:34:52] 跳过 TXT：./Sling/Sling_OCD_IP.txt（存在同名 YAML ./Sling/Sling_OCD_IP.yaml）
[2025-09-13 06:34:52] 跳过 TXT：./Sling/Sling_OCD_Domain.txt（存在同名 YAML ./Sling/Sling_OCD_Domain.yaml）
[2025-09-13 06:34:52] 跳过 TXT：./QiNiuYun/QiNiuYun_OCD_IP.txt（存在同名 YAML ./QiNiuYun/QiNiuYun_OCD_IP.yaml）
[2025-09-13 06:34:52] 跳过 TXT：./QiNiuYun/QiNiuYun_OCD_Domain.txt（存在同名 YAML ./QiNiuYun/QiNiuYun_OCD_Domain.yaml）
[2025-09-13 06:34:52] 跳过 TXT：./Intercom/Intercom_OCD_IP.txt（存在同名 YAML ./Intercom/Intercom_OCD_IP.yaml）
[2025-09-13 06:34:52] 跳过 TXT：./Intercom/Intercom_OCD_Domain.txt（存在同名 YAML ./Intercom/Intercom_OCD_Domain.yaml）
[2025-09-13 06:34:52] 跳过 TXT：./TaiKang/TaiKang_OCD_Domain.txt（存在同名 YAML ./TaiKang/TaiKang_OCD_Domain.yaml）
[2025-09-13 06:34:52] 跳过 TXT：./TaiKang/TaiKang_OCD_IP.txt（存在同名 YAML ./TaiKang/TaiKang_OCD_IP.yaml）
[2025-09-13 06:34:52] 跳过 TXT：./ChuangKeTie/ChuangKeTie_OCD_IP.txt（存在同名 YAML ./ChuangKeTie/ChuangKeTie_OCD_IP.yaml）
[2025-09-13 06:34:52] 跳过 TXT：./ChuangKeTie/ChuangKeTie_OCD_Domain.txt（存在同名 YAML ./ChuangKeTie/ChuangKeTie_OCD_Domain.yaml）
[2025-09-13 06:34:52] 跳过 TXT：./Copilot/Copilot_OCD_Domain.txt（存在同名 YAML ./Copilot/Copilot_OCD_Domain.yaml）
[2025-09-13 06:34:52] 跳过 TXT：./Copilot/Copilot_OCD_IP.txt（存在同名 YAML ./Copilot/Copilot_OCD_IP.yaml）
[2025-09-13 06:34:52] 跳过 TXT：./PayPal/PayPal_OCD_IP.txt（存在同名 YAML ./PayPal/PayPal_OCD_IP.yaml）
[2025-09-13 06:34:52] 跳过 TXT：./PayPal/PayPal_OCD_Domain.txt（存在同名 YAML ./PayPal/PayPal_OCD_Domain.yaml）
[2025-09-13 06:34:52] 跳过 TXT：./Docker/Docker_OCD_IP.txt（存在同名 YAML ./Docker/Docker_OCD_IP.yaml）
[2025-09-13 06:34:52] 跳过 TXT：./Docker/Docker_OCD_Domain.txt（存在同名 YAML ./Docker/Docker_OCD_Domain.yaml）
[2025-09-13 06:34:52] 跳过 TXT：./TaiheMusic/TaiheMusic_OCD_IP.txt（存在同名 YAML ./TaiheMusic/TaiheMusic_OCD_IP.yaml）
[2025-09-13 06:34:52] 跳过 TXT：./TaiheMusic/TaiheMusic_OCD_Domain.txt（存在同名 YAML ./TaiheMusic/TaiheMusic_OCD_Domain.yaml）
[2025-09-13 06:34:52] 跳过 TXT：./U17/U17_OCD_IP.txt（存在同名 YAML ./U17/U17_OCD_IP.yaml）
[2025-09-13 06:34:52] 跳过 TXT：./U17/U17_OCD_Domain.txt（存在同名 YAML ./U17/U17_OCD_Domain.yaml）
[2025-09-13 06:34:52] 跳过 TXT：./TrustWave/TrustWave_OCD_Domain.txt（存在同名 YAML ./TrustWave/TrustWave_OCD_Domain.yaml）
[2025-09-13 06:34:52] 跳过 TXT：./TrustWave/TrustWave_OCD_IP.txt（存在同名 YAML ./TrustWave/TrustWave_OCD_IP.yaml）
[2025-09-13 06:34:52] 跳过 TXT：./Apkpure/Apkpure_OCD_Domain.txt（存在同名 YAML ./Apkpure/Apkpure_OCD_Domain.yaml）
[2025-09-13 06:34:52] 跳过 TXT：./Apkpure/Apkpure_OCD_IP.txt（存在同名 YAML ./Apkpure/Apkpure_OCD_IP.yaml）
[2025-09-13 06:34:52] 跳过 TXT：./SFExpress/SFExpress_OCD_IP.txt（存在同名 YAML ./SFExpress/SFExpress_OCD_IP.yaml）
[2025-09-13 06:34:52] 跳过 TXT：./SFExpress/SFExpress_OCD_Domain.txt（存在同名 YAML ./SFExpress/SFExpress_OCD_Domain.yaml）
[2025-09-13 06:34:52] 跳过 TXT：./RTHK/RTHK_OCD_Domain.txt（存在同名 YAML ./RTHK/RTHK_OCD_Domain.yaml）
[2025-09-13 06:34:52] 跳过 TXT：./RTHK/RTHK_OCD_IP.txt（存在同名 YAML ./RTHK/RTHK_OCD_IP.yaml）
[2025-09-13 06:34:52] 跳过 TXT：./FitnessPlus/FitnessPlus_OCD_IP.txt（存在同名 YAML ./FitnessPlus/FitnessPlus_OCD_IP.yaml）
[2025-09-13 06:34:52] 跳过 TXT：./FitnessPlus/FitnessPlus_OCD_Domain.txt（存在同名 YAML ./FitnessPlus/FitnessPlus_OCD_Domain.yaml）
[2025-09-13 06:34:52] 跳过 TXT：./AppleNews/AppleNews_OCD_IP.txt（存在同名 YAML ./AppleNews/AppleNews_OCD_IP.yaml）
[2025-09-13 06:34:52] 跳过 TXT：./AppleNews/AppleNews_OCD_Domain.txt（存在同名 YAML ./AppleNews/AppleNews_OCD_Domain.yaml）
[2025-09-13 06:34:52] 跳过 TXT：./MeiTu/MeiTu_OCD_IP.txt（存在同名 YAML ./MeiTu/MeiTu_OCD_IP.yaml）
[2025-09-13 06:34:52] 跳过 TXT：./MeiTu/MeiTu_OCD_Domain.txt（存在同名 YAML ./MeiTu/MeiTu_OCD_Domain.yaml）
[2025-09-13 06:34:52] 跳过 TXT：./Netflix/Netflix_OCD_IP.txt（存在同名 YAML ./Netflix/Netflix_OCD_IP.yaml）
[2025-09-13 06:34:52] 跳过 TXT：./Netflix/Netflix_OCD_Domain.txt（存在同名 YAML ./Netflix/Netflix_OCD_Domain.yaml）
[2025-09-13 06:34:52] 跳过 TXT：./Udacity/Udacity_OCD_IP.txt（存在同名 YAML ./Udacity/Udacity_OCD_IP.yaml）
[2025-09-13 06:34:52] 跳过 TXT：./Udacity/Udacity_OCD_Domain.txt（存在同名 YAML ./Udacity/Udacity_OCD_Domain.yaml）
[2025-09-13 06:34:52] 跳过 TXT：./TeamViewer/TeamViewer_OCD_IP.txt（存在同名 YAML ./TeamViewer/TeamViewer_OCD_IP.yaml）
[2025-09-13 06:34:52] 跳过 TXT：./TeamViewer/TeamViewer_OCD_Domain.txt（存在同名 YAML ./TeamViewer/TeamViewer_OCD_Domain.yaml）
[2025-09-13 06:34:52] 跳过 TXT：./CaiXinChuanMei/CaiXinChuanMei_OCD_Domain.txt（存在同名 YAML ./CaiXinChuanMei/CaiXinChuanMei_OCD_Domain.yaml）
[2025-09-13 06:34:52] 跳过 TXT：./CaiXinChuanMei/CaiXinChuanMei_OCD_IP.txt（存在同名 YAML ./CaiXinChuanMei/CaiXinChuanMei_OCD_IP.yaml）
[2025-09-13 06:34:52] 跳过 TXT：./AdGuardSDNSFilter/Direct/Direct_OCD_Domain.txt（存在同名 YAML ./AdGuardSDNSFilter/Direct/Direct_OCD_Domain.yaml）
[2025-09-13 06:34:52] 跳过 TXT：./AdGuardSDNSFilter/Direct/Direct_OCD_IP.txt（存在同名 YAML ./AdGuardSDNSFilter/Direct/Direct_OCD_IP.yaml）
[2025-09-13 06:34:52] 跳过 TXT：./AdGuardSDNSFilter/AdGuardSDNSFilter_OCD_Domain.txt（存在同名 YAML ./AdGuardSDNSFilter/AdGuardSDNSFilter_OCD_Domain.yaml）
[2025-09-13 06:34:52] 跳过 TXT：./AdGuardSDNSFilter/AdGuardSDNSFilter_OCD_IP.txt（存在同名 YAML ./AdGuardSDNSFilter/AdGuardSDNSFilter_OCD_IP.yaml）
[2025-09-13 06:34:52] 跳过 TXT：./Arphic/Arphic_OCD_Domain.txt（存在同名 YAML ./Arphic/Arphic_OCD_Domain.yaml）
[2025-09-13 06:34:52] 跳过 TXT：./Arphic/Arphic_OCD_IP.txt（存在同名 YAML ./Arphic/Arphic_OCD_IP.yaml）
[2025-09-13 06:34:52] 跳过 TXT：./Sony/Sony_OCD_Domain.txt（存在同名 YAML ./Sony/Sony_OCD_Domain.yaml）
[2025-09-13 06:34:52] 跳过 TXT：./Sony/Sony_OCD_IP.txt（存在同名 YAML ./Sony/Sony_OCD_IP.yaml）
[2025-09-13 06:34:52] 跳过 TXT：./Tesla/Tesla_OCD_IP.txt（存在同名 YAML ./Tesla/Tesla_OCD_IP.yaml）
[2025-09-13 06:34:52] 跳过 TXT：./Tesla/Tesla_OCD_Domain.txt（存在同名 YAML ./Tesla/Tesla_OCD_Domain.yaml）
[2025-09-13 06:34:52] 跳过 TXT：./BaoFengYingYin/BaoFengYingYin_OCD_IP.txt（存在同名 YAML ./BaoFengYingYin/BaoFengYingYin_OCD_IP.yaml）
[2025-09-13 06:34:52] 跳过 TXT：./BaoFengYingYin/BaoFengYingYin_OCD_Domain.txt（存在同名 YAML ./BaoFengYingYin/BaoFengYingYin_OCD_Domain.yaml）
[2025-09-13 06:34:52] 跳过 TXT：./Disney/Disney_OCD_Domain.txt（存在同名 YAML ./Disney/Disney_OCD_Domain.yaml）
[2025-09-13 06:34:52] 跳过 TXT：./Disney/Disney_OCD_IP.txt（存在同名 YAML ./Disney/Disney_OCD_IP.yaml）
[2025-09-13 06:34:52] 跳过 TXT：./Sectigo/Sectigo_OCD_Domain.txt（存在同名 YAML ./Sectigo/Sectigo_OCD_Domain.yaml）
[2025-09-13 06:34:52] 跳过 TXT：./Sectigo/Sectigo_OCD_IP.txt（存在同名 YAML ./Sectigo/Sectigo_OCD_IP.yaml）
[2025-09-13 06:34:52] 跳过 TXT：./XiaoGouKeJi/XiaoGouKeJi_OCD_IP.txt（存在同名 YAML ./XiaoGouKeJi/XiaoGouKeJi_OCD_IP.yaml）
[2025-09-13 06:34:52] 跳过 TXT：./XiaoGouKeJi/XiaoGouKeJi_OCD_Domain.txt（存在同名 YAML ./XiaoGouKeJi/XiaoGouKeJi_OCD_Domain.yaml）
[2025-09-13 06:34:52] 跳过 TXT：./Domob/Domob_OCD_Domain.txt（存在同名 YAML ./Domob/Domob_OCD_Domain.yaml）
[2025-09-13 06:34:52] 跳过 TXT：./Domob/Domob_OCD_IP.txt（存在同名 YAML ./Domob/Domob_OCD_IP.yaml）
[2025-09-13 06:34:52] 跳过 TXT：./Wanfang/Wanfang_OCD_IP.txt（存在同名 YAML ./Wanfang/Wanfang_OCD_IP.yaml）
[2025-09-13 06:34:52] 跳过 TXT：./Wanfang/Wanfang_OCD_Domain.txt（存在同名 YAML ./Wanfang/Wanfang_OCD_Domain.yaml）
[2025-09-13 06:34:52] 跳过 TXT：./ShangHaiJuXiao/ShangHaiJuXiao_OCD_IP.txt（存在同名 YAML ./ShangHaiJuXiao/ShangHaiJuXiao_OCD_IP.yaml）
[2025-09-13 06:34:52] 跳过 TXT：./ShangHaiJuXiao/ShangHaiJuXiao_OCD_Domain.txt（存在同名 YAML ./ShangHaiJuXiao/ShangHaiJuXiao_OCD_Domain.yaml）
[2025-09-13 06:34:52] 跳过 TXT：./AnandTech/AnandTech_OCD_IP.txt（存在同名 YAML ./AnandTech/AnandTech_OCD_IP.yaml）
[2025-09-13 06:34:52] 跳过 TXT：./AnandTech/AnandTech_OCD_Domain.txt（存在同名 YAML ./AnandTech/AnandTech_OCD_Domain.yaml）
[2025-09-13 06:34:52] 跳过 TXT：./KKTV/KKTV_OCD_Domain.txt（存在同名 YAML ./KKTV/KKTV_OCD_Domain.yaml）
[2025-09-13 06:34:52] 跳过 TXT：./KKTV/KKTV_OCD_IP.txt（存在同名 YAML ./KKTV/KKTV_OCD_IP.yaml）
[2025-09-13 06:34:52] 跳过 TXT：./Scholar/Scholar_OCD_IP.txt（存在同名 YAML ./Scholar/Scholar_OCD_IP.yaml）
[2025-09-13 06:34:52] 跳过 TXT：./Scholar/Scholar_OCD_Domain.txt（存在同名 YAML ./Scholar/Scholar_OCD_Domain.yaml）
[2025-09-13 06:34:52] 跳过 TXT：./GaoDe/GaoDe_OCD_Domain.txt（存在同名 YAML ./GaoDe/GaoDe_OCD_Domain.yaml）
[2025-09-13 06:34:52] 跳过 TXT：./GaoDe/GaoDe_OCD_IP.txt（存在同名 YAML ./GaoDe/GaoDe_OCD_IP.yaml）
[2025-09-13 06:34:52] 跳过 TXT：./Beats/Beats_OCD_Domain.txt（存在同名 YAML ./Beats/Beats_OCD_Domain.yaml）
[2025-09-13 06:34:52] 跳过 TXT：./Beats/Beats_OCD_IP.txt（存在同名 YAML ./Beats/Beats_OCD_IP.yaml）
[2025-09-13 06:34:52] 跳过 TXT：./SmarTone/SmarTone_OCD_Domain.txt（存在同名 YAML ./SmarTone/SmarTone_OCD_Domain.yaml）
[2025-09-13 06:34:52] 跳过 TXT：./SmarTone/SmarTone_OCD_IP.txt（存在同名 YAML ./SmarTone/SmarTone_OCD_IP.yaml）
[2025-09-13 06:34:52] 跳过 TXT：./WIX/WIX_OCD_IP.txt（存在同名 YAML ./WIX/WIX_OCD_IP.yaml）
[2025-09-13 06:34:52] 跳过 TXT：./WIX/WIX_OCD_Domain.txt（存在同名 YAML ./WIX/WIX_OCD_Domain.yaml）
[2025-09-13 06:34:52] 跳过 TXT：./ProxyLite/ProxyLite_OCD_IP.txt（存在同名 YAML ./ProxyLite/ProxyLite_OCD_IP.yaml）
[2025-09-13 06:34:52] 跳过 TXT：./ProxyLite/ProxyLite_OCD_Domain.txt（存在同名 YAML ./ProxyLite/ProxyLite_OCD_Domain.yaml）
[2025-09-13 06:34:52] 跳过 TXT：./Bootcss/Bootcss_OCD_IP.txt（存在同名 YAML ./Bootcss/Bootcss_OCD_IP.yaml）
[2025-09-13 06:34:52] 跳过 TXT：./Bootcss/Bootcss_OCD_Domain.txt（存在同名 YAML ./Bootcss/Bootcss_OCD_Domain.yaml）
[2025-09-13 06:34:52] 跳过 TXT：./Majsoul/Majsoul_OCD_Domain.txt（存在同名 YAML ./Majsoul/Majsoul_OCD_Domain.yaml）
[2025-09-13 06:34:52] 跳过 TXT：./Majsoul/Majsoul_OCD_IP.txt（存在同名 YAML ./Majsoul/Majsoul_OCD_IP.yaml）
[2025-09-13 06:34:52] 跳过 TXT：./Mailru/Mailru_OCD_IP.txt（存在同名 YAML ./Mailru/Mailru_OCD_IP.yaml）
[2025-09-13 06:34:52] 跳过 TXT：./Mailru/Mailru_OCD_Domain.txt（存在同名 YAML ./Mailru/Mailru_OCD_Domain.yaml）
[2025-09-13 06:34:52] 跳过 TXT：./WeChat/WeChat_OCD_IP.txt（存在同名 YAML ./WeChat/WeChat_OCD_IP.yaml）
[2025-09-13 06:34:52] 跳过 TXT：./WeChat/WeChat_OCD_Domain.txt（存在同名 YAML ./WeChat/WeChat_OCD_Domain.yaml）
[2025-09-13 06:34:52] 跳过 TXT：./Adobe/Adobe_OCD_IP.txt（存在同名 YAML ./Adobe/Adobe_OCD_IP.yaml）
[2025-09-13 06:34:52] 跳过 TXT：./Adobe/Adobe_OCD_Domain.txt（存在同名 YAML ./Adobe/Adobe_OCD_Domain.yaml）
[2025-09-13 06:34:52] 跳过 TXT：./FreeCodeCamp/FreeCodeCamp_OCD_Domain.txt（存在同名 YAML ./FreeCodeCamp/FreeCodeCamp_OCD_Domain.yaml）
[2025-09-13 06:34:52] 跳过 TXT：./FreeCodeCamp/FreeCodeCamp_OCD_IP.txt（存在同名 YAML ./FreeCodeCamp/FreeCodeCamp_OCD_IP.yaml）
[2025-09-13 06:34:52] 跳过 TXT：./Dedao/Dedao_OCD_Domain.txt（存在同名 YAML ./Dedao/Dedao_OCD_Domain.yaml）
[2025-09-13 06:34:52] 跳过 TXT：./Dedao/Dedao_OCD_IP.txt（存在同名 YAML ./Dedao/Dedao_OCD_IP.yaml）
[2025-09-13 06:34:52] 跳过 TXT：./LondonReal/LondonReal_OCD_Domain.txt（存在同名 YAML ./LondonReal/LondonReal_OCD_Domain.yaml）
[2025-09-13 06:34:52] 跳过 TXT：./LondonReal/LondonReal_OCD_IP.txt（存在同名 YAML ./LondonReal/LondonReal_OCD_IP.yaml）
[2025-09-13 06:34:52] 跳过 TXT：./Cisco/Cisco_OCD_IP.txt（存在同名 YAML ./Cisco/Cisco_OCD_IP.yaml）
[2025-09-13 06:34:52] 跳过 TXT：./Cisco/Cisco_OCD_Domain.txt（存在同名 YAML ./Cisco/Cisco_OCD_Domain.yaml）
[2025-09-13 06:34:52] 跳过 TXT：./CKJR/CKJR_OCD_Domain.txt（存在同名 YAML ./CKJR/CKJR_OCD_Domain.yaml）
[2025-09-13 06:34:52] 跳过 TXT：./CKJR/CKJR_OCD_IP.txt（存在同名 YAML ./CKJR/CKJR_OCD_IP.yaml）
[2025-09-13 06:34:52] 跳过 TXT：./GitHub/GitHub_OCD_Domain.txt（存在同名 YAML ./GitHub/GitHub_OCD_Domain.yaml）
[2025-09-13 06:34:52] 跳过 TXT：./GitHub/GitHub_OCD_IP.txt（存在同名 YAML ./GitHub/GitHub_OCD_IP.yaml）
[2025-09-13 06:34:52] 跳过 TXT：./Bing/Bing_OCD_IP.txt（存在同名 YAML ./Bing/Bing_OCD_IP.yaml）
[2025-09-13 06:34:52] 跳过 TXT：./Bing/Bing_OCD_Domain.txt（存在同名 YAML ./Bing/Bing_OCD_Domain.yaml）
[2025-09-13 06:34:52] 跳过 TXT：./SlideShare/SlideShare_OCD_Domain.txt（存在同名 YAML ./SlideShare/SlideShare_OCD_Domain.yaml）
[2025-09-13 06:34:52] 跳过 TXT：./SlideShare/SlideShare_OCD_IP.txt（存在同名 YAML ./SlideShare/SlideShare_OCD_IP.yaml）
[2025-09-13 06:34:52] 跳过 TXT：./Cloud/KingsoftCloud/KingsoftCloud_OCD_IP.txt（存在同名 YAML ./Cloud/KingsoftCloud/KingsoftCloud_OCD_IP.yaml）
[2025-09-13 06:34:52] 跳过 TXT：./Cloud/KingsoftCloud/KingsoftCloud_OCD_Domain.txt（存在同名 YAML ./Cloud/KingsoftCloud/KingsoftCloud_OCD_Domain.yaml）
[2025-09-13 06:34:52] 跳过 TXT：./Cloud/HuaweiCloud/HuaweiCloud_OCD_Domain.txt（存在同名 YAML ./Cloud/HuaweiCloud/HuaweiCloud_OCD_Domain.yaml）
[2025-09-13 06:34:52] 跳过 TXT：./Cloud/HuaweiCloud/HuaweiCloud_OCD_IP.txt（存在同名 YAML ./Cloud/HuaweiCloud/HuaweiCloud_OCD_IP.yaml）
[2025-09-13 06:34:52] 跳过 TXT：./Cloud/AkamaiCloud/AkamaiCloud_OCD_IP.txt（存在同名 YAML ./Cloud/AkamaiCloud/AkamaiCloud_OCD_IP.yaml）
[2025-09-13 06:34:52] 跳过 TXT：./Cloud/AkamaiCloud/AkamaiCloud_OCD_Domain.txt（存在同名 YAML ./Cloud/AkamaiCloud/AkamaiCloud_OCD_Domain.yaml）
[2025-09-13 06:34:52] 跳过 TXT：./Cloud/BaiduCloud/BaiduCloud_OCD_IP.txt（存在同名 YAML ./Cloud/BaiduCloud/BaiduCloud_OCD_IP.yaml）
[2025-09-13 06:34:52] 跳过 TXT：./Cloud/BaiduCloud/BaiduCloud_OCD_Domain.txt（存在同名 YAML ./Cloud/BaiduCloud/BaiduCloud_OCD_Domain.yaml）
[2025-09-13 06:34:52] 跳过 TXT：./Cloud/360Cloud/360Cloud_OCD_IP.txt（存在同名 YAML ./Cloud/360Cloud/360Cloud_OCD_IP.yaml）
[2025-09-13 06:34:52] 跳过 TXT：./Cloud/360Cloud/360Cloud_OCD_Domain.txt（存在同名 YAML ./Cloud/360Cloud/360Cloud_OCD_Domain.yaml）
[2025-09-13 06:34:52] 跳过 TXT：./Cloud/AmazonCloud/AmazonCloud_OCD_IP.txt（存在同名 YAML ./Cloud/AmazonCloud/AmazonCloud_OCD_IP.yaml）
[2025-09-13 06:34:52] 跳过 TXT：./Cloud/AmazonCloud/AmazonCloud_OCD_Domain.txt（存在同名 YAML ./Cloud/AmazonCloud/AmazonCloud_OCD_Domain.yaml）
[2025-09-13 06:34:52] 跳过 TXT：./Cloud/HiNet/HiNet_OCD_Domain.txt（存在同名 YAML ./Cloud/HiNet/HiNet_OCD_Domain.yaml）
[2025-09-13 06:34:52] 跳过 TXT：./Cloud/HiNet/HiNet_OCD_IP.txt（存在同名 YAML ./Cloud/HiNet/HiNet_OCD_IP.yaml）
[2025-09-13 06:34:52] 跳过 TXT：./Cloud/CloudCN/CloudCN_OCD_Domain.txt（存在同名 YAML ./Cloud/CloudCN/CloudCN_OCD_Domain.yaml）
[2025-09-13 06:34:52] 跳过 TXT：./Cloud/CloudCN/CloudCN_OCD_IP.txt（存在同名 YAML ./Cloud/CloudCN/CloudCN_OCD_IP.yaml）
[2025-09-13 06:34:52] 跳过 TXT：./Cloud/NeteaseCloud/NeteaseCloud_OCD_IP.txt（存在同名 YAML ./Cloud/NeteaseCloud/NeteaseCloud_OCD_IP.yaml）
[2025-09-13 06:34:52] 跳过 TXT：./Cloud/NeteaseCloud/NeteaseCloud_OCD_Domain.txt（存在同名 YAML ./Cloud/NeteaseCloud/NeteaseCloud_OCD_Domain.yaml）
[2025-09-13 06:34:52] 跳过 TXT：./Cloud/CloudGlobal/CloudGlobal_OCD_IP.txt（存在同名 YAML ./Cloud/CloudGlobal/CloudGlobal_OCD_IP.yaml）
[2025-09-13 06:34:52] 跳过 TXT：./Cloud/CloudGlobal/CloudGlobal_OCD_Domain.txt（存在同名 YAML ./Cloud/CloudGlobal/CloudGlobal_OCD_Domain.yaml）
[2025-09-13 06:34:52] 跳过 TXT：./Cloud/JingDongCloud/JingDongCloud_OCD_Domain.txt（存在同名 YAML ./Cloud/JingDongCloud/JingDongCloud_OCD_Domain.yaml）
[2025-09-13 06:34:52] 跳过 TXT：./Cloud/JingDongCloud/JingDongCloud_OCD_IP.txt（存在同名 YAML ./Cloud/JingDongCloud/JingDongCloud_OCD_IP.yaml）
[2025-09-13 06:34:52] 跳过 TXT：./Cloud/TencentCloud/TencentCloud_OCD_IP.txt（存在同名 YAML ./Cloud/TencentCloud/TencentCloud_OCD_IP.yaml）
[2025-09-13 06:34:52] 跳过 TXT：./Cloud/TencentCloud/TencentCloud_OCD_Domain.txt（存在同名 YAML ./Cloud/TencentCloud/TencentCloud_OCD_Domain.yaml）
[2025-09-13 06:34:52] 跳过 TXT：./Microsoft/Microsoft_OCD_IP.txt（存在同名 YAML ./Microsoft/Microsoft_OCD_IP.yaml）
[2025-09-13 06:34:52] 跳过 TXT：./Microsoft/Microsoft_OCD_Domain.txt（存在同名 YAML ./Microsoft/Microsoft_OCD_Domain.yaml）
[2025-09-13 06:34:52] 跳过 TXT：./QuickConnect/QuickConnect_OCD_Domain.txt（存在同名 YAML ./QuickConnect/QuickConnect_OCD_Domain.yaml）
[2025-09-13 06:34:52] 跳过 TXT：./QuickConnect/QuickConnect_OCD_IP.txt（存在同名 YAML ./QuickConnect/QuickConnect_OCD_IP.yaml）
[2025-09-13 06:34:52] 跳过 TXT：./DiDi/DiDi_OCD_Domain.txt（存在同名 YAML ./DiDi/DiDi_OCD_Domain.yaml）
[2025-09-13 06:34:52] 跳过 TXT：./DiDi/DiDi_OCD_IP.txt（存在同名 YAML ./DiDi/DiDi_OCD_IP.yaml）
[2025-09-13 06:34:52] 跳过 TXT：./JiGuangTuiSong/JiGuangTuiSong_OCD_Domain.txt（存在同名 YAML ./JiGuangTuiSong/JiGuangTuiSong_OCD_Domain.yaml）
[2025-09-13 06:34:52] 跳过 TXT：./JiGuangTuiSong/JiGuangTuiSong_OCD_IP.txt（存在同名 YAML ./JiGuangTuiSong/JiGuangTuiSong_OCD_IP.yaml）
[2025-09-13 06:34:52] 跳过 TXT：./ALJazeera/ALJazeera_OCD_IP.txt（存在同名 YAML ./ALJazeera/ALJazeera_OCD_IP.yaml）
[2025-09-13 06:34:52] 跳过 TXT：./ALJazeera/ALJazeera_OCD_Domain.txt（存在同名 YAML ./ALJazeera/ALJazeera_OCD_Domain.yaml）
[2025-09-13 06:34:52] 跳过 TXT：./China/China_OCD_Domain.txt（存在同名 YAML ./China/China_OCD_Domain.yaml）
[2025-09-13 06:34:52] 跳过 TXT：./China/China_OCD_IP.txt（存在同名 YAML ./China/China_OCD_IP.yaml）
[2025-09-13 06:34:52] 跳过 TXT：./AppleTV/AppleTV_OCD_Domain.txt（存在同名 YAML ./AppleTV/AppleTV_OCD_Domain.yaml）
[2025-09-13 06:34:52] 跳过 TXT：./AppleTV/AppleTV_OCD_IP.txt（存在同名 YAML ./AppleTV/AppleTV_OCD_IP.yaml）
[2025-09-13 06:34:52] 跳过 TXT：./SteamCN/SteamCN_OCD_Domain.txt（存在同名 YAML ./SteamCN/SteamCN_OCD_Domain.yaml）
[2025-09-13 06:34:52] 跳过 TXT：./SteamCN/SteamCN_OCD_IP.txt（存在同名 YAML ./SteamCN/SteamCN_OCD_IP.yaml）
[2025-09-13 06:34:52] 跳过 TXT：./XieCheng/XieCheng_OCD_Domain.txt（存在同名 YAML ./XieCheng/XieCheng_OCD_Domain.yaml）
[2025-09-13 06:34:52] 跳过 TXT：./XieCheng/XieCheng_OCD_IP.txt（存在同名 YAML ./XieCheng/XieCheng_OCD_IP.yaml）
[2025-09-13 06:34:52] 跳过 TXT：./YiXiaKeJi/YiXiaKeJi_OCD_IP.txt（存在同名 YAML ./YiXiaKeJi/YiXiaKeJi_OCD_IP.yaml）
[2025-09-13 06:34:52] 跳过 TXT：./YiXiaKeJi/YiXiaKeJi_OCD_Domain.txt（存在同名 YAML ./YiXiaKeJi/YiXiaKeJi_OCD_Domain.yaml）
[2025-09-13 06:34:52] 跳过 TXT：./iCloudPrivateRelay/iCloudPrivateRelay_OCD_IP.txt（存在同名 YAML ./iCloudPrivateRelay/iCloudPrivateRelay_OCD_IP.yaml）
[2025-09-13 06:34:52] 跳过 TXT：./iCloudPrivateRelay/iCloudPrivateRelay_OCD_Domain.txt（存在同名 YAML ./iCloudPrivateRelay/iCloudPrivateRelay_OCD_Domain.yaml）
[2025-09-13 06:34:52] 跳过 TXT：./Xunlei/Xunlei_OCD_IP.txt（存在同名 YAML ./Xunlei/Xunlei_OCD_IP.yaml）
[2025-09-13 06:34:52] 跳过 TXT：./Xunlei/Xunlei_OCD_Domain.txt（存在同名 YAML ./Xunlei/Xunlei_OCD_Domain.yaml）
[2025-09-13 06:34:52] 跳过 TXT：./FengXiaWangLuo/FengXiaWangLuo_OCD_IP.txt（存在同名 YAML ./FengXiaWangLuo/FengXiaWangLuo_OCD_IP.yaml）
[2025-09-13 06:34:52] 跳过 TXT：./FengXiaWangLuo/FengXiaWangLuo_OCD_Domain.txt（存在同名 YAML ./FengXiaWangLuo/FengXiaWangLuo_OCD_Domain.yaml）
[2025-09-13 06:34:52] 跳过 TXT：./Vancl/Vancl_OCD_Domain.txt（存在同名 YAML ./Vancl/Vancl_OCD_Domain.yaml）
[2025-09-13 06:34:52] 跳过 TXT：./Vancl/Vancl_OCD_IP.txt（存在同名 YAML ./Vancl/Vancl_OCD_IP.yaml）
[2025-09-13 06:34:52] 跳过 TXT：./Imgur/Imgur_OCD_IP.txt（存在同名 YAML ./Imgur/Imgur_OCD_IP.yaml）
[2025-09-13 06:34:52] 跳过 TXT：./Imgur/Imgur_OCD_Domain.txt（存在同名 YAML ./Imgur/Imgur_OCD_Domain.yaml）
[2025-09-13 06:34:52] 跳过 TXT：./BeStore/BeStore_OCD_IP.txt（存在同名 YAML ./BeStore/BeStore_OCD_IP.yaml）
[2025-09-13 06:34:52] 跳过 TXT：./BeStore/BeStore_OCD_Domain.txt（存在同名 YAML ./BeStore/BeStore_OCD_Domain.yaml）
[2025-09-13 06:34:52] 跳过 TXT：./ShiNongZhiKe/ShiNongZhiKe_OCD_IP.txt（存在同名 YAML ./ShiNongZhiKe/ShiNongZhiKe_OCD_IP.yaml）
[2025-09-13 06:34:52] 跳过 TXT：./ShiNongZhiKe/ShiNongZhiKe_OCD_Domain.txt（存在同名 YAML ./ShiNongZhiKe/ShiNongZhiKe_OCD_Domain.yaml）
[2025-09-13 06:34:52] 跳过 TXT：./OnePlus/OnePlus_OCD_IP.txt（存在同名 YAML ./OnePlus/OnePlus_OCD_IP.yaml）
[2025-09-13 06:34:52] 跳过 TXT：./OnePlus/OnePlus_OCD_Domain.txt（存在同名 YAML ./OnePlus/OnePlus_OCD_Domain.yaml）
[2025-09-13 06:34:52] 跳过 TXT：./ShiJiChaoXing/ShiJiChaoXing_OCD_IP.txt（存在同名 YAML ./ShiJiChaoXing/ShiJiChaoXing_OCD_IP.yaml）
[2025-09-13 06:34:52] 跳过 TXT：./ShiJiChaoXing/ShiJiChaoXing_OCD_Domain.txt（存在同名 YAML ./ShiJiChaoXing/ShiJiChaoXing_OCD_Domain.yaml）
[2025-09-13 06:34:52] 跳过 TXT：./Spark/Spark_OCD_Domain.txt（存在同名 YAML ./Spark/Spark_OCD_Domain.yaml）
[2025-09-13 06:34:52] 跳过 TXT：./Spark/Spark_OCD_IP.txt（存在同名 YAML ./Spark/Spark_OCD_IP.yaml）
[2025-09-13 06:34:52] 跳过 TXT：./MEGA/MEGA_OCD_IP.txt（存在同名 YAML ./MEGA/MEGA_OCD_IP.yaml）
[2025-09-13 06:34:52] 跳过 TXT：./MEGA/MEGA_OCD_Domain.txt（存在同名 YAML ./MEGA/MEGA_OCD_Domain.yaml）
[2025-09-13 06:34:52] 跳过 TXT：./Twitch/Twitch_OCD_Domain.txt（存在同名 YAML ./Twitch/Twitch_OCD_Domain.yaml）
[2025-09-13 06:34:52] 跳过 TXT：./Twitch/Twitch_OCD_IP.txt（存在同名 YAML ./Twitch/Twitch_OCD_IP.yaml）
[2025-09-13 06:34:52] 跳过 TXT：./SublimeText/SublimeText_OCD_Domain.txt（存在同名 YAML ./SublimeText/SublimeText_OCD_Domain.yaml）
[2025-09-13 06:34:52] 跳过 TXT：./SublimeText/SublimeText_OCD_IP.txt（存在同名 YAML ./SublimeText/SublimeText_OCD_IP.yaml）
[2025-09-13 06:34:52] 跳过 TXT：./HibyMusic/HibyMusic_OCD_IP.txt（存在同名 YAML ./HibyMusic/HibyMusic_OCD_IP.yaml）
[2025-09-13 06:34:52] 跳过 TXT：./HibyMusic/HibyMusic_OCD_Domain.txt（存在同名 YAML ./HibyMusic/HibyMusic_OCD_Domain.yaml）
[2025-09-13 06:34:52] 跳过 TXT：./Geely/Geely_OCD_Domain.txt（存在同名 YAML ./Geely/Geely_OCD_Domain.yaml）
[2025-09-13 06:34:52] 跳过 TXT：./Geely/Geely_OCD_IP.txt（存在同名 YAML ./Geely/Geely_OCD_IP.yaml）
[2025-09-13 06:34:52] 跳过 TXT：./Wikipedia/Wikipedia_OCD_IP.txt（存在同名 YAML ./Wikipedia/Wikipedia_OCD_IP.yaml）
[2025-09-13 06:34:52] 跳过 TXT：./Wikipedia/Wikipedia_OCD_Domain.txt（存在同名 YAML ./Wikipedia/Wikipedia_OCD_Domain.yaml）
[2025-09-13 06:34:52] 跳过 TXT：./YiChe/YiChe_OCD_Domain.txt（存在同名 YAML ./YiChe/YiChe_OCD_Domain.yaml）
[2025-09-13 06:34:52] 跳过 TXT：./YiChe/YiChe_OCD_IP.txt（存在同名 YAML ./YiChe/YiChe_OCD_IP.yaml）
[2025-09-13 06:34:52] 跳过 TXT：./DMM/DMM_OCD_Domain.txt（存在同名 YAML ./DMM/DMM_OCD_Domain.yaml）
[2025-09-13 06:34:52] 跳过 TXT：./DMM/DMM_OCD_IP.txt（存在同名 YAML ./DMM/DMM_OCD_IP.yaml）
[2025-09-13 06:34:52] 跳过 TXT：./DtDNS/DtDNS_OCD_IP.txt（存在同名 YAML ./DtDNS/DtDNS_OCD_IP.yaml）
[2025-09-13 06:34:52] 跳过 TXT：./DtDNS/DtDNS_OCD_Domain.txt（存在同名 YAML ./DtDNS/DtDNS_OCD_Domain.yaml）
[2025-09-13 06:34:52] 跳过 TXT：./Gettyimages/Gettyimages_OCD_IP.txt（存在同名 YAML ./Gettyimages/Gettyimages_OCD_IP.yaml）
[2025-09-13 06:34:52] 跳过 TXT：./Gettyimages/Gettyimages_OCD_Domain.txt（存在同名 YAML ./Gettyimages/Gettyimages_OCD_Domain.yaml）
[2025-09-13 06:34:52] 跳过 TXT：./BardAI/BardAI_OCD_Domain.txt（存在同名 YAML ./BardAI/BardAI_OCD_Domain.yaml）
[2025-09-13 06:34:52] 跳过 TXT：./BardAI/BardAI_OCD_IP.txt（存在同名 YAML ./BardAI/BardAI_OCD_IP.yaml）
[2025-09-13 06:34:52] 跳过 TXT：./Verisign/Verisign_OCD_Domain.txt（存在同名 YAML ./Verisign/Verisign_OCD_Domain.yaml）
[2025-09-13 06:34:52] 跳过 TXT：./Verisign/Verisign_OCD_IP.txt（存在同名 YAML ./Verisign/Verisign_OCD_IP.yaml）
[2025-09-13 06:34:52] 跳过 TXT：./AmazonIP/AmazonIP_OCD_Domain.txt（存在同名 YAML ./AmazonIP/AmazonIP_OCD_Domain.yaml）
[2025-09-13 06:34:52] 跳过 TXT：./AmazonIP/AmazonIP_OCD_IP.txt（存在同名 YAML ./AmazonIP/AmazonIP_OCD_IP.yaml）
[2025-09-13 06:34:52] 跳过 TXT：./Emojipedia/Emojipedia_OCD_Domain.txt（存在同名 YAML ./Emojipedia/Emojipedia_OCD_Domain.yaml）
[2025-09-13 06:34:52] 跳过 TXT：./Emojipedia/Emojipedia_OCD_IP.txt（存在同名 YAML ./Emojipedia/Emojipedia_OCD_IP.yaml）
[2025-09-13 06:34:52] 跳过 TXT：./178/178_OCD_Domain.txt（存在同名 YAML ./178/178_OCD_Domain.yaml）
[2025-09-13 06:34:52] 跳过 TXT：./178/178_OCD_IP.txt（存在同名 YAML ./178/178_OCD_IP.yaml）
[2025-09-13 06:34:52] 跳过 TXT：./GoogleSearch/GoogleSearch_OCD_IP.txt（存在同名 YAML ./GoogleSearch/GoogleSearch_OCD_IP.yaml）
[2025-09-13 06:34:52] 跳过 TXT：./GoogleSearch/GoogleSearch_OCD_Domain.txt（存在同名 YAML ./GoogleSearch/GoogleSearch_OCD_Domain.yaml）
[2025-09-13 06:34:52] 跳过 TXT：./ABC/ABC_OCD_Domain.txt（存在同名 YAML ./ABC/ABC_OCD_Domain.yaml）
[2025-09-13 06:34:52] 跳过 TXT：./ABC/ABC_OCD_IP.txt（存在同名 YAML ./ABC/ABC_OCD_IP.yaml）
[2025-09-13 06:34:52] 跳过 TXT：./Gucci/Gucci_OCD_Domain.txt（存在同名 YAML ./Gucci/Gucci_OCD_Domain.yaml）
[2025-09-13 06:34:52] 跳过 TXT：./Gucci/Gucci_OCD_IP.txt（存在同名 YAML ./Gucci/Gucci_OCD_IP.yaml）
[2025-09-13 06:34:52] 跳过 TXT：./Supercell/Supercell_OCD_Domain.txt（存在同名 YAML ./Supercell/Supercell_OCD_Domain.yaml）
[2025-09-13 06:34:52] 跳过 TXT：./Supercell/Supercell_OCD_IP.txt（存在同名 YAML ./Supercell/Supercell_OCD_IP.yaml）
[2025-09-13 06:34:52] 跳过 TXT：./Duckduckgo/Duckduckgo_OCD_Domain.txt（存在同名 YAML ./Duckduckgo/Duckduckgo_OCD_Domain.yaml）
[2025-09-13 06:34:52] 跳过 TXT：./Duckduckgo/Duckduckgo_OCD_IP.txt（存在同名 YAML ./Duckduckgo/Duckduckgo_OCD_IP.yaml）
[2025-09-13 06:34:52] 跳过 TXT：./Disqus/Disqus_OCD_IP.txt（存在同名 YAML ./Disqus/Disqus_OCD_IP.yaml）
[2025-09-13 06:34:52] 跳过 TXT：./Disqus/Disqus_OCD_Domain.txt（存在同名 YAML ./Disqus/Disqus_OCD_Domain.yaml）
[2025-09-13 06:34:52] 跳过 TXT：./WiFiMaster/WiFiMaster_OCD_IP.txt（存在同名 YAML ./WiFiMaster/WiFiMaster_OCD_IP.yaml）
[2025-09-13 06:34:52] 跳过 TXT：./WiFiMaster/WiFiMaster_OCD_Domain.txt（存在同名 YAML ./WiFiMaster/WiFiMaster_OCD_Domain.yaml）
[2025-09-13 06:34:52] 跳过 TXT：./FengHuangWang/FengHuangWang_OCD_IP.txt（存在同名 YAML ./FengHuangWang/FengHuangWang_OCD_IP.yaml）
[2025-09-13 06:34:52] 跳过 TXT：./FengHuangWang/FengHuangWang_OCD_Domain.txt（存在同名 YAML ./FengHuangWang/FengHuangWang_OCD_Domain.yaml）
[2025-09-13 06:34:52] 跳过 TXT：./ClubhouseIP/ClubhouseIP_OCD_IP.txt（存在同名 YAML ./ClubhouseIP/ClubhouseIP_OCD_IP.yaml）
[2025-09-13 06:34:52] 跳过 TXT：./ClubhouseIP/ClubhouseIP_OCD_Domain.txt（存在同名 YAML ./ClubhouseIP/ClubhouseIP_OCD_Domain.yaml）
[2025-09-13 06:34:52] 跳过 TXT：./Tencent/Tencent_OCD_IP.txt（存在同名 YAML ./Tencent/Tencent_OCD_IP.yaml）
[2025-09-13 06:34:52] 跳过 TXT：./Tencent/Tencent_OCD_Domain.txt（存在同名 YAML ./Tencent/Tencent_OCD_Domain.yaml）
[2025-09-13 06:34:52] 跳过 TXT：./BOC/BOC_OCD_Domain.txt（存在同名 YAML ./BOC/BOC_OCD_Domain.yaml）
[2025-09-13 06:34:52] 跳过 TXT：./BOC/BOC_OCD_IP.txt（存在同名 YAML ./BOC/BOC_OCD_IP.yaml）
[2025-09-13 06:34:52] 跳过 TXT：./MIUIPrivacy/MIUIPrivacy_OCD_IP.txt（存在同名 YAML ./MIUIPrivacy/MIUIPrivacy_OCD_IP.yaml）
[2025-09-13 06:34:52] 跳过 TXT：./MIUIPrivacy/MIUIPrivacy_OCD_Domain.txt（存在同名 YAML ./MIUIPrivacy/MIUIPrivacy_OCD_Domain.yaml）
[2025-09-13 06:34:52] 跳过 TXT：./Dailymail/Dailymail_OCD_IP.txt（存在同名 YAML ./Dailymail/Dailymail_OCD_IP.yaml）
[2025-09-13 06:34:52] 跳过 TXT：./Dailymail/Dailymail_OCD_Domain.txt（存在同名 YAML ./Dailymail/Dailymail_OCD_Domain.yaml）
[2025-09-13 06:34:52] 跳过 TXT：./RemoteDesktop/RemoteDesktop_OCD_IP.txt（存在同名 YAML ./RemoteDesktop/RemoteDesktop_OCD_IP.yaml）
[2025-09-13 06:34:52] 跳过 TXT：./RemoteDesktop/RemoteDesktop_OCD_Domain.txt（存在同名 YAML ./RemoteDesktop/RemoteDesktop_OCD_Domain.yaml）
[2025-09-13 06:34:52] 跳过 TXT：./Picsee/Picsee_OCD_Domain.txt（存在同名 YAML ./Picsee/Picsee_OCD_Domain.yaml）
[2025-09-13 06:34:52] 跳过 TXT：./Picsee/Picsee_OCD_IP.txt（存在同名 YAML ./Picsee/Picsee_OCD_IP.yaml）
[2025-09-13 06:34:52] 跳过 TXT：./KKBOX/KKBOX_OCD_IP.txt（存在同名 YAML ./KKBOX/KKBOX_OCD_IP.yaml）
[2025-09-13 06:34:52] 跳过 TXT：./KKBOX/KKBOX_OCD_Domain.txt（存在同名 YAML ./KKBOX/KKBOX_OCD_Domain.yaml）
[2025-09-13 06:34:52] 跳过 TXT：./SourceForge/SourceForge_OCD_IP.txt（存在同名 YAML ./SourceForge/SourceForge_OCD_IP.yaml）
[2025-09-13 06:34:52] 跳过 TXT：./SourceForge/SourceForge_OCD_Domain.txt（存在同名 YAML ./SourceForge/SourceForge_OCD_Domain.yaml）
[2025-09-13 06:34:52] 跳过 TXT：./8btc/8btc_OCD_Domain.txt（存在同名 YAML ./8btc/8btc_OCD_Domain.yaml）
[2025-09-13 06:34:52] 跳过 TXT：./8btc/8btc_OCD_IP.txt（存在同名 YAML ./8btc/8btc_OCD_IP.yaml）
[2025-09-13 06:34:52] 跳过 TXT：./EHGallery/EHGallery_OCD_Domain.txt（存在同名 YAML ./EHGallery/EHGallery_OCD_Domain.yaml）
[2025-09-13 06:34:52] 跳过 TXT：./EHGallery/EHGallery_OCD_IP.txt（存在同名 YAML ./EHGallery/EHGallery_OCD_IP.yaml）
[2025-09-13 06:34:52] 跳过 TXT：./TeraBox/TeraBox_OCD_Domain.txt（存在同名 YAML ./TeraBox/TeraBox_OCD_Domain.yaml）
[2025-09-13 06:34:52] 跳过 TXT：./TeraBox/TeraBox_OCD_IP.txt（存在同名 YAML ./TeraBox/TeraBox_OCD_IP.yaml）
[2025-09-13 06:34:52] 跳过 TXT：./Niconico/Niconico_OCD_Domain.txt（存在同名 YAML ./Niconico/Niconico_OCD_Domain.yaml）
[2025-09-13 06:34:52] 跳过 TXT：./Niconico/Niconico_OCD_IP.txt（存在同名 YAML ./Niconico/Niconico_OCD_IP.yaml）
[2025-09-13 06:34:52] 跳过 TXT：./UKMedia/UKMedia_OCD_Domain.txt（存在同名 YAML ./UKMedia/UKMedia_OCD_Domain.yaml）
[2025-09-13 06:34:52] 跳过 TXT：./UKMedia/UKMedia_OCD_IP.txt（存在同名 YAML ./UKMedia/UKMedia_OCD_IP.yaml）
[2025-09-13 06:34:52] 跳过 TXT：./ZhuanZhuan/ZhuanZhuan_OCD_Domain.txt（存在同名 YAML ./ZhuanZhuan/ZhuanZhuan_OCD_Domain.yaml）
[2025-09-13 06:34:52] 跳过 TXT：./ZhuanZhuan/ZhuanZhuan_OCD_IP.txt（存在同名 YAML ./ZhuanZhuan/ZhuanZhuan_OCD_IP.yaml）
[2025-09-13 06:34:52] 跳过 TXT：./Baidu/Baidu_OCD_Domain.txt（存在同名 YAML ./Baidu/Baidu_OCD_Domain.yaml）
[2025-09-13 06:34:52] 跳过 TXT：./Baidu/Baidu_OCD_IP.txt（存在同名 YAML ./Baidu/Baidu_OCD_IP.yaml）
[2025-09-13 06:34:52] 跳过 TXT：./CableTV/CableTV_OCD_Domain.txt（存在同名 YAML ./CableTV/CableTV_OCD_Domain.yaml）
[2025-09-13 06:34:52] 跳过 TXT：./CableTV/CableTV_OCD_IP.txt（存在同名 YAML ./CableTV/CableTV_OCD_IP.yaml）
[2025-09-13 06:34:52] 跳过 TXT：./Gog/Gog_OCD_IP.txt（存在同名 YAML ./Gog/Gog_OCD_IP.yaml）
[2025-09-13 06:34:52] 跳过 TXT：./Gog/Gog_OCD_Domain.txt（存在同名 YAML ./Gog/Gog_OCD_Domain.yaml）
[2025-09-13 06:34:52] 跳过 TXT：./Viki/Viki_OCD_IP.txt（存在同名 YAML ./Viki/Viki_OCD_IP.yaml）
[2025-09-13 06:34:52] 跳过 TXT：./Viki/Viki_OCD_Domain.txt（存在同名 YAML ./Viki/Viki_OCD_Domain.yaml）
[2025-09-13 06:34:52] 跳过 TXT：./NaSDDNS/NaSDDNS_OCD_IP.txt（存在同名 YAML ./NaSDDNS/NaSDDNS_OCD_IP.yaml）
[2025-09-13 06:34:52] 跳过 TXT：./NaSDDNS/NaSDDNS_OCD_Domain.txt（存在同名 YAML ./NaSDDNS/NaSDDNS_OCD_Domain.yaml）
[2025-09-13 06:34:52] 跳过 TXT：./Kantv/Kantv_OCD_Domain.txt（存在同名 YAML ./Kantv/Kantv_OCD_Domain.yaml）
[2025-09-13 06:34:52] 跳过 TXT：./Kantv/Kantv_OCD_IP.txt（存在同名 YAML ./Kantv/Kantv_OCD_IP.yaml）
[2025-09-13 06:34:52] 跳过 TXT：./Crypto/Crypto_OCD_IP.txt（存在同名 YAML ./Crypto/Crypto_OCD_IP.yaml）
[2025-09-13 06:34:52] 跳过 TXT：./Crypto/Crypto_OCD_Domain.txt（存在同名 YAML ./Crypto/Crypto_OCD_Domain.yaml）
[2025-09-13 06:34:52] 跳过 TXT：./XiaoMi/XiaoMi_OCD_Domain.txt（存在同名 YAML ./XiaoMi/XiaoMi_OCD_Domain.yaml）
[2025-09-13 06:34:52] 跳过 TXT：./XiaoMi/XiaoMi_OCD_IP.txt（存在同名 YAML ./XiaoMi/XiaoMi_OCD_IP.yaml）
[2025-09-13 06:34:52] 跳过 TXT：./ChinaDNS/ChinaDNS_OCD_IP.txt（存在同名 YAML ./ChinaDNS/ChinaDNS_OCD_IP.yaml）
[2025-09-13 06:34:52] 跳过 TXT：./ChinaDNS/ChinaDNS_OCD_Domain.txt（存在同名 YAML ./ChinaDNS/ChinaDNS_OCD_Domain.yaml）
[2025-09-13 06:34:52] 跳过 TXT：./Picacg/Picacg_OCD_Domain.txt（存在同名 YAML ./Picacg/Picacg_OCD_Domain.yaml）
[2025-09-13 06:34:52] 跳过 TXT：./Picacg/Picacg_OCD_IP.txt（存在同名 YAML ./Picacg/Picacg_OCD_IP.yaml）
[2025-09-13 06:34:52] 跳过 TXT：./HamiVideo/HamiVideo_OCD_IP.txt（存在同名 YAML ./HamiVideo/HamiVideo_OCD_IP.yaml）
[2025-09-13 06:34:52] 跳过 TXT：./HamiVideo/HamiVideo_OCD_Domain.txt（存在同名 YAML ./HamiVideo/HamiVideo_OCD_Domain.yaml）
[2025-09-13 06:34:52] 跳过 TXT：./AmazonCN/AmazonCN_OCD_IP.txt（存在同名 YAML ./AmazonCN/AmazonCN_OCD_IP.yaml）
[2025-09-13 06:34:52] 跳过 TXT：./AmazonCN/AmazonCN_OCD_Domain.txt（存在同名 YAML ./AmazonCN/AmazonCN_OCD_Domain.yaml）
[2025-09-13 06:34:52] 跳过 TXT：./ChinaUnicom/ChinaUnicom_OCD_IP.txt（存在同名 YAML ./ChinaUnicom/ChinaUnicom_OCD_IP.yaml）
[2025-09-13 06:34:52] 跳过 TXT：./ChinaUnicom/ChinaUnicom_OCD_Domain.txt（存在同名 YAML ./ChinaUnicom/ChinaUnicom_OCD_Domain.yaml）
[2025-09-13 06:34:52] 跳过 TXT：./6park/6park_OCD_IP.txt（存在同名 YAML ./6park/6park_OCD_IP.yaml）
[2025-09-13 06:34:52] 跳过 TXT：./6park/6park_OCD_Domain.txt（存在同名 YAML ./6park/6park_OCD_Domain.yaml）
[2025-09-13 06:34:52] 跳过 TXT：./BBC/BBC_OCD_Domain.txt（存在同名 YAML ./BBC/BBC_OCD_Domain.yaml）
[2025-09-13 06:34:52] 跳过 TXT：./BBC/BBC_OCD_IP.txt（存在同名 YAML ./BBC/BBC_OCD_IP.yaml）
[2025-09-13 06:34:52] 跳过 TXT：./ZhongWeiShiJi/ZhongWeiShiJi_OCD_Domain.txt（存在同名 YAML ./ZhongWeiShiJi/ZhongWeiShiJi_OCD_Domain.yaml）
[2025-09-13 06:34:53] 跳过 TXT：./ZhongWeiShiJi/ZhongWeiShiJi_OCD_IP.txt（存在同名 YAML ./ZhongWeiShiJi/ZhongWeiShiJi_OCD_IP.yaml）
[2025-09-13 06:34:53] 跳过 TXT：./Ubisoft/Ubisoft_OCD_Domain.txt（存在同名 YAML ./Ubisoft/Ubisoft_OCD_Domain.yaml）
[2025-09-13 06:34:53] 跳过 TXT：./Ubisoft/Ubisoft_OCD_IP.txt（存在同名 YAML ./Ubisoft/Ubisoft_OCD_IP.yaml）
[2025-09-13 06:34:53] 跳过 TXT：./TencentVideo/TencentVideo_OCD_Domain.txt（存在同名 YAML ./TencentVideo/TencentVideo_OCD_Domain.yaml）
[2025-09-13 06:34:53] 跳过 TXT：./TencentVideo/TencentVideo_OCD_IP.txt（存在同名 YAML ./TencentVideo/TencentVideo_OCD_IP.yaml）
[2025-09-13 06:34:53] 跳过 TXT：./Amazon/Amazon_OCD_IP.txt（存在同名 YAML ./Amazon/Amazon_OCD_IP.yaml）
[2025-09-13 06:34:53] 跳过 TXT：./Amazon/Amazon_OCD_Domain.txt（存在同名 YAML ./Amazon/Amazon_OCD_Domain.yaml）
[2025-09-13 06:34:53] 跳过 TXT：./LastPass/LastPass_OCD_Domain.txt（存在同名 YAML ./LastPass/LastPass_OCD_Domain.yaml）
[2025-09-13 06:34:53] 跳过 TXT：./LastPass/LastPass_OCD_IP.txt（存在同名 YAML ./LastPass/LastPass_OCD_IP.yaml）
[2025-09-13 06:34:53] 跳过 TXT：./TaiWanGood/TaiWanGood_OCD_IP.txt（存在同名 YAML ./TaiWanGood/TaiWanGood_OCD_IP.yaml）
[2025-09-13 06:34:53] 跳过 TXT：./TaiWanGood/TaiWanGood_OCD_Domain.txt（存在同名 YAML ./TaiWanGood/TaiWanGood_OCD_Domain.yaml）
[2025-09-13 06:34:53] 跳过 TXT：./51nod/51nod_OCD_Domain.txt（存在同名 YAML ./51nod/51nod_OCD_Domain.yaml）
[2025-09-13 06:34:53] 跳过 TXT：./51nod/51nod_OCD_IP.txt（存在同名 YAML ./51nod/51nod_OCD_IP.yaml）
[2025-09-13 06:34:53] 跳过 TXT：./Pinterest/Pinterest_OCD_Domain.txt（存在同名 YAML ./Pinterest/Pinterest_OCD_Domain.yaml）
[2025-09-13 06:34:53] 跳过 TXT：./Pinterest/Pinterest_OCD_IP.txt（存在同名 YAML ./Pinterest/Pinterest_OCD_IP.yaml）
[2025-09-13 06:34:53] 跳过 TXT：./Anaconda/Anaconda_OCD_Domain.txt（存在同名 YAML ./Anaconda/Anaconda_OCD_Domain.yaml）
[2025-09-13 06:34:53] 跳过 TXT：./Anaconda/Anaconda_OCD_IP.txt（存在同名 YAML ./Anaconda/Anaconda_OCD_IP.yaml）
[2025-09-13 06:34:53] 跳过 TXT：./IKEA/IKEA_OCD_IP.txt（存在同名 YAML ./IKEA/IKEA_OCD_IP.yaml）
[2025-09-13 06:34:53] 跳过 TXT：./IKEA/IKEA_OCD_Domain.txt（存在同名 YAML ./IKEA/IKEA_OCD_Domain.yaml）
[2025-09-13 06:34:53] 跳过 TXT：./Global/Global_OCD_Domain.txt（存在同名 YAML ./Global/Global_OCD_Domain.yaml）
[2025-09-13 06:34:53] 跳过 TXT：./Global/Global_OCD_IP.txt（存在同名 YAML ./Global/Global_OCD_IP.yaml）
[2025-09-13 06:34:53] 跳过 TXT：./ShenMa/ShenMa_OCD_IP.txt（存在同名 YAML ./ShenMa/ShenMa_OCD_IP.yaml）
[2025-09-13 06:34:53] 跳过 TXT：./ShenMa/ShenMa_OCD_Domain.txt（存在同名 YAML ./ShenMa/ShenMa_OCD_Domain.yaml）
[2025-09-13 06:34:53] 跳过 TXT：./Apple/Apple_OCD_IP.txt（存在同名 YAML ./Apple/Apple_OCD_IP.yaml）
[2025-09-13 06:34:53] 跳过 TXT：./Apple/Apple_OCD_Domain.txt（存在同名 YAML ./Apple/Apple_OCD_Domain.yaml）
[2025-09-13 06:34:53] 跳过 TXT：./STUN/STUN_OCD_Domain.txt（存在同名 YAML ./STUN/STUN_OCD_Domain.yaml）
[2025-09-13 06:34:53] 跳过 TXT：./STUN/STUN_OCD_IP.txt（存在同名 YAML ./STUN/STUN_OCD_IP.yaml）
[2025-09-13 06:34:53] 跳过 TXT：./EastMoney/EastMoney_OCD_IP.txt（存在同名 YAML ./EastMoney/EastMoney_OCD_IP.yaml）
[2025-09-13 06:34:53] 跳过 TXT：./EastMoney/EastMoney_OCD_Domain.txt（存在同名 YAML ./EastMoney/EastMoney_OCD_Domain.yaml）
[2025-09-13 06:34:53] 跳过 TXT：./IPTVOther/IPTVOther_OCD_Domain.txt（存在同名 YAML ./IPTVOther/IPTVOther_OCD_Domain.yaml）
[2025-09-13 06:34:53] 跳过 TXT：./IPTVOther/IPTVOther_OCD_IP.txt（存在同名 YAML ./IPTVOther/IPTVOther_OCD_IP.yaml）
[2025-09-13 06:34:53] 跳过 TXT：./Zoho/Zoho_OCD_IP.txt（存在同名 YAML ./Zoho/Zoho_OCD_IP.yaml）
[2025-09-13 06:34:53] 跳过 TXT：./Zoho/Zoho_OCD_Domain.txt（存在同名 YAML ./Zoho/Zoho_OCD_Domain.yaml）
[2025-09-13 06:34:53] 跳过 TXT：./Bahamut/Bahamut_OCD_IP.txt（存在同名 YAML ./Bahamut/Bahamut_OCD_IP.yaml）
[2025-09-13 06:34:53] 跳过 TXT：./Bahamut/Bahamut_OCD_Domain.txt（存在同名 YAML ./Bahamut/Bahamut_OCD_Domain.yaml）
[2025-09-13 06:34:53] 跳过 TXT：./AppleDev/AppleDev_OCD_IP.txt（存在同名 YAML ./AppleDev/AppleDev_OCD_IP.yaml）
[2025-09-13 06:34:53] 跳过 TXT：./AppleDev/AppleDev_OCD_Domain.txt（存在同名 YAML ./AppleDev/AppleDev_OCD_Domain.yaml）
[2025-09-13 06:34:53] 跳过 TXT：./Maocloud/Maocloud_OCD_Domain.txt（存在同名 YAML ./Maocloud/Maocloud_OCD_Domain.yaml）
[2025-09-13 06:34:53] 跳过 TXT：./Maocloud/Maocloud_OCD_IP.txt（存在同名 YAML ./Maocloud/Maocloud_OCD_IP.yaml）
[2025-09-13 06:34:53] 跳过 TXT：./JianShu/JianShu_OCD_Domain.txt（存在同名 YAML ./JianShu/JianShu_OCD_Domain.yaml）
[2025-09-13 06:34:53] 跳过 TXT：./JianShu/JianShu_OCD_IP.txt（存在同名 YAML ./JianShu/JianShu_OCD_IP.yaml）
[2025-09-13 06:34:53] 跳过 TXT：./VidolTV/VidolTV_OCD_Domain.txt（存在同名 YAML ./VidolTV/VidolTV_OCD_Domain.yaml）
[2025-09-13 06:34:53] 跳过 TXT：./VidolTV/VidolTV_OCD_IP.txt（存在同名 YAML ./VidolTV/VidolTV_OCD_IP.yaml）
[2025-09-13 06:34:53] 跳过 TXT：./BaiDuTieBa/BaiDuTieBa_OCD_IP.txt（存在同名 YAML ./BaiDuTieBa/BaiDuTieBa_OCD_IP.yaml）
[2025-09-13 06:34:53] 跳过 TXT：./BaiDuTieBa/BaiDuTieBa_OCD_Domain.txt（存在同名 YAML ./BaiDuTieBa/BaiDuTieBa_OCD_Domain.yaml）
[2025-09-13 06:34:53] 跳过 TXT：./WeiZhiYunDong/WeiZhiYunDong_OCD_IP.txt（存在同名 YAML ./WeiZhiYunDong/WeiZhiYunDong_OCD_IP.yaml）
[2025-09-13 06:34:53] 跳过 TXT：./WeiZhiYunDong/WeiZhiYunDong_OCD_Domain.txt（存在同名 YAML ./WeiZhiYunDong/WeiZhiYunDong_OCD_Domain.yaml）
[2025-09-13 06:34:53] 跳过 TXT：./LvMiLianChuang/LvMiLianChuang_OCD_Domain.txt（存在同名 YAML ./LvMiLianChuang/LvMiLianChuang_OCD_Domain.yaml）
[2025-09-13 06:34:53] 跳过 TXT：./LvMiLianChuang/LvMiLianChuang_OCD_IP.txt（存在同名 YAML ./LvMiLianChuang/LvMiLianChuang_OCD_IP.yaml）
[2025-09-13 06:34:53] 跳过 TXT：./WanKaHuanJu/WanKaHuanJu_OCD_Domain.txt（存在同名 YAML ./WanKaHuanJu/WanKaHuanJu_OCD_Domain.yaml）
[2025-09-13 06:34:53] 跳过 TXT：./WanKaHuanJu/WanKaHuanJu_OCD_IP.txt（存在同名 YAML ./WanKaHuanJu/WanKaHuanJu_OCD_IP.yaml）
[2025-09-13 06:34:53] 跳过 TXT：./Xbox/Xbox_OCD_IP.txt（存在同名 YAML ./Xbox/Xbox_OCD_IP.yaml）
[2025-09-13 06:34:53] 跳过 TXT：./Xbox/Xbox_OCD_Domain.txt（存在同名 YAML ./Xbox/Xbox_OCD_Domain.yaml）
[2025-09-13 06:34:53] 跳过 TXT：./CNNIC/CNNIC_OCD_IP.txt（存在同名 YAML ./CNNIC/CNNIC_OCD_IP.yaml）
[2025-09-13 06:34:53] 跳过 TXT：./CNNIC/CNNIC_OCD_Domain.txt（存在同名 YAML ./CNNIC/CNNIC_OCD_Domain.yaml）
[2025-09-13 06:34:53] 跳过 TXT：./4Paradigm/4Paradigm_OCD_Domain.txt（存在同名 YAML ./4Paradigm/4Paradigm_OCD_Domain.yaml）
[2025-09-13 06:34:53] 跳过 TXT：./4Paradigm/4Paradigm_OCD_IP.txt（存在同名 YAML ./4Paradigm/4Paradigm_OCD_IP.yaml）
[2025-09-13 06:34:53] 跳过 TXT：./AirWick/AirWick_OCD_Domain.txt（存在同名 YAML ./AirWick/AirWick_OCD_Domain.yaml）
[2025-09-13 06:34:53] 跳过 TXT：./AirWick/AirWick_OCD_IP.txt（存在同名 YAML ./AirWick/AirWick_OCD_IP.yaml）
[2025-09-13 06:34:53] 跳过 TXT：./CyberTrust/CyberTrust_OCD_IP.txt（存在同名 YAML ./CyberTrust/CyberTrust_OCD_IP.yaml）
[2025-09-13 06:34:53] 跳过 TXT：./CyberTrust/CyberTrust_OCD_Domain.txt（存在同名 YAML ./CyberTrust/CyberTrust_OCD_Domain.yaml）
[2025-09-13 06:34:53] 跳过 TXT：./ChinaNoMedia/ChinaNoMedia_OCD_IP.txt（存在同名 YAML ./ChinaNoMedia/ChinaNoMedia_OCD_IP.yaml）
[2025-09-13 06:34:53] 跳过 TXT：./ChinaNoMedia/ChinaNoMedia_OCD_Domain.txt（存在同名 YAML ./ChinaNoMedia/ChinaNoMedia_OCD_Domain.yaml）
[2025-09-13 06:34:53] 跳过 TXT：./56/56_OCD_Domain.txt（存在同名 YAML ./56/56_OCD_Domain.yaml）
[2025-09-13 06:34:53] 跳过 TXT：./56/56_OCD_IP.txt（存在同名 YAML ./56/56_OCD_IP.yaml）
[2025-09-13 06:34:53] 跳过 TXT：./Rockstar/Rockstar_OCD_IP.txt（存在同名 YAML ./Rockstar/Rockstar_OCD_IP.yaml）
[2025-09-13 06:34:53] 跳过 TXT：./Rockstar/Rockstar_OCD_Domain.txt（存在同名 YAML ./Rockstar/Rockstar_OCD_Domain.yaml）
[2025-09-13 06:34:53] 跳过 TXT：./LeTV/LeTV_OCD_IP.txt（存在同名 YAML ./LeTV/LeTV_OCD_IP.yaml）
[2025-09-13 06:34:53] 跳过 TXT：./LeTV/LeTV_OCD_Domain.txt（存在同名 YAML ./LeTV/LeTV_OCD_Domain.yaml）
[2025-09-13 06:34:53] 跳过 TXT：./VipShop/VipShop_OCD_IP.txt（存在同名 YAML ./VipShop/VipShop_OCD_IP.yaml）
[2025-09-13 06:34:53] 跳过 TXT：./VipShop/VipShop_OCD_Domain.txt（存在同名 YAML ./VipShop/VipShop_OCD_Domain.yaml）
[2025-09-13 06:34:53] 跳过 TXT：./iFlytek/iFlytek_OCD_Domain.txt（存在同名 YAML ./iFlytek/iFlytek_OCD_Domain.yaml）
[2025-09-13 06:34:53] 跳过 TXT：./iFlytek/iFlytek_OCD_IP.txt（存在同名 YAML ./iFlytek/iFlytek_OCD_IP.yaml）
[2025-09-13 06:34:53] 跳过 TXT：./MeiZu/MeiZu_OCD_IP.txt（存在同名 YAML ./MeiZu/MeiZu_OCD_IP.yaml）
[2025-09-13 06:34:53] 跳过 TXT：./MeiZu/MeiZu_OCD_Domain.txt（存在同名 YAML ./MeiZu/MeiZu_OCD_Domain.yaml）
[2025-09-13 06:34:53] 跳过 TXT：./Siri/Siri_OCD_IP.txt（存在同名 YAML ./Siri/Siri_OCD_IP.yaml）
[2025-09-13 06:34:53] 跳过 TXT：./Siri/Siri_OCD_Domain.txt（存在同名 YAML ./Siri/Siri_OCD_Domain.yaml）
[2025-09-13 06:34:53] 跳过 TXT：./KouDaiShiShang/KouDaiShiShang_OCD_Domain.txt（存在同名 YAML ./KouDaiShiShang/KouDaiShiShang_OCD_Domain.yaml）
[2025-09-13 06:34:53] 跳过 TXT：./KouDaiShiShang/KouDaiShiShang_OCD_IP.txt（存在同名 YAML ./KouDaiShiShang/KouDaiShiShang_OCD_IP.yaml）
[2025-09-13 06:34:53] 跳过 TXT：./MeWatch/MeWatch_OCD_Domain.txt（存在同名 YAML ./MeWatch/MeWatch_OCD_Domain.yaml）
[2025-09-13 06:34:53] 跳过 TXT：./MeWatch/MeWatch_OCD_IP.txt（存在同名 YAML ./MeWatch/MeWatch_OCD_IP.yaml）
[2025-09-13 06:34:53] 跳过 TXT：./CaiNiao/CaiNiao_OCD_IP.txt（存在同名 YAML ./CaiNiao/CaiNiao_OCD_IP.yaml）
[2025-09-13 06:34:53] 跳过 TXT：./CaiNiao/CaiNiao_OCD_Domain.txt（存在同名 YAML ./CaiNiao/CaiNiao_OCD_Domain.yaml）
[2025-09-13 06:34:53] 跳过 TXT：./iQIYIIntl/iQIYIIntl_OCD_Domain.txt（存在同名 YAML ./iQIYIIntl/iQIYIIntl_OCD_Domain.yaml）
[2025-09-13 06:34:53] 跳过 TXT：./iQIYIIntl/iQIYIIntl_OCD_IP.txt（存在同名 YAML ./iQIYIIntl/iQIYIIntl_OCD_IP.yaml）
[2025-09-13 06:34:53] 跳过 TXT：./FlipBoard/FlipBoard_OCD_IP.txt（存在同名 YAML ./FlipBoard/FlipBoard_OCD_IP.yaml）
[2025-09-13 06:34:53] 跳过 TXT：./FlipBoard/FlipBoard_OCD_Domain.txt（存在同名 YAML ./FlipBoard/FlipBoard_OCD_Domain.yaml）
[2025-09-13 06:34:53] 跳过 TXT：./12306/12306_OCD_Domain.txt（存在同名 YAML ./12306/12306_OCD_Domain.yaml）
[2025-09-13 06:34:53] 跳过 TXT：./12306/12306_OCD_IP.txt（存在同名 YAML ./12306/12306_OCD_IP.yaml）
[2025-09-13 06:34:53] 跳过 TXT：./Assassin'sCreed/Assassin'sCreed-Origins/Assassin'sCreed-Origins_OCD_IP.txt（存在同名 YAML ./Assassin'sCreed/Assassin'sCreed-Origins/Assassin'sCreed-Origins_OCD_IP.yaml）
[2025-09-13 06:34:53] 跳过 TXT：./Assassin'sCreed/Assassin'sCreed-Origins/Assassin'sCreed-Origins_OCD_Domain.txt（存在同名 YAML ./Assassin'sCreed/Assassin'sCreed-Origins/Assassin'sCreed-Origins_OCD_Domain.yaml）
[2025-09-13 06:34:53] 跳过 TXT：./Assassin'sCreed/Assassin'sCreed-Odyssey/Assassin'sCreed-Odyssey_OCD_Domain.txt（存在同名 YAML ./Assassin'sCreed/Assassin'sCreed-Odyssey/Assassin'sCreed-Odyssey_OCD_Domain.yaml）
[2025-09-13 06:34:53] 跳过 TXT：./Assassin'sCreed/Assassin'sCreed-Odyssey/Assassin'sCreed-Odyssey_OCD_IP.txt（存在同名 YAML ./Assassin'sCreed/Assassin'sCreed-Odyssey/Assassin'sCreed-Odyssey_OCD_IP.yaml）
[2025-09-13 06:34:53] 跳过 TXT：./TCL/TCL_OCD_IP.txt（存在同名 YAML ./TCL/TCL_OCD_IP.yaml）
[2025-09-13 06:34:53] 跳过 TXT：./TCL/TCL_OCD_Domain.txt（存在同名 YAML ./TCL/TCL_OCD_Domain.yaml）
[2025-09-13 06:34:53] 跳过 TXT：./AppStore/AppStore_OCD_IP.txt（存在同名 YAML ./AppStore/AppStore_OCD_IP.yaml）
[2025-09-13 06:34:53] 跳过 TXT：./AppStore/AppStore_OCD_Domain.txt（存在同名 YAML ./AppStore/AppStore_OCD_Domain.yaml）
[2025-09-13 06:34:53] 跳过 TXT：./Speedtest/Speedtest_OCD_Domain.txt（存在同名 YAML ./Speedtest/Speedtest_OCD_Domain.yaml）
[2025-09-13 06:34:53] 跳过 TXT：./Speedtest/Speedtest_OCD_IP.txt（存在同名 YAML ./Speedtest/Speedtest_OCD_IP.yaml）
[2025-09-13 06:34:53] 跳过 TXT：./HBOAsia/HBOAsia_OCD_IP.txt（存在同名 YAML ./HBOAsia/HBOAsia_OCD_IP.yaml）
[2025-09-13 06:34:53] 跳过 TXT：./HBOAsia/HBOAsia_OCD_Domain.txt（存在同名 YAML ./HBOAsia/HBOAsia_OCD_Domain.yaml）
[2025-09-13 06:34:53] 跳过 TXT：./Himalaya/Himalaya_OCD_Domain.txt（存在同名 YAML ./Himalaya/Himalaya_OCD_Domain.yaml）
[2025-09-13 06:34:53] 跳过 TXT：./Himalaya/Himalaya_OCD_IP.txt（存在同名 YAML ./Himalaya/Himalaya_OCD_IP.yaml）
[2025-09-13 06:34:53] 跳过 TXT：./ParamountPlus/ParamountPlus_OCD_IP.txt（存在同名 YAML ./ParamountPlus/ParamountPlus_OCD_IP.yaml）
[2025-09-13 06:34:53] 跳过 TXT：./ParamountPlus/ParamountPlus_OCD_Domain.txt（存在同名 YAML ./ParamountPlus/ParamountPlus_OCD_Domain.yaml）
[2025-09-13 06:34:53] 跳过 TXT：./McDonalds/McDonalds_OCD_Domain.txt（存在同名 YAML ./McDonalds/McDonalds_OCD_Domain.yaml）
[2025-09-13 06:34:53] 跳过 TXT：./McDonalds/McDonalds_OCD_IP.txt（存在同名 YAML ./McDonalds/McDonalds_OCD_IP.yaml）
[2025-09-13 06:34:53] 跳过 TXT：./HKOpenTV/HKOpenTV_OCD_Domain.txt（存在同名 YAML ./HKOpenTV/HKOpenTV_OCD_Domain.yaml）
[2025-09-13 06:34:53] 跳过 TXT：./HKOpenTV/HKOpenTV_OCD_IP.txt（存在同名 YAML ./HKOpenTV/HKOpenTV_OCD_IP.yaml）
[2025-09-13 06:34:53] 跳过 TXT：./CETV/CETV_OCD_Domain.txt（存在同名 YAML ./CETV/CETV_OCD_Domain.yaml）
[2025-09-13 06:34:53] 跳过 TXT：./CETV/CETV_OCD_IP.txt（存在同名 YAML ./CETV/CETV_OCD_IP.yaml）
[2025-09-13 06:34:53] 跳过 TXT：./GlobalMedia/GlobalMedia_OCD_Domain.txt（存在同名 YAML ./GlobalMedia/GlobalMedia_OCD_Domain.yaml）
[2025-09-13 06:34:53] 跳过 TXT：./GlobalMedia/GlobalMedia_OCD_IP.txt（存在同名 YAML ./GlobalMedia/GlobalMedia_OCD_IP.yaml）
[2025-09-13 06:34:53] 跳过 TXT：./TelegramUS/TelegramUS_OCD_Domain.txt（存在同名 YAML ./TelegramUS/TelegramUS_OCD_Domain.yaml）
[2025-09-13 06:34:53] 跳过 TXT：./TelegramUS/TelegramUS_OCD_IP.txt（存在同名 YAML ./TelegramUS/TelegramUS_OCD_IP.yaml）
[2025-09-13 06:34:53] 跳过 TXT：./MingLueZhaoHui/MingLueZhaoHui_OCD_Domain.txt（存在同名 YAML ./MingLueZhaoHui/MingLueZhaoHui_OCD_Domain.yaml）
[2025-09-13 06:34:53] 跳过 TXT：./MingLueZhaoHui/MingLueZhaoHui_OCD_IP.txt（存在同名 YAML ./MingLueZhaoHui/MingLueZhaoHui_OCD_IP.yaml）
[2025-09-13 06:34:53] 跳过 TXT：./PlayStation/PlayStation_OCD_IP.txt（存在同名 YAML ./PlayStation/PlayStation_OCD_IP.yaml）
[2025-09-13 06:34:53] 跳过 TXT：./PlayStation/PlayStation_OCD_Domain.txt（存在同名 YAML ./PlayStation/PlayStation_OCD_Domain.yaml）
[2025-09-13 06:34:53] 跳过 TXT：./CMB/CMB_OCD_Domain.txt（存在同名 YAML ./CMB/CMB_OCD_Domain.yaml）
[2025-09-13 06:34:53] 跳过 TXT：./CMB/CMB_OCD_IP.txt（存在同名 YAML ./CMB/CMB_OCD_IP.yaml）
[2025-09-13 06:34:53] 跳过 TXT：./Emby/Emby_OCD_Domain.txt（存在同名 YAML ./Emby/Emby_OCD_Domain.yaml）
[2025-09-13 06:34:53] 跳过 TXT：./Emby/Emby_OCD_IP.txt（存在同名 YAML ./Emby/Emby_OCD_IP.yaml）
[2025-09-13 06:34:53] 跳过 TXT：./Lenovo/Lenovo_OCD_IP.txt（存在同名 YAML ./Lenovo/Lenovo_OCD_IP.yaml）
[2025-09-13 06:34:53] 跳过 TXT：./Lenovo/Lenovo_OCD_Domain.txt（存在同名 YAML ./Lenovo/Lenovo_OCD_Domain.yaml）
[2025-09-13 06:34:53] 跳过 TXT：./Origin/Origin_OCD_IP.txt（存在同名 YAML ./Origin/Origin_OCD_IP.yaml）
[2025-09-13 06:34:53] 跳过 TXT：./Origin/Origin_OCD_Domain.txt（存在同名 YAML ./Origin/Origin_OCD_Domain.yaml）
[2025-09-13 06:34:53] 跳过 TXT：./CNN/CNN_OCD_Domain.txt（存在同名 YAML ./CNN/CNN_OCD_Domain.yaml）
[2025-09-13 06:34:53] 跳过 TXT：./CNN/CNN_OCD_IP.txt（存在同名 YAML ./CNN/CNN_OCD_IP.yaml）
[2025-09-13 06:34:53] 跳过 TXT：./DanDanZan/DanDanZan_OCD_Domain.txt（存在同名 YAML ./DanDanZan/DanDanZan_OCD_Domain.yaml）
[2025-09-13 06:34:53] 跳过 TXT：./DanDanZan/DanDanZan_OCD_IP.txt（存在同名 YAML ./DanDanZan/DanDanZan_OCD_IP.yaml）
[2025-09-13 06:34:53] 跳过 TXT：./Dailymotion/Dailymotion_OCD_IP.txt（存在同名 YAML ./Dailymotion/Dailymotion_OCD_IP.yaml）
[2025-09-13 06:34:53] 跳过 TXT：./Dailymotion/Dailymotion_OCD_Domain.txt（存在同名 YAML ./Dailymotion/Dailymotion_OCD_Domain.yaml）
[2025-09-13 06:34:53] 跳过 TXT：./YYeTs/YYeTs_OCD_Domain.txt（存在同名 YAML ./YYeTs/YYeTs_OCD_Domain.yaml）
[2025-09-13 06:34:53] 跳过 TXT：./YYeTs/YYeTs_OCD_IP.txt（存在同名 YAML ./YYeTs/YYeTs_OCD_IP.yaml）
[2025-09-13 06:34:53] 跳过 TXT：./Tumblr/Tumblr_OCD_IP.txt（存在同名 YAML ./Tumblr/Tumblr_OCD_IP.yaml）
[2025-09-13 06:34:53] 跳过 TXT：./Tumblr/Tumblr_OCD_Domain.txt（存在同名 YAML ./Tumblr/Tumblr_OCD_Domain.yaml）
[2025-09-13 06:34:53] 跳过 TXT：./Heroku/Heroku_OCD_IP.txt（存在同名 YAML ./Heroku/Heroku_OCD_IP.yaml）
[2025-09-13 06:34:53] 跳过 TXT：./Heroku/Heroku_OCD_Domain.txt（存在同名 YAML ./Heroku/Heroku_OCD_Domain.yaml）
[2025-09-13 06:34:53] 跳过 TXT：./Yandex/Yandex_OCD_IP.txt（存在同名 YAML ./Yandex/Yandex_OCD_IP.yaml）
[2025-09-13 06:34:53] 跳过 TXT：./Yandex/Yandex_OCD_Domain.txt（存在同名 YAML ./Yandex/Yandex_OCD_Domain.yaml）
[2025-09-13 06:34:53] 跳过 TXT：./115/115_OCD_IP.txt（存在同名 YAML ./115/115_OCD_IP.yaml）
[2025-09-13 06:34:53] 跳过 TXT：./115/115_OCD_Domain.txt（存在同名 YAML ./115/115_OCD_Domain.yaml）
[2025-09-13 06:34:53] 跳过 TXT：./KuangShi/KuangShi_OCD_IP.txt（存在同名 YAML ./KuangShi/KuangShi_OCD_IP.yaml）
[2025-09-13 06:34:53] 跳过 TXT：./KuangShi/KuangShi_OCD_Domain.txt（存在同名 YAML ./KuangShi/KuangShi_OCD_Domain.yaml）
[2025-09-13 06:34:53] 跳过 TXT：./Jfrog/Jfrog_OCD_Domain.txt（存在同名 YAML ./Jfrog/Jfrog_OCD_Domain.yaml）
[2025-09-13 06:34:53] 跳过 TXT：./Jfrog/Jfrog_OCD_IP.txt（存在同名 YAML ./Jfrog/Jfrog_OCD_IP.yaml）
[2025-09-13 06:34:53] 跳过 TXT：./DiscoveryPlus/DiscoveryPlus_OCD_Domain.txt（存在同名 YAML ./DiscoveryPlus/DiscoveryPlus_OCD_Domain.yaml）
[2025-09-13 06:34:53] 跳过 TXT：./DiscoveryPlus/DiscoveryPlus_OCD_IP.txt（存在同名 YAML ./DiscoveryPlus/DiscoveryPlus_OCD_IP.yaml）
[2025-09-13 06:34:53] 跳过 TXT：./Zee/Zee_OCD_IP.txt（存在同名 YAML ./Zee/Zee_OCD_IP.yaml）
[2025-09-13 06:34:54] 跳过 TXT：./Zee/Zee_OCD_Domain.txt（存在同名 YAML ./Zee/Zee_OCD_Domain.yaml）
[2025-09-13 06:34:54] 跳过 TXT：./Anonv/Anonv_OCD_IP.txt（存在同名 YAML ./Anonv/Anonv_OCD_IP.yaml）
[2025-09-13 06:34:54] 跳过 TXT：./Anonv/Anonv_OCD_Domain.txt（存在同名 YAML ./Anonv/Anonv_OCD_Domain.yaml）
[2025-09-13 06:34:54] 跳过 TXT：./TongCheng/TongCheng_OCD_Domain.txt（存在同名 YAML ./TongCheng/TongCheng_OCD_Domain.yaml）
[2025-09-13 06:34:54] 跳过 TXT：./TongCheng/TongCheng_OCD_IP.txt（存在同名 YAML ./TongCheng/TongCheng_OCD_IP.yaml）
[2025-09-13 06:34:54] 跳过 TXT：./HKBN/HKBN_OCD_Domain.txt（存在同名 YAML ./HKBN/HKBN_OCD_Domain.yaml）
[2025-09-13 06:34:54] 跳过 TXT：./HKBN/HKBN_OCD_IP.txt（存在同名 YAML ./HKBN/HKBN_OCD_IP.yaml）
[2025-09-13 06:34:54] 跳过 TXT：./CCB/CCB_OCD_Domain.txt（存在同名 YAML ./CCB/CCB_OCD_Domain.yaml）
[2025-09-13 06:34:54] 跳过 TXT：./CCB/CCB_OCD_IP.txt（存在同名 YAML ./CCB/CCB_OCD_IP.yaml）
[2025-09-13 06:34:54] 跳过 TXT：./TianWeiChengXin/TianWeiChengXin_OCD_IP.txt（存在同名 YAML ./TianWeiChengXin/TianWeiChengXin_OCD_IP.yaml）
[2025-09-13 06:34:54] 跳过 TXT：./TianWeiChengXin/TianWeiChengXin_OCD_Domain.txt（存在同名 YAML ./TianWeiChengXin/TianWeiChengXin_OCD_Domain.yaml）
[2025-09-13 06:34:54] 跳过 TXT：./Addthis/Addthis_OCD_IP.txt（存在同名 YAML ./Addthis/Addthis_OCD_IP.yaml）
[2025-09-13 06:34:54] 跳过 TXT：./Addthis/Addthis_OCD_Domain.txt（存在同名 YAML ./Addthis/Addthis_OCD_Domain.yaml）
[2025-09-13 06:34:54] 跳过 TXT：./UPYun/UPYun_OCD_IP.txt（存在同名 YAML ./UPYun/UPYun_OCD_IP.yaml）
[2025-09-13 06:34:54] 跳过 TXT：./UPYun/UPYun_OCD_Domain.txt（存在同名 YAML ./UPYun/UPYun_OCD_Domain.yaml）
[2025-09-13 06:34:54] 跳过 TXT：./ZeeTV/ZeeTV_OCD_Domain.txt（存在同名 YAML ./ZeeTV/ZeeTV_OCD_Domain.yaml）
[2025-09-13 06:34:54] 跳过 TXT：./ZeeTV/ZeeTV_OCD_IP.txt（存在同名 YAML ./ZeeTV/ZeeTV_OCD_IP.yaml）
[2025-09-13 06:34:54] 跳过 TXT：./WenJuanXing/WenJuanXing_OCD_IP.txt（存在同名 YAML ./WenJuanXing/WenJuanXing_OCD_IP.yaml）
[2025-09-13 06:34:54] 跳过 TXT：./WenJuanXing/WenJuanXing_OCD_Domain.txt（存在同名 YAML ./WenJuanXing/WenJuanXing_OCD_Domain.yaml）
[2025-09-13 06:34:54] 跳过 TXT：./Mail/Mail_OCD_Domain.txt（存在同名 YAML ./Mail/Mail_OCD_Domain.yaml）
[2025-09-13 06:34:54] 跳过 TXT：./Mail/Mail_OCD_IP.txt（存在同名 YAML ./Mail/Mail_OCD_IP.yaml）
[2025-09-13 06:34:54] 跳过 TXT：./DuoWan/DuoWan_OCD_IP.txt（存在同名 YAML ./DuoWan/DuoWan_OCD_IP.yaml）
[2025-09-13 06:34:54] 跳过 TXT：./DuoWan/DuoWan_OCD_Domain.txt（存在同名 YAML ./DuoWan/DuoWan_OCD_Domain.yaml）
[2025-09-13 06:34:54] 跳过 TXT：./Clubhouse/Clubhouse_OCD_IP.txt（存在同名 YAML ./Clubhouse/Clubhouse_OCD_IP.yaml）
[2025-09-13 06:34:54] 跳过 TXT：./Clubhouse/Clubhouse_OCD_Domain.txt（存在同名 YAML ./Clubhouse/Clubhouse_OCD_Domain.yaml）
[2025-09-13 06:34:54] 跳过 TXT：./SuiShiChuanMei/SuiShiChuanMei_OCD_Domain.txt（存在同名 YAML ./SuiShiChuanMei/SuiShiChuanMei_OCD_Domain.yaml）
[2025-09-13 06:34:54] 跳过 TXT：./SuiShiChuanMei/SuiShiChuanMei_OCD_IP.txt（存在同名 YAML ./SuiShiChuanMei/SuiShiChuanMei_OCD_IP.yaml）
[2025-09-13 06:34:54] 跳过 TXT：./UCloud/UCloud_OCD_IP.txt（存在同名 YAML ./UCloud/UCloud_OCD_IP.yaml）
[2025-09-13 06:34:54] 跳过 TXT：./UCloud/UCloud_OCD_Domain.txt（存在同名 YAML ./UCloud/UCloud_OCD_Domain.yaml）
[2025-09-13 06:34:54] 跳过 TXT：./Proxy/Proxy_OCD_Domain.txt（存在同名 YAML ./Proxy/Proxy_OCD_Domain.yaml）
[2025-09-13 06:34:54] 跳过 TXT：./Proxy/Proxy_OCD_IP.txt（存在同名 YAML ./Proxy/Proxy_OCD_IP.yaml）
[2025-09-13 06:34:54] 跳过 TXT：./Atomdata/Atomdata_OCD_IP.txt（存在同名 YAML ./Atomdata/Atomdata_OCD_IP.yaml）
[2025-09-13 06:34:54] 跳过 TXT：./Atomdata/Atomdata_OCD_Domain.txt（存在同名 YAML ./Atomdata/Atomdata_OCD_Domain.yaml）
[2025-09-13 06:34:54] 跳过 TXT：./Instagram/Instagram_OCD_IP.txt（存在同名 YAML ./Instagram/Instagram_OCD_IP.yaml）
[2025-09-13 06:34:54] 跳过 TXT：./Instagram/Instagram_OCD_Domain.txt（存在同名 YAML ./Instagram/Instagram_OCD_Domain.yaml）
[2025-09-13 06:34:54] 跳过 TXT：./Hearthstone/Hearthstone_OCD_IP.txt（存在同名 YAML ./Hearthstone/Hearthstone_OCD_IP.yaml）
[2025-09-13 06:34:54] 跳过 TXT：./Hearthstone/Hearthstone_OCD_Domain.txt（存在同名 YAML ./Hearthstone/Hearthstone_OCD_Domain.yaml）
[2025-09-13 06:34:54] 跳过 TXT：./OP/OP_OCD_IP.txt（存在同名 YAML ./OP/OP_OCD_IP.yaml）
[2025-09-13 06:34:54] 跳过 TXT：./OP/OP_OCD_Domain.txt（存在同名 YAML ./OP/OP_OCD_Domain.yaml）
[2025-09-13 06:34:54] 跳过 TXT：./Alibaba/Alibaba_OCD_Domain.txt（存在同名 YAML ./Alibaba/Alibaba_OCD_Domain.yaml）
[2025-09-13 06:34:54] 跳过 TXT：./Alibaba/Alibaba_OCD_IP.txt（存在同名 YAML ./Alibaba/Alibaba_OCD_IP.yaml）
[2025-09-13 06:34:54] 跳过 TXT：./Wteam/Wteam_OCD_Domain.txt（存在同名 YAML ./Wteam/Wteam_OCD_Domain.yaml）
[2025-09-13 06:34:54] 跳过 TXT：./Wteam/Wteam_OCD_IP.txt（存在同名 YAML ./Wteam/Wteam_OCD_IP.yaml）
[2025-09-13 06:34:54] 跳过 TXT：./Bloomberg/Bloomberg_OCD_Domain.txt（存在同名 YAML ./Bloomberg/Bloomberg_OCD_Domain.yaml）
[2025-09-13 06:34:54] 跳过 TXT：./Bloomberg/Bloomberg_OCD_IP.txt（存在同名 YAML ./Bloomberg/Bloomberg_OCD_IP.yaml）
[2025-09-13 06:34:54] 跳过 TXT：./Sharethis/Sharethis_OCD_IP.txt（存在同名 YAML ./Sharethis/Sharethis_OCD_IP.yaml）
[2025-09-13 06:34:54] 跳过 TXT：./Sharethis/Sharethis_OCD_Domain.txt（存在同名 YAML ./Sharethis/Sharethis_OCD_Domain.yaml）
[2025-09-13 06:34:54] 跳过 TXT：./Naver/Naver_OCD_IP.txt（存在同名 YAML ./Naver/Naver_OCD_IP.yaml）
[2025-09-13 06:34:54] 跳过 TXT：./Naver/Naver_OCD_Domain.txt（存在同名 YAML ./Naver/Naver_OCD_Domain.yaml）
[2025-09-13 06:34:54] 跳过 TXT：./OPPO/OPPO_OCD_Domain.txt（存在同名 YAML ./OPPO/OPPO_OCD_Domain.yaml）
[2025-09-13 06:34:54] 跳过 TXT：./OPPO/OPPO_OCD_IP.txt（存在同名 YAML ./OPPO/OPPO_OCD_IP.yaml）
[2025-09-13 06:34:54] 跳过 TXT：./Zhihu/Zhihu_OCD_IP.txt（存在同名 YAML ./Zhihu/Zhihu_OCD_IP.yaml）
[2025-09-13 06:34:54] 跳过 TXT：./Zhihu/Zhihu_OCD_Domain.txt（存在同名 YAML ./Zhihu/Zhihu_OCD_Domain.yaml）
[2025-09-13 06:34:54] 跳过 TXT：./Americasvoice/Americasvoice_OCD_IP.txt（存在同名 YAML ./Americasvoice/Americasvoice_OCD_IP.yaml）
[2025-09-13 06:34:54] 跳过 TXT：./Americasvoice/Americasvoice_OCD_Domain.txt（存在同名 YAML ./Americasvoice/Americasvoice_OCD_Domain.yaml）
[2025-09-13 06:34:54] 跳过 TXT：./FOXPlus/FOXPlus_OCD_IP.txt（存在同名 YAML ./FOXPlus/FOXPlus_OCD_IP.yaml）
[2025-09-13 06:34:54] 跳过 TXT：./FOXPlus/FOXPlus_OCD_Domain.txt（存在同名 YAML ./FOXPlus/FOXPlus_OCD_Domain.yaml）
[2025-09-13 06:34:54] 跳过 TXT：./17zuoye/17zuoye_OCD_Domain.txt（存在同名 YAML ./17zuoye/17zuoye_OCD_Domain.yaml）
[2025-09-13 06:34:54] 跳过 TXT：./17zuoye/17zuoye_OCD_IP.txt（存在同名 YAML ./17zuoye/17zuoye_OCD_IP.yaml）
[2025-09-13 06:34:54] 跳过 TXT：./TigerFintech/TigerFintech_OCD_Domain.txt（存在同名 YAML ./TigerFintech/TigerFintech_OCD_Domain.yaml）
[2025-09-13 06:34:54] 跳过 TXT：./TigerFintech/TigerFintech_OCD_IP.txt（存在同名 YAML ./TigerFintech/TigerFintech_OCD_IP.yaml）
[2025-09-13 06:34:54] 跳过 TXT：./Keep/Keep_OCD_Domain.txt（存在同名 YAML ./Keep/Keep_OCD_Domain.yaml）
[2025-09-13 06:34:54] 跳过 TXT：./Keep/Keep_OCD_IP.txt（存在同名 YAML ./Keep/Keep_OCD_IP.yaml）
[2025-09-13 06:34:54] 跳过 TXT：./ITV/ITV_OCD_IP.txt（存在同名 YAML ./ITV/ITV_OCD_IP.yaml）
[2025-09-13 06:34:54] 跳过 TXT：./ITV/ITV_OCD_Domain.txt（存在同名 YAML ./ITV/ITV_OCD_Domain.yaml）
[2025-09-13 06:34:54] 跳过 TXT：./myTVSUPER/myTVSUPER_OCD_IP.txt（存在同名 YAML ./myTVSUPER/myTVSUPER_OCD_IP.yaml）
[2025-09-13 06:34:54] 跳过 TXT：./myTVSUPER/myTVSUPER_OCD_Domain.txt（存在同名 YAML ./myTVSUPER/myTVSUPER_OCD_Domain.yaml）
[2025-09-13 06:34:54] 跳过 TXT：./AnTianKeJi/AnTianKeJi_OCD_Domain.txt（存在同名 YAML ./AnTianKeJi/AnTianKeJi_OCD_Domain.yaml）
[2025-09-13 06:34:54] 跳过 TXT：./AnTianKeJi/AnTianKeJi_OCD_IP.txt（存在同名 YAML ./AnTianKeJi/AnTianKeJi_OCD_IP.yaml）
[2025-09-13 06:34:54] 跳过 TXT：./ChengTongWangPan/ChengTongWangPan_OCD_Domain.txt（存在同名 YAML ./ChengTongWangPan/ChengTongWangPan_OCD_Domain.yaml）
[2025-09-13 06:34:54] 跳过 TXT：./ChengTongWangPan/ChengTongWangPan_OCD_IP.txt（存在同名 YAML ./ChengTongWangPan/ChengTongWangPan_OCD_IP.yaml）
[2025-09-13 06:34:54] 跳过 TXT：./ChinaNews/ChinaNews_OCD_IP.txt（存在同名 YAML ./ChinaNews/ChinaNews_OCD_IP.yaml）
[2025-09-13 06:34:54] 跳过 TXT：./ChinaNews/ChinaNews_OCD_Domain.txt（存在同名 YAML ./ChinaNews/ChinaNews_OCD_Domain.yaml）
[2025-09-13 06:34:54] 跳过 TXT：./BoXun/BoXun_OCD_IP.txt（存在同名 YAML ./BoXun/BoXun_OCD_IP.yaml）
[2025-09-13 06:34:54] 跳过 TXT：./BoXun/BoXun_OCD_Domain.txt（存在同名 YAML ./BoXun/BoXun_OCD_Domain.yaml）
[2025-09-13 06:34:54] 跳过 TXT：./NetEase/NetEase_OCD_IP.txt（存在同名 YAML ./NetEase/NetEase_OCD_IP.yaml）
[2025-09-13 06:34:54] 跳过 TXT：./NetEase/NetEase_OCD_Domain.txt（存在同名 YAML ./NetEase/NetEase_OCD_Domain.yaml）
[2025-09-13 06:34:54] 跳过 TXT：./WanMeiShiJie/WanMeiShiJie_OCD_Domain.txt（存在同名 YAML ./WanMeiShiJie/WanMeiShiJie_OCD_Domain.yaml）
[2025-09-13 06:34:54] 跳过 TXT：./WanMeiShiJie/WanMeiShiJie_OCD_IP.txt（存在同名 YAML ./WanMeiShiJie/WanMeiShiJie_OCD_IP.yaml）
[2025-09-13 06:34:54] 跳过 TXT：./FOXNOW/FOXNOW_OCD_Domain.txt（存在同名 YAML ./FOXNOW/FOXNOW_OCD_Domain.yaml）
[2025-09-13 06:34:54] 跳过 TXT：./FOXNOW/FOXNOW_OCD_IP.txt（存在同名 YAML ./FOXNOW/FOXNOW_OCD_IP.yaml）
[2025-09-13 06:34:54] 跳过 TXT：./AdColony/AdColony_OCD_IP.txt（存在同名 YAML ./AdColony/AdColony_OCD_IP.yaml）
[2025-09-13 06:34:54] 跳过 TXT：./AdColony/AdColony_OCD_Domain.txt（存在同名 YAML ./AdColony/AdColony_OCD_Domain.yaml）
[2025-09-13 06:34:54] 跳过 TXT：./Mogujie/Mogujie_OCD_IP.txt（存在同名 YAML ./Mogujie/Mogujie_OCD_IP.yaml）
[2025-09-13 06:34:54] 跳过 TXT：./Mogujie/Mogujie_OCD_Domain.txt（存在同名 YAML ./Mogujie/Mogujie_OCD_Domain.yaml）
[2025-09-13 06:34:54] 跳过 TXT：./LineTV/LineTV_OCD_Domain.txt（存在同名 YAML ./LineTV/LineTV_OCD_Domain.yaml）
[2025-09-13 06:34:54] 跳过 TXT：./LineTV/LineTV_OCD_IP.txt（存在同名 YAML ./LineTV/LineTV_OCD_IP.yaml）
[2025-09-13 06:34:54] 跳过 TXT：./Canon/Canon_OCD_Domain.txt（存在同名 YAML ./Canon/Canon_OCD_Domain.yaml）
[2025-09-13 06:34:54] 跳过 TXT：./Canon/Canon_OCD_IP.txt（存在同名 YAML ./Canon/Canon_OCD_IP.yaml）
[2025-09-13 06:34:54] 跳过 TXT：./Faronics/Faronics_OCD_Domain.txt（存在同名 YAML ./Faronics/Faronics_OCD_Domain.yaml）
[2025-09-13 06:34:54] 跳过 TXT：./Faronics/Faronics_OCD_IP.txt（存在同名 YAML ./Faronics/Faronics_OCD_IP.yaml）
[2025-09-13 06:34:54] 跳过 TXT：./PCCW/PCCW_OCD_Domain.txt（存在同名 YAML ./PCCW/PCCW_OCD_Domain.yaml）
[2025-09-13 06:34:54] 跳过 TXT：./PCCW/PCCW_OCD_IP.txt（存在同名 YAML ./PCCW/PCCW_OCD_IP.yaml）
[2025-09-13 06:34:54] 跳过 TXT：./Wordpress/Wordpress_OCD_Domain.txt（存在同名 YAML ./Wordpress/Wordpress_OCD_Domain.yaml）
[2025-09-13 06:34:54] 跳过 TXT：./Wordpress/Wordpress_OCD_IP.txt（存在同名 YAML ./Wordpress/Wordpress_OCD_IP.yaml）
[2025-09-13 06:34:54] 跳过 TXT：./VISA/VISA_OCD_Domain.txt（存在同名 YAML ./VISA/VISA_OCD_Domain.yaml）
[2025-09-13 06:34:54] 跳过 TXT：./VISA/VISA_OCD_IP.txt（存在同名 YAML ./VISA/VISA_OCD_IP.yaml）
[2025-09-13 06:34:54] 跳过 TXT：./Haveibeenpwned/Haveibeenpwned_OCD_IP.txt（存在同名 YAML ./Haveibeenpwned/Haveibeenpwned_OCD_IP.yaml）
[2025-09-13 06:34:54] 跳过 TXT：./Haveibeenpwned/Haveibeenpwned_OCD_Domain.txt（存在同名 YAML ./Haveibeenpwned/Haveibeenpwned_OCD_Domain.yaml）
[2025-09-13 06:34:54] 跳过 TXT：./Privacy/Privacy_OCD_IP.txt（存在同名 YAML ./Privacy/Privacy_OCD_IP.yaml）
[2025-09-13 06:34:54] 跳过 TXT：./Privacy/Privacy_OCD_Domain.txt（存在同名 YAML ./Privacy/Privacy_OCD_Domain.yaml）
[2025-09-13 06:34:54] 跳过 TXT：./LG/LG_OCD_Domain.txt（存在同名 YAML ./LG/LG_OCD_Domain.yaml）
[2025-09-13 06:34:54] 跳过 TXT：./LG/LG_OCD_IP.txt（存在同名 YAML ./LG/LG_OCD_IP.yaml）
[2025-09-13 06:34:54] 跳过 TXT：./zhanqi/zhanqi_OCD_IP.txt（存在同名 YAML ./zhanqi/zhanqi_OCD_IP.yaml）
[2025-09-13 06:34:54] 跳过 TXT：./zhanqi/zhanqi_OCD_Domain.txt（存在同名 YAML ./zhanqi/zhanqi_OCD_Domain.yaml）
[2025-09-13 06:34:54] 跳过 TXT：./NetEaseMusic/NetEaseMusic_OCD_IP.txt（存在同名 YAML ./NetEaseMusic/NetEaseMusic_OCD_IP.yaml）
[2025-09-13 06:34:54] 跳过 TXT：./NetEaseMusic/NetEaseMusic_OCD_Domain.txt（存在同名 YAML ./NetEaseMusic/NetEaseMusic_OCD_Domain.yaml）
[2025-09-13 06:34:54] 跳过 TXT：./Anthropic/Anthropic_OCD_IP.txt（存在同名 YAML ./Anthropic/Anthropic_OCD_IP.yaml）
[2025-09-13 06:34:54] 跳过 TXT：./Anthropic/Anthropic_OCD_Domain.txt（存在同名 YAML ./Anthropic/Anthropic_OCD_Domain.yaml）
[2025-09-13 06:34:54] 跳过 TXT：./Kingsoft/Kingsoft_OCD_IP.txt（存在同名 YAML ./Kingsoft/Kingsoft_OCD_IP.yaml）
[2025-09-13 06:34:54] 跳过 TXT：./Kingsoft/Kingsoft_OCD_Domain.txt（存在同名 YAML ./Kingsoft/Kingsoft_OCD_Domain.yaml）
[2025-09-13 06:34:54] 跳过 TXT：./NGA/NGA_OCD_IP.txt（存在同名 YAML ./NGA/NGA_OCD_IP.yaml）
[2025-09-13 06:34:54] 跳过 TXT：./NGA/NGA_OCD_Domain.txt（存在同名 YAML ./NGA/NGA_OCD_Domain.yaml）
[2025-09-13 06:34:54] 跳过 TXT：./AMD/AMD_OCD_Domain.txt（存在同名 YAML ./AMD/AMD_OCD_Domain.yaml）
[2025-09-13 06:34:54] 跳过 TXT：./AMD/AMD_OCD_IP.txt（存在同名 YAML ./AMD/AMD_OCD_IP.yaml）
[2025-09-13 06:34:54] 跳过 TXT：./Claude/Claude_OCD_IP.txt（存在同名 YAML ./Claude/Claude_OCD_IP.yaml）
[2025-09-13 06:34:54] 跳过 TXT：./Claude/Claude_OCD_Domain.txt（存在同名 YAML ./Claude/Claude_OCD_Domain.yaml）
[2025-09-13 06:34:54] 跳过 TXT：./AppleMusic/AppleMusic_OCD_IP.txt（存在同名 YAML ./AppleMusic/AppleMusic_OCD_IP.yaml）
[2025-09-13 06:34:54] 跳过 TXT：./AppleMusic/AppleMusic_OCD_Domain.txt（存在同名 YAML ./AppleMusic/AppleMusic_OCD_Domain.yaml）
[2025-09-13 06:34:54] 跳过 TXT：./WeTV/WeTV_OCD_Domain.txt（存在同名 YAML ./WeTV/WeTV_OCD_Domain.yaml）
[2025-09-13 06:34:54] 跳过 TXT：./WeTV/WeTV_OCD_IP.txt（存在同名 YAML ./WeTV/WeTV_OCD_IP.yaml）
[2025-09-13 06:34:54] 跳过 TXT：./AdvertisingTest/AdvertisingTest_OCD_Domain.txt（存在同名 YAML ./AdvertisingTest/AdvertisingTest_OCD_Domain.yaml）
[2025-09-13 06:34:54] 跳过 TXT：./AdvertisingTest/AdvertisingTest_OCD_IP.txt（存在同名 YAML ./AdvertisingTest/AdvertisingTest_OCD_IP.yaml）
[2025-09-13 06:34:54] 跳过 TXT：./YouTube/YouTube_OCD_Domain.txt（存在同名 YAML ./YouTube/YouTube_OCD_Domain.yaml）
[2025-09-13 06:34:54] 跳过 TXT：./YouTube/YouTube_OCD_IP.txt（存在同名 YAML ./YouTube/YouTube_OCD_IP.yaml）
[2025-09-13 06:34:54] 跳过 TXT：./ViuTV/ViuTV_OCD_Domain.txt（存在同名 YAML ./ViuTV/ViuTV_OCD_Domain.yaml）
[2025-09-13 06:34:54] 跳过 TXT：./ViuTV/ViuTV_OCD_IP.txt（存在同名 YAML ./ViuTV/ViuTV_OCD_IP.yaml）
[2025-09-13 06:34:54] 跳过 TXT：./Nike/Nike_OCD_Domain.txt（存在同名 YAML ./Nike/Nike_OCD_Domain.yaml）
[2025-09-13 06:34:54] 跳过 TXT：./Nike/Nike_OCD_IP.txt（存在同名 YAML ./Nike/Nike_OCD_IP.yaml）
[2025-09-13 06:34:54] 跳过 TXT：./Cloudflare/Cloudflare_OCD_IP.txt（存在同名 YAML ./Cloudflare/Cloudflare_OCD_IP.yaml）
[2025-09-13 06:34:54] 跳过 TXT：./Cloudflare/Cloudflare_OCD_Domain.txt（存在同名 YAML ./Cloudflare/Cloudflare_OCD_Domain.yaml）
[2025-09-13 06:34:54] 跳过 TXT：./AppleDaily/AppleDaily_OCD_Domain.txt（存在同名 YAML ./AppleDaily/AppleDaily_OCD_Domain.yaml）
[2025-09-13 06:34:54] 跳过 TXT：./AppleDaily/AppleDaily_OCD_IP.txt（存在同名 YAML ./AppleDaily/AppleDaily_OCD_IP.yaml）
[2025-09-13 06:34:54] 跳过 TXT：./CBS/CBS_OCD_Domain.txt（存在同名 YAML ./CBS/CBS_OCD_Domain.yaml）
[2025-09-13 06:34:54] 跳过 TXT：./CBS/CBS_OCD_IP.txt（存在同名 YAML ./CBS/CBS_OCD_IP.yaml）
[2025-09-13 06:34:54] 跳过 TXT：./HeroesoftheStorm/HeroesoftheStorm_OCD_IP.txt（存在同名 YAML ./HeroesoftheStorm/HeroesoftheStorm_OCD_IP.yaml）
[2025-09-13 06:34:54] 跳过 TXT：./HeroesoftheStorm/HeroesoftheStorm_OCD_Domain.txt（存在同名 YAML ./HeroesoftheStorm/HeroesoftheStorm_OCD_Domain.yaml）
[2025-09-13 06:34:54] 跳过 TXT：./Advertising/Advertising_OCD_Domain.txt（存在同名 YAML ./Advertising/Advertising_OCD_Domain.yaml）
[2025-09-13 06:34:54] 跳过 TXT：./Advertising/Advertising_OCD_IP.txt（存在同名 YAML ./Advertising/Advertising_OCD_IP.yaml）
[2025-09-13 06:34:54] 跳过 TXT：./TVer/TVer_OCD_IP.txt（存在同名 YAML ./TVer/TVer_OCD_IP.yaml）
[2025-09-13 06:34:54] 跳过 TXT：./TVer/TVer_OCD_Domain.txt（存在同名 YAML ./TVer/TVer_OCD_Domain.yaml）
[2025-09-13 06:34:54] 跳过 TXT：./DynDNS/DynDNS_OCD_Domain.txt（存在同名 YAML ./DynDNS/DynDNS_OCD_Domain.yaml）
[2025-09-13 06:34:54] 跳过 TXT：./DynDNS/DynDNS_OCD_IP.txt（存在同名 YAML ./DynDNS/DynDNS_OCD_IP.yaml）
[2025-09-13 06:34:54] 跳过 TXT：./MOOV/MOOV_OCD_IP.txt（存在同名 YAML ./MOOV/MOOV_OCD_IP.yaml）
[2025-09-13 06:34:54] 跳过 TXT：./MOOV/MOOV_OCD_Domain.txt（存在同名 YAML ./MOOV/MOOV_OCD_Domain.yaml）
[2025-09-13 06:34:54] 跳过 TXT：./Intel/Intel_OCD_Domain.txt（存在同名 YAML ./Intel/Intel_OCD_Domain.yaml）
[2025-09-13 06:34:54] 跳过 TXT：./Intel/Intel_OCD_IP.txt（存在同名 YAML ./Intel/Intel_OCD_IP.yaml）
[2025-09-13 06:34:54] 跳过 TXT：./My5/My5_OCD_Domain.txt（存在同名 YAML ./My5/My5_OCD_Domain.yaml）
[2025-09-13 06:34:54] 跳过 TXT：./My5/My5_OCD_IP.txt（存在同名 YAML ./My5/My5_OCD_IP.yaml）
[2025-09-13 06:34:54] 跳过 TXT：./Opera/Opera_OCD_Domain.txt（存在同名 YAML ./Opera/Opera_OCD_Domain.yaml）
[2025-09-13 06:34:54] 跳过 TXT：./Opera/Opera_OCD_IP.txt（存在同名 YAML ./Opera/Opera_OCD_IP.yaml）
[2025-09-13 06:34:54] 跳过 TXT：./aiXcoder/aiXcoder_OCD_IP.txt（存在同名 YAML ./aiXcoder/aiXcoder_OCD_IP.yaml）
[2025-09-13 06:34:54] 跳过 TXT：./aiXcoder/aiXcoder_OCD_Domain.txt（存在同名 YAML ./aiXcoder/aiXcoder_OCD_Domain.yaml）
[2025-09-13 06:34:54] 跳过 TXT：./EasyPrivacy/EasyPrivacy_OCD_Domain.txt（存在同名 YAML ./EasyPrivacy/EasyPrivacy_OCD_Domain.yaml）
[2025-09-13 06:34:54] 跳过 TXT：./EasyPrivacy/EasyPrivacy_OCD_IP.txt（存在同名 YAML ./EasyPrivacy/EasyPrivacy_OCD_IP.yaml）
[2025-09-13 06:34:54] 跳过 TXT：./Game/TencentLoLMobile/TencentLoLMobile_OCD_IP.txt（存在同名 YAML ./Game/TencentLoLMobile/TencentLoLMobile_OCD_IP.yaml）
[2025-09-13 06:34:54] 跳过 TXT：./Game/TencentLoLMobile/TencentLoLMobile_OCD_Domain.txt（存在同名 YAML ./Game/TencentLoLMobile/TencentLoLMobile_OCD_Domain.yaml）
[2025-09-13 06:34:54] 跳过 TXT：./Game/Nikke/Nikke_OCD_IP.txt（存在同名 YAML ./Game/Nikke/Nikke_OCD_IP.yaml）
[2025-09-13 06:34:54] 跳过 TXT：./Game/Nikke/Nikke_OCD_Domain.txt（存在同名 YAML ./Game/Nikke/Nikke_OCD_Domain.yaml）
[2025-09-13 06:34:54] 跳过 TXT：./Game/Game_OCD_IP.txt（存在同名 YAML ./Game/Game_OCD_IP.yaml）
[2025-09-13 06:34:54] 跳过 TXT：./Game/Game_OCD_Domain.txt（存在同名 YAML ./Game/Game_OCD_Domain.yaml）
[2025-09-13 06:34:54] 跳过 TXT：./Game/GameDownload/GameDownload_OCD_Domain.txt（存在同名 YAML ./Game/GameDownload/GameDownload_OCD_Domain.yaml）
[2025-09-13 06:34:54] 跳过 TXT：./Game/GameDownload/GameDownload_OCD_IP.txt（存在同名 YAML ./Game/GameDownload/GameDownload_OCD_IP.yaml）
[2025-09-13 06:34:54] 跳过 TXT：./Game/Assassin'sCreed-Origins/Assassin'sCreed-Origins_OCD_IP.txt（存在同名 YAML ./Game/Assassin'sCreed-Origins/Assassin'sCreed-Origins_OCD_IP.yaml）
[2025-09-13 06:34:54] 跳过 TXT：./Game/Assassin'sCreed-Origins/Assassin'sCreed-Origins_OCD_Domain.txt（存在同名 YAML ./Game/Assassin'sCreed-Origins/Assassin'sCreed-Origins_OCD_Domain.yaml）
[2025-09-13 06:34:54] 跳过 TXT：./Game/Roblox/Roblox_OCD_Domain.txt（存在同名 YAML ./Game/Roblox/Roblox_OCD_Domain.yaml）
[2025-09-13 06:34:54] 跳过 TXT：./Game/Roblox/Roblox_OCD_IP.txt（存在同名 YAML ./Game/Roblox/Roblox_OCD_IP.yaml）
[2025-09-13 06:34:54] 跳过 TXT：./Game/GameDownloadCN/GameDownloadCN_OCD_IP.txt（存在同名 YAML ./Game/GameDownloadCN/GameDownloadCN_OCD_IP.yaml）
[2025-09-13 06:34:54] 跳过 TXT：./Game/GameDownloadCN/GameDownloadCN_OCD_Domain.txt（存在同名 YAML ./Game/GameDownloadCN/GameDownloadCN_OCD_Domain.yaml）
[2025-09-13 06:34:54] 跳过 TXT：./Game/Assassin'sCreed-Odyssey/Assassin'sCreed-Odyssey_OCD_Domain.txt（存在同名 YAML ./Game/Assassin'sCreed-Odyssey/Assassin'sCreed-Odyssey_OCD_Domain.yaml）
[2025-09-13 06:34:54] 跳过 TXT：./Game/Assassin'sCreed-Odyssey/Assassin'sCreed-Odyssey_OCD_IP.txt（存在同名 YAML ./Game/Assassin'sCreed-Odyssey/Assassin'sCreed-Odyssey_OCD_IP.yaml）
[2025-09-13 06:34:54] 跳过 TXT：./Riot/Riot_OCD_Domain.txt（存在同名 YAML ./Riot/Riot_OCD_Domain.yaml）
[2025-09-13 06:34:54] 跳过 TXT：./Riot/Riot_OCD_IP.txt（存在同名 YAML ./Riot/Riot_OCD_IP.yaml）
[2025-09-13 06:34:54] 跳过 TXT：./StarCraftII/StarCraftII_OCD_Domain.txt（存在同名 YAML ./StarCraftII/StarCraftII_OCD_Domain.yaml）
[2025-09-13 06:34:54] 跳过 TXT：./StarCraftII/StarCraftII_OCD_IP.txt（存在同名 YAML ./StarCraftII/StarCraftII_OCD_IP.yaml）
[2025-09-13 06:34:54] 跳过 TXT：./HWTV/HWTV_OCD_Domain.txt（存在同名 YAML ./HWTV/HWTV_OCD_Domain.yaml）
[2025-09-13 06:34:54] 跳过 TXT：./HWTV/HWTV_OCD_IP.txt（存在同名 YAML ./HWTV/HWTV_OCD_IP.yaml）
[2025-09-13 06:34:54] 跳过 TXT：./NYTimes/NYTimes_OCD_Domain.txt（存在同名 YAML ./NYTimes/NYTimes_OCD_Domain.yaml）
[2025-09-13 06:34:54] 跳过 TXT：./NYTimes/NYTimes_OCD_IP.txt（存在同名 YAML ./NYTimes/NYTimes_OCD_IP.yaml）
[2025-09-13 06:34:54] 跳过 TXT：./FindMy/FindMy_OCD_Domain.txt（存在同名 YAML ./FindMy/FindMy_OCD_Domain.yaml）
[2025-09-13 06:34:54] 跳过 TXT：./FindMy/FindMy_OCD_IP.txt（存在同名 YAML ./FindMy/FindMy_OCD_IP.yaml）
[2025-09-13 06:34:54] 跳过 TXT：./ChinaMobile/ChinaMobile_OCD_Domain.txt（存在同名 YAML ./ChinaMobile/ChinaMobile_OCD_Domain.yaml）
[2025-09-13 06:34:54] 跳过 TXT：./ChinaMobile/ChinaMobile_OCD_IP.txt（存在同名 YAML ./ChinaMobile/ChinaMobile_OCD_IP.yaml）
[2025-09-13 06:34:54] 跳过 TXT：./Telegram/Telegram_OCD_IP.txt（存在同名 YAML ./Telegram/Telegram_OCD_IP.yaml）
[2025-09-13 06:34:54] 跳过 TXT：./Telegram/Telegram_OCD_Domain.txt（存在同名 YAML ./Telegram/Telegram_OCD_Domain.yaml）
[2025-09-13 06:34:54] 跳过 TXT：./Stackexchange/Stackexchange_OCD_IP.txt（存在同名 YAML ./Stackexchange/Stackexchange_OCD_IP.yaml）
[2025-09-13 06:34:54] 跳过 TXT：./Stackexchange/Stackexchange_OCD_Domain.txt（存在同名 YAML ./Stackexchange/Stackexchange_OCD_Domain.yaml）
[2025-09-13 06:34:54] 跳过 TXT：./TestFlight/TestFlight_OCD_Domain.txt（存在同名 YAML ./TestFlight/TestFlight_OCD_Domain.yaml）
[2025-09-13 06:34:54] 跳过 TXT：./TestFlight/TestFlight_OCD_IP.txt（存在同名 YAML ./TestFlight/TestFlight_OCD_IP.yaml）
[2025-09-13 06:34:54] 跳过 TXT：./AdobeActivation/AdobeActivation_OCD_IP.txt（存在同名 YAML ./AdobeActivation/AdobeActivation_OCD_IP.yaml）
[2025-09-13 06:34:54] 跳过 TXT：./AdobeActivation/AdobeActivation_OCD_Domain.txt（存在同名 YAML ./AdobeActivation/AdobeActivation_OCD_Domain.yaml）
[2025-09-13 06:34:54] 跳过 TXT：./TelegramSG/TelegramSG_OCD_Domain.txt（存在同名 YAML ./TelegramSG/TelegramSG_OCD_Domain.yaml）
[2025-09-13 06:34:54] 跳过 TXT：./TelegramSG/TelegramSG_OCD_IP.txt（存在同名 YAML ./TelegramSG/TelegramSG_OCD_IP.yaml）
[2025-09-13 06:34:54] 跳过 TXT：./VOA/VOA_OCD_IP.txt（存在同名 YAML ./VOA/VOA_OCD_IP.yaml）
[2025-09-13 06:34:54] 跳过 TXT：./VOA/VOA_OCD_Domain.txt（存在同名 YAML ./VOA/VOA_OCD_Domain.yaml）
[2025-09-13 06:34:54] 跳过 TXT：./Salesforce/Salesforce_OCD_Domain.txt（存在同名 YAML ./Salesforce/Salesforce_OCD_Domain.yaml）
[2025-09-13 06:34:54] 跳过 TXT：./Salesforce/Salesforce_OCD_IP.txt（存在同名 YAML ./Salesforce/Salesforce_OCD_IP.yaml）
[2025-09-13 06:34:54] 跳过 TXT：./Shopee/Shopee_OCD_IP.txt（存在同名 YAML ./Shopee/Shopee_OCD_IP.yaml）
[2025-09-13 06:34:54] 跳过 TXT：./Shopee/Shopee_OCD_Domain.txt（存在同名 YAML ./Shopee/Shopee_OCD_Domain.yaml）
[2025-09-13 06:34:54] 跳过 TXT：./AFP/AFP_OCD_IP.txt（存在同名 YAML ./AFP/AFP_OCD_IP.yaml）
[2025-09-13 06:34:54] 跳过 TXT：./AFP/AFP_OCD_Domain.txt（存在同名 YAML ./AFP/AFP_OCD_Domain.yaml）
[2025-09-13 06:34:54] 跳过 TXT：./HoYoverse/HoYoverse_OCD_IP.txt（存在同名 YAML ./HoYoverse/HoYoverse_OCD_IP.yaml）
[2025-09-13 06:34:54] 跳过 TXT：./HoYoverse/HoYoverse_OCD_Domain.txt（存在同名 YAML ./HoYoverse/HoYoverse_OCD_Domain.yaml）
[2025-09-13 06:34:54] 跳过 TXT：./Hupu/Hupu_OCD_Domain.txt（存在同名 YAML ./Hupu/Hupu_OCD_Domain.yaml）
[2025-09-13 06:34:54] 跳过 TXT：./Hupu/Hupu_OCD_IP.txt（存在同名 YAML ./Hupu/Hupu_OCD_IP.yaml）
[2025-09-13 06:34:54] 跳过 TXT：./AdvertisingMiTV/AdvertisingMiTV_OCD_IP.txt（存在同名 YAML ./AdvertisingMiTV/AdvertisingMiTV_OCD_IP.yaml）
[2025-09-13 06:34:54] 跳过 TXT：./AdvertisingMiTV/AdvertisingMiTV_OCD_Domain.txt（存在同名 YAML ./AdvertisingMiTV/AdvertisingMiTV_OCD_Domain.yaml）
[2025-09-13 06:34:54] 跳过 TXT：./Oracle/Oracle_OCD_IP.txt（存在同名 YAML ./Oracle/Oracle_OCD_IP.yaml）
[2025-09-13 06:34:54] 跳过 TXT：./Oracle/Oracle_OCD_Domain.txt（存在同名 YAML ./Oracle/Oracle_OCD_Domain.yaml）
[2025-09-13 06:34:54] 跳过 TXT：./KuaiShou/KuaiShou_OCD_IP.txt（存在同名 YAML ./KuaiShou/KuaiShou_OCD_IP.yaml）
[2025-09-13 06:34:54] 跳过 TXT：./KuaiShou/KuaiShou_OCD_Domain.txt（存在同名 YAML ./KuaiShou/KuaiShou_OCD_Domain.yaml）
[2025-09-13 06:34:54] 跳过 TXT：./YouTubeMusic/YouTubeMusic_OCD_IP.txt（存在同名 YAML ./YouTubeMusic/YouTubeMusic_OCD_IP.yaml）
[2025-09-13 06:34:54] 跳过 TXT：./YouTubeMusic/YouTubeMusic_OCD_Domain.txt（存在同名 YAML ./YouTubeMusic/YouTubeMusic_OCD_Domain.yaml）
[2025-09-13 06:34:54] 跳过 TXT：./Antutu/Antutu_OCD_Domain.txt（存在同名 YAML ./Antutu/Antutu_OCD_Domain.yaml）
[2025-09-13 06:34:54] 跳过 TXT：./Antutu/Antutu_OCD_IP.txt（存在同名 YAML ./Antutu/Antutu_OCD_IP.yaml）
[2025-09-13 06:34:54] 跳过 TXT：./TapTap/TapTap_OCD_IP.txt（存在同名 YAML ./TapTap/TapTap_OCD_IP.yaml）
[2025-09-13 06:34:54] 跳过 TXT：./TapTap/TapTap_OCD_Domain.txt（存在同名 YAML ./TapTap/TapTap_OCD_Domain.yaml）
[2025-09-13 06:34:54] 跳过 TXT：./Sohu/Sohu_OCD_Domain.txt（存在同名 YAML ./Sohu/Sohu_OCD_Domain.yaml）
[2025-09-13 06:34:54] 跳过 TXT：./Sohu/Sohu_OCD_IP.txt（存在同名 YAML ./Sohu/Sohu_OCD_IP.yaml）
[2025-09-13 06:34:54] 跳过 TXT：./Protonmail/Protonmail_OCD_Domain.txt（存在同名 YAML ./Protonmail/Protonmail_OCD_Domain.yaml）
[2025-09-13 06:34:54] 跳过 TXT：./Protonmail/Protonmail_OCD_IP.txt（存在同名 YAML ./Protonmail/Protonmail_OCD_IP.yaml）
[2025-09-13 06:34:54] 跳过 TXT：./Unity/Unity_OCD_IP.txt（存在同名 YAML ./Unity/Unity_OCD_IP.yaml）
[2025-09-13 06:34:54] 跳过 TXT：./Unity/Unity_OCD_Domain.txt（存在同名 YAML ./Unity/Unity_OCD_Domain.yaml）
[2025-09-13 06:34:54] 跳过 TXT：./Starbucks/Starbucks_OCD_IP.txt（存在同名 YAML ./Starbucks/Starbucks_OCD_IP.yaml）
[2025-09-13 06:34:54] 跳过 TXT：./Starbucks/Starbucks_OCD_Domain.txt（存在同名 YAML ./Starbucks/Starbucks_OCD_Domain.yaml）
[2025-09-13 06:34:54] 跳过 TXT：./XiaoHongShu/XiaoHongShu_OCD_IP.txt（存在同名 YAML ./XiaoHongShu/XiaoHongShu_OCD_IP.yaml）
[2025-09-13 06:34:54] 跳过 TXT：./XiaoHongShu/XiaoHongShu_OCD_Domain.txt（存在同名 YAML ./XiaoHongShu/XiaoHongShu_OCD_Domain.yaml）
[2025-09-13 06:34:54] 跳过 TXT：./iCloud/iCloud_OCD_IP.txt（存在同名 YAML ./iCloud/iCloud_OCD_IP.yaml）
[2025-09-13 06:34:54] 跳过 TXT：./iCloud/iCloud_OCD_Domain.txt（存在同名 YAML ./iCloud/iCloud_OCD_Domain.yaml）
[2025-09-13 06:34:54] 跳过 TXT：./LuDaShi/LuDaShi_OCD_Domain.txt（存在同名 YAML ./LuDaShi/LuDaShi_OCD_Domain.yaml）
[2025-09-13 06:34:54] 跳过 TXT：./LuDaShi/LuDaShi_OCD_IP.txt（存在同名 YAML ./LuDaShi/LuDaShi_OCD_IP.yaml）
[2025-09-13 06:34:54] 跳过 TXT：./AppleHardware/AppleHardware_OCD_IP.txt（存在同名 YAML ./AppleHardware/AppleHardware_OCD_IP.yaml）
[2025-09-13 06:34:54] 跳过 TXT：./AppleHardware/AppleHardware_OCD_Domain.txt（存在同名 YAML ./AppleHardware/AppleHardware_OCD_Domain.yaml）
[2025-09-13 06:34:54] 跳过 TXT：./XianYu/XianYu_OCD_IP.txt（存在同名 YAML ./XianYu/XianYu_OCD_IP.yaml）
[2025-09-13 06:34:54] 跳过 TXT：./XianYu/XianYu_OCD_Domain.txt（存在同名 YAML ./XianYu/XianYu_OCD_Domain.yaml）
[2025-09-13 06:34:54] 跳过 TXT：./Huawei/Huawei_OCD_IP.txt（存在同名 YAML ./Huawei/Huawei_OCD_IP.yaml）
[2025-09-13 06:34:54] 跳过 TXT：./Huawei/Huawei_OCD_Domain.txt（存在同名 YAML ./Huawei/Huawei_OCD_Domain.yaml）
[2025-09-13 06:34:54] 跳过 TXT：./Eleme/Eleme_OCD_IP.txt（存在同名 YAML ./Eleme/Eleme_OCD_IP.yaml）
[2025-09-13 06:34:54] 跳过 TXT：./Eleme/Eleme_OCD_Domain.txt（存在同名 YAML ./Eleme/Eleme_OCD_Domain.yaml）
[2025-09-13 06:34:54] 跳过 TXT：./HKedcity/HKedcity_OCD_IP.txt（存在同名 YAML ./HKedcity/HKedcity_OCD_IP.yaml）
[2025-09-13 06:34:54] 跳过 TXT：./HKedcity/HKedcity_OCD_Domain.txt（存在同名 YAML ./HKedcity/HKedcity_OCD_Domain.yaml）
[2025-09-13 06:34:54] 跳过 TXT：./PSBC/PSBC_OCD_Domain.txt（存在同名 YAML ./PSBC/PSBC_OCD_Domain.yaml）
[2025-09-13 06:34:54] 跳过 TXT：./PSBC/PSBC_OCD_IP.txt（存在同名 YAML ./PSBC/PSBC_OCD_IP.yaml）
[2025-09-13 06:34:54] 跳过 TXT：./Oreilly/Oreilly_OCD_Domain.txt（存在同名 YAML ./Oreilly/Oreilly_OCD_Domain.yaml）
[2025-09-13 06:34:54] 跳过 TXT：./Oreilly/Oreilly_OCD_IP.txt（存在同名 YAML ./Oreilly/Oreilly_OCD_IP.yaml）
[2025-09-13 06:34:54] 跳过 TXT：./Anime/Anime_OCD_Domain.txt（存在同名 YAML ./Anime/Anime_OCD_Domain.yaml）
[2025-09-13 06:34:54] 跳过 TXT：./Anime/Anime_OCD_IP.txt（存在同名 YAML ./Anime/Anime_OCD_IP.yaml）
[2025-09-13 06:34:54] 跳过 TXT：./JianGuoYun/JianGuoYun_OCD_Domain.txt（存在同名 YAML ./JianGuoYun/JianGuoYun_OCD_Domain.yaml）
[2025-09-13 06:34:54] 跳过 TXT：./JianGuoYun/JianGuoYun_OCD_IP.txt（存在同名 YAML ./JianGuoYun/JianGuoYun_OCD_IP.yaml）
[2025-09-13 06:34:54] 跳过 TXT：./Asahi/Asahi_OCD_IP.txt（存在同名 YAML ./Asahi/Asahi_OCD_IP.yaml）
[2025-09-13 06:34:54] 跳过 TXT：./Asahi/Asahi_OCD_Domain.txt（存在同名 YAML ./Asahi/Asahi_OCD_Domain.yaml）
[2025-09-13 06:34:54] 跳过 TXT：./VikACG/VikACG_OCD_Domain.txt（存在同名 YAML ./VikACG/VikACG_OCD_Domain.yaml）
[2025-09-13 06:34:54] 跳过 TXT：./VikACG/VikACG_OCD_IP.txt（存在同名 YAML ./VikACG/VikACG_OCD_IP.yaml）
[2025-09-13 06:34:54] 跳过 TXT：./2KGames/2KGames_OCD_IP.txt（存在同名 YAML ./2KGames/2KGames_OCD_IP.yaml）
[2025-09-13 06:34:54] 跳过 TXT：./2KGames/2KGames_OCD_Domain.txt（存在同名 YAML ./2KGames/2KGames_OCD_Domain.yaml）
[2025-09-13 06:34:54] 跳过 TXT：./Electron/Electron_OCD_IP.txt（存在同名 YAML ./Electron/Electron_OCD_IP.yaml）
[2025-09-13 06:34:54] 跳过 TXT：./Electron/Electron_OCD_Domain.txt（存在同名 YAML ./Electron/Electron_OCD_Domain.yaml）
[2025-09-13 06:34:54] 跳过 TXT：./Slack/Slack_OCD_IP.txt（存在同名 YAML ./Slack/Slack_OCD_IP.yaml）
[2025-09-13 06:34:54] 跳过 TXT：./Slack/Slack_OCD_Domain.txt（存在同名 YAML ./Slack/Slack_OCD_Domain.yaml）
[2025-09-13 06:34:54] 跳过 TXT：./Verizon/Verizon_OCD_Domain.txt（存在同名 YAML ./Verizon/Verizon_OCD_Domain.yaml）
[2025-09-13 06:34:54] 跳过 TXT：./Verizon/Verizon_OCD_IP.txt（存在同名 YAML ./Verizon/Verizon_OCD_IP.yaml）
[2025-09-13 06:34:54] 跳过 TXT：./XueQiu/XueQiu_OCD_IP.txt（存在同名 YAML ./XueQiu/XueQiu_OCD_IP.yaml）
[2025-09-13 06:34:54] 跳过 TXT：./XueQiu/XueQiu_OCD_Domain.txt（存在同名 YAML ./XueQiu/XueQiu_OCD_Domain.yaml）
[2025-09-13 06:34:54] 跳过 TXT：./Hulu/Hulu_OCD_IP.txt（存在同名 YAML ./Hulu/Hulu_OCD_IP.yaml）
[2025-09-13 06:34:54] 跳过 TXT：./Hulu/Hulu_OCD_Domain.txt（存在同名 YAML ./Hulu/Hulu_OCD_Domain.yaml）
[2025-09-13 06:34:54] 跳过 TXT：./FangZhengDianZi/FangZhengDianZi_OCD_IP.txt（存在同名 YAML ./FangZhengDianZi/FangZhengDianZi_OCD_IP.yaml）
[2025-09-13 06:34:54] 跳过 TXT：./FangZhengDianZi/FangZhengDianZi_OCD_Domain.txt（存在同名 YAML ./FangZhengDianZi/FangZhengDianZi_OCD_Domain.yaml）
[2025-09-13 06:34:54] 跳过 TXT：./Manorama/Manorama_OCD_Domain.txt（存在同名 YAML ./Manorama/Manorama_OCD_Domain.yaml）
[2025-09-13 06:34:54] 跳过 TXT：./Manorama/Manorama_OCD_IP.txt（存在同名 YAML ./Manorama/Manorama_OCD_IP.yaml）
[2025-09-13 06:34:54] 跳过 TXT：./FeiZhu/FeiZhu_OCD_Domain.txt（存在同名 YAML ./FeiZhu/FeiZhu_OCD_Domain.yaml）
[2025-09-13 06:34:54] 跳过 TXT：./FeiZhu/FeiZhu_OCD_IP.txt（存在同名 YAML ./FeiZhu/FeiZhu_OCD_IP.yaml）
[2025-09-13 06:34:54] 跳过 TXT：./Rarbg/Rarbg_OCD_IP.txt（存在同名 YAML ./Rarbg/Rarbg_OCD_IP.yaml）
[2025-09-13 06:34:54] 跳过 TXT：./Rarbg/Rarbg_OCD_Domain.txt（存在同名 YAML ./Rarbg/Rarbg_OCD_Domain.yaml）
[2025-09-13 06:34:54] 跳过 TXT：./Movefree/Movefree_OCD_Domain.txt（存在同名 YAML ./Movefree/Movefree_OCD_Domain.yaml）
[2025-09-13 06:34:54] 跳过 TXT：./Movefree/Movefree_OCD_IP.txt（存在同名 YAML ./Movefree/Movefree_OCD_IP.yaml）
[2025-09-13 06:34:54] 跳过 TXT：./EA/EA_OCD_Domain.txt（存在同名 YAML ./EA/EA_OCD_Domain.yaml）
[2025-09-13 06:34:54] 跳过 TXT：./EA/EA_OCD_IP.txt（存在同名 YAML ./EA/EA_OCD_IP.yaml）
[2025-09-13 06:34:54] 跳过 TXT：./HanYi/HanYi_OCD_Domain.txt（存在同名 YAML ./HanYi/HanYi_OCD_Domain.yaml）
[2025-09-13 06:34:54] 跳过 TXT：./HanYi/HanYi_OCD_IP.txt（存在同名 YAML ./HanYi/HanYi_OCD_IP.yaml）
[2025-09-13 06:34:54] 跳过 TXT：./ZhongYuanYiShang/ZhongYuanYiShang_OCD_Domain.txt（存在同名 YAML ./ZhongYuanYiShang/ZhongYuanYiShang_OCD_Domain.yaml）
[2025-09-13 06:34:54] 跳过 TXT：./ZhongYuanYiShang/ZhongYuanYiShang_OCD_IP.txt（存在同名 YAML ./ZhongYuanYiShang/ZhongYuanYiShang_OCD_IP.yaml）
[2025-09-13 06:34:54] 跳过 TXT：./MeiTuan/MeiTuan_OCD_IP.txt（存在同名 YAML ./MeiTuan/MeiTuan_OCD_IP.yaml）
[2025-09-13 06:34:54] 跳过 TXT：./MeiTuan/MeiTuan_OCD_Domain.txt（存在同名 YAML ./MeiTuan/MeiTuan_OCD_Domain.yaml）
[2025-09-13 06:34:54] 跳过 TXT：./DiabloIII/DiabloIII_OCD_Domain.txt（存在同名 YAML ./DiabloIII/DiabloIII_OCD_Domain.yaml）
[2025-09-13 06:34:54] 跳过 TXT：./DiabloIII/DiabloIII_OCD_IP.txt（存在同名 YAML ./DiabloIII/DiabloIII_OCD_IP.yaml）
[2025-09-13 06:34:54] 跳过 TXT：./HuYa/HuYa_OCD_IP.txt（存在同名 YAML ./HuYa/HuYa_OCD_IP.yaml）
[2025-09-13 06:34:54] 跳过 TXT：./HuYa/HuYa_OCD_Domain.txt（存在同名 YAML ./HuYa/HuYa_OCD_Domain.yaml）
[2025-09-13 06:34:54] 跳过 TXT：./XingKongWuXian/XingKongWuXian_OCD_Domain.txt（存在同名 YAML ./XingKongWuXian/XingKongWuXian_OCD_Domain.yaml）
[2025-09-13 06:34:54] 跳过 TXT：./XingKongWuXian/XingKongWuXian_OCD_IP.txt（存在同名 YAML ./XingKongWuXian/XingKongWuXian_OCD_IP.yaml）
[2025-09-13 06:34:54] 跳过 TXT：./W3schools/W3schools_OCD_Domain.txt（存在同名 YAML ./W3schools/W3schools_OCD_Domain.yaml）
[2025-09-13 06:34:54] 跳过 TXT：./W3schools/W3schools_OCD_IP.txt（存在同名 YAML ./W3schools/W3schools_OCD_IP.yaml）
[2025-09-13 06:34:54] 跳过 TXT：./Pixnet/Pixnet_OCD_IP.txt（存在同名 YAML ./Pixnet/Pixnet_OCD_IP.yaml）
[2025-09-13 06:34:54] 跳过 TXT：./Pixnet/Pixnet_OCD_Domain.txt（存在同名 YAML ./Pixnet/Pixnet_OCD_Domain.yaml）
[2025-09-13 06:34:54] 跳过 TXT：./BiliBili/BiliBili_OCD_Domain.txt（存在同名 YAML ./BiliBili/BiliBili_OCD_Domain.yaml）
[2025-09-13 06:34:54] 跳过 TXT：./BiliBili/BiliBili_OCD_IP.txt（存在同名 YAML ./BiliBili/BiliBili_OCD_IP.yaml）
[2025-09-13 06:34:54] 跳过 TXT：./Peacock/Peacock_OCD_IP.txt（存在同名 YAML ./Peacock/Peacock_OCD_IP.yaml）
[2025-09-13 06:34:54] 跳过 TXT：./Peacock/Peacock_OCD_Domain.txt（存在同名 YAML ./Peacock/Peacock_OCD_Domain.yaml）
[2025-09-13 06:34:54] 跳过 TXT：./BiliBiliIntl/BiliBiliIntl_OCD_IP.txt（存在同名 YAML ./BiliBiliIntl/BiliBiliIntl_OCD_IP.yaml）
[2025-09-13 06:34:54] 跳过 TXT：./BiliBiliIntl/BiliBiliIntl_OCD_Domain.txt（存在同名 YAML ./BiliBiliIntl/BiliBiliIntl_OCD_Domain.yaml）
[2025-09-13 06:34:54] 跳过 TXT：./AcFun/AcFun_OCD_IP.txt（存在同名 YAML ./AcFun/AcFun_OCD_IP.yaml）
[2025-09-13 06:34:54] 跳过 TXT：./AcFun/AcFun_OCD_Domain.txt（存在同名 YAML ./AcFun/AcFun_OCD_Domain.yaml）
[2025-09-13 06:34:54] 跳过 TXT：./USMedia/USMedia_OCD_IP.txt（存在同名 YAML ./USMedia/USMedia_OCD_IP.yaml）
[2025-09-13 06:34:54] 跳过 TXT：./USMedia/USMedia_OCD_Domain.txt（存在同名 YAML ./USMedia/USMedia_OCD_Domain.yaml）
[2025-09-13 06:34:54] 跳过 TXT：./ifanr/ifanr_OCD_Domain.txt（存在同名 YAML ./ifanr/ifanr_OCD_Domain.yaml）
[2025-09-13 06:34:54] 跳过 TXT：./ifanr/ifanr_OCD_IP.txt（存在同名 YAML ./ifanr/ifanr_OCD_IP.yaml）
[2025-09-13 06:34:54] 跳过 TXT：./DiLianWangLuo/DiLianWangLuo_OCD_Domain.txt（存在同名 YAML ./DiLianWangLuo/DiLianWangLuo_OCD_Domain.yaml）
[2025-09-13 06:34:54] 跳过 TXT：./DiLianWangLuo/DiLianWangLuo_OCD_IP.txt（存在同名 YAML ./DiLianWangLuo/DiLianWangLuo_OCD_IP.yaml）
[2025-09-13 06:34:54] 跳过 TXT：./OuPeng/OuPeng_OCD_IP.txt（存在同名 YAML ./OuPeng/OuPeng_OCD_IP.yaml）
[2025-09-13 06:34:54] 跳过 TXT：./OuPeng/OuPeng_OCD_Domain.txt（存在同名 YAML ./OuPeng/OuPeng_OCD_Domain.yaml）
[2025-09-13 06:34:54] 跳过 TXT：./CSDN/CSDN_OCD_IP.txt（存在同名 YAML ./CSDN/CSDN_OCD_IP.yaml）
[2025-09-13 06:34:54] 跳过 TXT：./CSDN/CSDN_OCD_Domain.txt（存在同名 YAML ./CSDN/CSDN_OCD_Domain.yaml）
[2025-09-13 06:34:54] 跳过 TXT：./Deezer/Deezer_OCD_Domain.txt（存在同名 YAML ./Deezer/Deezer_OCD_Domain.yaml）
[2025-09-13 06:34:54] 跳过 TXT：./Deezer/Deezer_OCD_IP.txt（存在同名 YAML ./Deezer/Deezer_OCD_IP.yaml）
[2025-09-13 06:34:54] 跳过 TXT：./ChinaTelecom/ChinaTelecom_OCD_IP.txt（存在同名 YAML ./ChinaTelecom/ChinaTelecom_OCD_IP.yaml）
[2025-09-13 06:34:54] 跳过 TXT：./ChinaTelecom/ChinaTelecom_OCD_Domain.txt（存在同名 YAML ./ChinaTelecom/ChinaTelecom_OCD_Domain.yaml）
[2025-09-13 06:34:54] 跳过 TXT：./Comodo/Comodo_OCD_IP.txt（存在同名 YAML ./Comodo/Comodo_OCD_IP.yaml）
[2025-09-13 06:34:54] 跳过 TXT：./Comodo/Comodo_OCD_Domain.txt（存在同名 YAML ./Comodo/Comodo_OCD_Domain.yaml）
[2025-09-13 06:34:54] 跳过 TXT：./Steam/Steam_OCD_IP.txt（存在同名 YAML ./Steam/Steam_OCD_IP.yaml）
[2025-09-13 06:34:54] 跳过 TXT：./Steam/Steam_OCD_Domain.txt（存在同名 YAML ./Steam/Steam_OCD_Domain.yaml）
[2025-09-13 06:34:54] 跳过 TXT：./SouFang/SouFang_OCD_IP.txt（存在同名 YAML ./SouFang/SouFang_OCD_IP.yaml）
[2025-09-13 06:34:54] 跳过 TXT：./SouFang/SouFang_OCD_Domain.txt（存在同名 YAML ./SouFang/SouFang_OCD_Domain.yaml）
[2025-09-13 06:34:54] 跳过 TXT：./3Type/3Type_OCD_IP.txt（存在同名 YAML ./3Type/3Type_OCD_IP.yaml）
[2025-09-13 06:34:54] 跳过 TXT：./3Type/3Type_OCD_Domain.txt（存在同名 YAML ./3Type/3Type_OCD_Domain.yaml）
[2025-09-13 06:34:54] 跳过 TXT：./TelegramNL/TelegramNL_OCD_Domain.txt（存在同名 YAML ./TelegramNL/TelegramNL_OCD_Domain.yaml）
[2025-09-13 06:34:54] 跳过 TXT：./TelegramNL/TelegramNL_OCD_IP.txt（存在同名 YAML ./TelegramNL/TelegramNL_OCD_IP.yaml）
[2025-09-13 06:34:54] 跳过 TXT：./Migu/Migu_OCD_IP.txt（存在同名 YAML ./Migu/Migu_OCD_IP.yaml）
[2025-09-13 06:34:54] 跳过 TXT：./Migu/Migu_OCD_Domain.txt（存在同名 YAML ./Migu/Migu_OCD_Domain.yaml）
[2025-09-13 06:34:54] 跳过 TXT：./Cake/Cake_OCD_Domain.txt（存在同名 YAML ./Cake/Cake_OCD_Domain.yaml）
[2025-09-13 06:34:54] 跳过 TXT：./Cake/Cake_OCD_IP.txt（存在同名 YAML ./Cake/Cake_OCD_IP.yaml）
[2025-09-13 06:34:54] 跳过 TXT：./ChinaMaxNoIP/ChinaMaxNoIP_OCD_IP.txt（存在同名 YAML ./ChinaMaxNoIP/ChinaMaxNoIP_OCD_IP.yaml）
[2025-09-13 06:34:54] 跳过 TXT：./ChinaMaxNoIP/ChinaMaxNoIP_OCD_Domain.txt（存在同名 YAML ./ChinaMaxNoIP/ChinaMaxNoIP_OCD_Domain.yaml）
[2025-09-13 06:34:54] 跳过 TXT：./Linguee/Linguee_OCD_Domain.txt（存在同名 YAML ./Linguee/Linguee_OCD_Domain.yaml）
[2025-09-13 06:34:54] 跳过 TXT：./Linguee/Linguee_OCD_IP.txt（存在同名 YAML ./Linguee/Linguee_OCD_IP.yaml）
[2025-09-13 06:34:54] 跳过 TXT：./Npmjs/Npmjs_OCD_Domain.txt（存在同名 YAML ./Npmjs/Npmjs_OCD_Domain.yaml）
[2025-09-13 06:34:54] 跳过 TXT：./Npmjs/Npmjs_OCD_IP.txt（存在同名 YAML ./Npmjs/Npmjs_OCD_IP.yaml）
[2025-09-13 06:34:54] 跳过 TXT：./Teambition/Teambition_OCD_IP.txt（存在同名 YAML ./Teambition/Teambition_OCD_IP.yaml）
[2025-09-13 06:34:54] 跳过 TXT：./Teambition/Teambition_OCD_Domain.txt（存在同名 YAML ./Teambition/Teambition_OCD_Domain.yaml）
[2025-09-13 06:34:54] 跳过 TXT：./GlobalSign/GlobalSign_OCD_IP.txt（存在同名 YAML ./GlobalSign/GlobalSign_OCD_IP.yaml）
[2025-09-13 06:34:54] 跳过 TXT：./GlobalSign/GlobalSign_OCD_Domain.txt（存在同名 YAML ./GlobalSign/GlobalSign_OCD_Domain.yaml）
[2025-09-13 06:34:54] 跳过 TXT：./AppLovin/AppLovin_OCD_Domain.txt（存在同名 YAML ./AppLovin/AppLovin_OCD_Domain.yaml）
[2025-09-13 06:34:54] 跳过 TXT：./AppLovin/AppLovin_OCD_IP.txt（存在同名 YAML ./AppLovin/AppLovin_OCD_IP.yaml）
[2025-09-13 06:34:54] 跳过 TXT：./LastFM/LastFM_OCD_IP.txt（存在同名 YAML ./LastFM/LastFM_OCD_IP.yaml）
[2025-09-13 06:34:54] 跳过 TXT：./LastFM/LastFM_OCD_Domain.txt（存在同名 YAML ./LastFM/LastFM_OCD_Domain.yaml）
[2025-09-13 06:34:54] 跳过 TXT：./KugouKuwo/KugouKuwo_OCD_Domain.txt（存在同名 YAML ./KugouKuwo/KugouKuwo_OCD_Domain.yaml）
[2025-09-13 06:34:54] 跳过 TXT：./KugouKuwo/KugouKuwo_OCD_IP.txt（存在同名 YAML ./KugouKuwo/KugouKuwo_OCD_IP.yaml）
[2025-09-13 06:34:54] 跳过 TXT：./iTalkBB/iTalkBB_OCD_Domain.txt（存在同名 YAML ./iTalkBB/iTalkBB_OCD_Domain.yaml）
[2025-09-13 06:34:54] 跳过 TXT：./iTalkBB/iTalkBB_OCD_IP.txt（存在同名 YAML ./iTalkBB/iTalkBB_OCD_IP.yaml）
[2025-09-13 06:34:54] 跳过 TXT：./Qualcomm/Qualcomm_OCD_IP.txt（存在同名 YAML ./Qualcomm/Qualcomm_OCD_IP.yaml）
[2025-09-13 06:34:54] 跳过 TXT：./Qualcomm/Qualcomm_OCD_Domain.txt（存在同名 YAML ./Qualcomm/Qualcomm_OCD_Domain.yaml）
[2025-09-13 06:34:54] 跳过 TXT：./CNKI/CNKI_OCD_IP.txt（存在同名 YAML ./CNKI/CNKI_OCD_IP.yaml）
[2025-09-13 06:34:54] 跳过 TXT：./CNKI/CNKI_OCD_Domain.txt（存在同名 YAML ./CNKI/CNKI_OCD_Domain.yaml）
[2025-09-13 06:34:54] 跳过 TXT：./Reabble/Reabble_OCD_Domain.txt（存在同名 YAML ./Reabble/Reabble_OCD_Domain.yaml）
[2025-09-13 06:34:54] 跳过 TXT：./Reabble/Reabble_OCD_IP.txt（存在同名 YAML ./Reabble/Reabble_OCD_IP.yaml）
[2025-09-13 06:34:54] 跳过 TXT：./AppleProxy/AppleProxy_OCD_IP.txt（存在同名 YAML ./AppleProxy/AppleProxy_OCD_IP.yaml）
[2025-09-13 06:34:54] 跳过 TXT：./AppleProxy/AppleProxy_OCD_Domain.txt（存在同名 YAML ./AppleProxy/AppleProxy_OCD_Domain.yaml）
[2025-09-13 06:34:54] 跳过 TXT：./BesTV/BesTV_OCD_Domain.txt（存在同名 YAML ./BesTV/BesTV_OCD_Domain.yaml）
[2025-09-13 06:34:54] 跳过 TXT：./BesTV/BesTV_OCD_IP.txt（存在同名 YAML ./BesTV/BesTV_OCD_IP.yaml）
[2025-09-13 06:34:54] 跳过 TXT：./Scaleflex/Scaleflex_OCD_Domain.txt（存在同名 YAML ./Scaleflex/Scaleflex_OCD_Domain.yaml）
[2025-09-13 06:34:54] 跳过 TXT：./Scaleflex/Scaleflex_OCD_IP.txt（存在同名 YAML ./Scaleflex/Scaleflex_OCD_IP.yaml）
[2025-09-13 06:34:54] 跳过 TXT：./AsianMedia/AsianMedia_OCD_IP.txt（存在同名 YAML ./AsianMedia/AsianMedia_OCD_IP.yaml）
[2025-09-13 06:34:54] 跳过 TXT：./AsianMedia/AsianMedia_OCD_Domain.txt（存在同名 YAML ./AsianMedia/AsianMedia_OCD_Domain.yaml）
[2025-09-13 06:34:54] 跳过 TXT：./ChinaTest/ChinaTest_OCD_Domain.txt（存在同名 YAML ./ChinaTest/ChinaTest_OCD_Domain.yaml）
[2025-09-13 06:34:54] 跳过 TXT：./ChinaTest/ChinaTest_OCD_IP.txt（存在同名 YAML ./ChinaTest/ChinaTest_OCD_IP.yaml）
[2025-09-13 06:34:54] 跳过 TXT：./DigiCert/DigiCert_OCD_Domain.txt（存在同名 YAML ./DigiCert/DigiCert_OCD_Domain.yaml）
[2025-09-13 06:34:54] 跳过 TXT：./DigiCert/DigiCert_OCD_IP.txt（存在同名 YAML ./DigiCert/DigiCert_OCD_IP.yaml）
[2025-09-13 06:34:54] 跳过 TXT：./All4/All4_OCD_Domain.txt（存在同名 YAML ./All4/All4_OCD_Domain.yaml）
[2025-09-13 06:34:54] 跳过 TXT：./All4/All4_OCD_IP.txt（存在同名 YAML ./All4/All4_OCD_IP.yaml）
[2025-09-13 06:34:54] 跳过 TXT：./CCTV/CCTV_OCD_IP.txt（存在同名 YAML ./CCTV/CCTV_OCD_IP.yaml）
[2025-09-13 06:34:54] 跳过 TXT：./CCTV/CCTV_OCD_Domain.txt（存在同名 YAML ./CCTV/CCTV_OCD_Domain.yaml）
[2025-09-13 06:34:54] 跳过 TXT：./Pinduoduo/Pinduoduo_OCD_IP.txt（存在同名 YAML ./Pinduoduo/Pinduoduo_OCD_IP.yaml）
[2025-09-13 06:34:54] 跳过 TXT：./Pinduoduo/Pinduoduo_OCD_Domain.txt（存在同名 YAML ./Pinduoduo/Pinduoduo_OCD_Domain.yaml）
[2025-09-13 06:34:54] 跳过 TXT：./Gemini/Gemini_OCD_IP.txt（存在同名 YAML ./Gemini/Gemini_OCD_IP.yaml）
[2025-09-13 06:34:54] 跳过 TXT：./Gemini/Gemini_OCD_Domain.txt（存在同名 YAML ./Gemini/Gemini_OCD_Domain.yaml）
[2025-09-13 06:34:54] 跳过 TXT：./BrightCove/BrightCove_OCD_Domain.txt（存在同名 YAML ./BrightCove/BrightCove_OCD_Domain.yaml）
[2025-09-13 06:34:54] 跳过 TXT：./BrightCove/BrightCove_OCD_IP.txt（存在同名 YAML ./BrightCove/BrightCove_OCD_IP.yaml）
[2025-09-13 06:34:54] 跳过 TXT：./Voxmedia/Voxmedia_OCD_Domain.txt（存在同名 YAML ./Voxmedia/Voxmedia_OCD_Domain.yaml）
[2025-09-13 06:34:54] 跳过 TXT：./Voxmedia/Voxmedia_OCD_IP.txt（存在同名 YAML ./Voxmedia/Voxmedia_OCD_IP.yaml）
[2025-09-13 06:34:54] 跳过 TXT：./GitBook/GitBook_OCD_IP.txt（存在同名 YAML ./GitBook/GitBook_OCD_IP.yaml）
[2025-09-13 06:34:54] 跳过 TXT：./GitBook/GitBook_OCD_Domain.txt（存在同名 YAML ./GitBook/GitBook_OCD_Domain.yaml）
[2025-09-13 06:34:54] 跳过 TXT：./AppleMail/AppleMail_OCD_Domain.txt（存在同名 YAML ./AppleMail/AppleMail_OCD_Domain.yaml）
[2025-09-13 06:34:54] 跳过 TXT：./AppleMail/AppleMail_OCD_IP.txt（存在同名 YAML ./AppleMail/AppleMail_OCD_IP.yaml）
[2025-09-13 06:34:54] 跳过 TXT：./JOOX/JOOX_OCD_IP.txt（存在同名 YAML ./JOOX/JOOX_OCD_IP.yaml）
[2025-09-13 06:34:54] 跳过 TXT：./JOOX/JOOX_OCD_Domain.txt（存在同名 YAML ./JOOX/JOOX_OCD_Domain.yaml）
[2025-09-13 06:34:54] 跳过 TXT：./Weibo/Weibo_OCD_IP.txt（存在同名 YAML ./Weibo/Weibo_OCD_IP.yaml）
[2025-09-13 06:34:54] 跳过 TXT：./Weibo/Weibo_OCD_Domain.txt（存在同名 YAML ./Weibo/Weibo_OCD_Domain.yaml）
[2025-09-13 06:34:54] 跳过 TXT：./ChinaIPs/ChinaIPsTest/ChinaIPsTest_OCD_IP.txt（存在同名 YAML ./ChinaIPs/ChinaIPsTest/ChinaIPsTest_OCD_IP.yaml）
[2025-09-13 06:34:54] 跳过 TXT：./ChinaIPs/ChinaIPsTest/ChinaIPsTest_OCD_Domain.txt（存在同名 YAML ./ChinaIPs/ChinaIPsTest/ChinaIPsTest_OCD_Domain.yaml）
[2025-09-13 06:34:54] 跳过 TXT：./ChinaIPs/ChinaIPs_OCD_IP.txt（存在同名 YAML ./ChinaIPs/ChinaIPs_OCD_IP.yaml）
[2025-09-13 06:34:54] 跳过 TXT：./ChinaIPs/ChinaIPs_OCD_Domain.txt（存在同名 YAML ./ChinaIPs/ChinaIPs_OCD_Domain.yaml）
[2025-09-13 06:34:54] 跳过 TXT：./Duolingo/Duolingo_OCD_IP.txt（存在同名 YAML ./Duolingo/Duolingo_OCD_IP.yaml）
[2025-09-13 06:34:54] 跳过 TXT：./Duolingo/Duolingo_OCD_Domain.txt（存在同名 YAML ./Duolingo/Duolingo_OCD_Domain.yaml）
[2025-09-13 06:34:54] 跳过 TXT：./Dynu/Dynu_OCD_IP.txt（存在同名 YAML ./Dynu/Dynu_OCD_IP.yaml）
[2025-09-13 06:34:54] 跳过 TXT：./Dynu/Dynu_OCD_Domain.txt（存在同名 YAML ./Dynu/Dynu_OCD_Domain.yaml）
[2025-09-13 06:34:54] 跳过 TXT：./Afdian/Afdian_OCD_IP.txt（存在同名 YAML ./Afdian/Afdian_OCD_IP.yaml）
[2025-09-13 06:34:54] 跳过 TXT：./Afdian/Afdian_OCD_Domain.txt（存在同名 YAML ./Afdian/Afdian_OCD_Domain.yaml）
[2025-09-13 06:34:54] 跳过 TXT：./friDay/friDay_OCD_Domain.txt（存在同名 YAML ./friDay/friDay_OCD_Domain.yaml）
[2025-09-13 06:34:54] 跳过 TXT：./friDay/friDay_OCD_IP.txt（存在同名 YAML ./friDay/friDay_OCD_IP.yaml）
[2025-09-13 06:34:54] 跳过 TXT：./Gitee/Gitee_OCD_Domain.txt（存在同名 YAML ./Gitee/Gitee_OCD_Domain.yaml）
[2025-09-13 06:34:54] 跳过 TXT：./Gitee/Gitee_OCD_IP.txt（存在同名 YAML ./Gitee/Gitee_OCD_IP.yaml）
[2025-09-13 06:34:54] 跳过 TXT：./HaiNanHangKong/HaiNanHangKong_OCD_Domain.txt（存在同名 YAML ./HaiNanHangKong/HaiNanHangKong_OCD_Domain.yaml）
[2025-09-13 06:34:54] 跳过 TXT：./HaiNanHangKong/HaiNanHangKong_OCD_IP.txt（存在同名 YAML ./HaiNanHangKong/HaiNanHangKong_OCD_IP.yaml）
[2025-09-13 06:34:54] 跳过 TXT：./DNS/DNS_OCD_IP.txt（存在同名 YAML ./DNS/DNS_OCD_IP.yaml）
[2025-09-13 06:34:54] 跳过 TXT：./DNS/DNS_OCD_Domain.txt（存在同名 YAML ./DNS/DNS_OCD_Domain.yaml）
[2025-09-13 06:34:54] 跳过 TXT：./HunanTV/HunanTV_OCD_Domain.txt（存在同名 YAML ./HunanTV/HunanTV_OCD_Domain.yaml）
[2025-09-13 06:34:54] 跳过 TXT：./HunanTV/HunanTV_OCD_IP.txt（存在同名 YAML ./HunanTV/HunanTV_OCD_IP.yaml）
[2025-09-13 06:34:54] 跳过 TXT：./HP/HP_OCD_IP.txt（存在同名 YAML ./HP/HP_OCD_IP.yaml）
[2025-09-13 06:34:54] 跳过 TXT：./HP/HP_OCD_Domain.txt（存在同名 YAML ./HP/HP_OCD_Domain.yaml）
[2025-09-13 06:34:54] 跳过 TXT：./YiZhiBo/YiZhiBo_OCD_IP.txt（存在同名 YAML ./YiZhiBo/YiZhiBo_OCD_IP.yaml）
[2025-09-13 06:34:54] 跳过 TXT：./YiZhiBo/YiZhiBo_OCD_Domain.txt（存在同名 YAML ./YiZhiBo/YiZhiBo_OCD_Domain.yaml）
[2025-09-13 06:34:54] 跳过 TXT：./PikPak/PikPak_OCD_Domain.txt（存在同名 YAML ./PikPak/PikPak_OCD_Domain.yaml）
[2025-09-13 06:34:54] 跳过 TXT：./PikPak/PikPak_OCD_IP.txt（存在同名 YAML ./PikPak/PikPak_OCD_IP.yaml）
[2025-09-13 06:34:54] 跳过 TXT：./OneDrive/OneDrive_OCD_Domain.txt（存在同名 YAML ./OneDrive/OneDrive_OCD_Domain.yaml）
[2025-09-13 06:34:54] 跳过 TXT：./OneDrive/OneDrive_OCD_IP.txt（存在同名 YAML ./OneDrive/OneDrive_OCD_IP.yaml）
[2025-09-13 06:34:54] 跳过 TXT：./Lan/Lan_OCD_Domain.txt（存在同名 YAML ./Lan/Lan_OCD_Domain.yaml）
[2025-09-13 06:34:54] 跳过 TXT：./Lan/Lan_OCD_IP.txt（存在同名 YAML ./Lan/Lan_OCD_IP.yaml）
[2025-09-13 06:34:54] 跳过 TXT：./CHT/CHT_OCD_Domain.txt（存在同名 YAML ./CHT/CHT_OCD_Domain.yaml）
[2025-09-13 06:34:54] 跳过 TXT：./CHT/CHT_OCD_IP.txt（存在同名 YAML ./CHT/CHT_OCD_IP.yaml）
[2025-09-13 06:34:54] 跳过 TXT：./BaiFenDian/BaiFenDian_OCD_Domain.txt（存在同名 YAML ./BaiFenDian/BaiFenDian_OCD_Domain.yaml）
[2025-09-13 06:34:54] 跳过 TXT：./BaiFenDian/BaiFenDian_OCD_IP.txt（存在同名 YAML ./BaiFenDian/BaiFenDian_OCD_IP.yaml）
[2025-09-13 06:34:54] 跳过 TXT：./Blued/Blued_OCD_Domain.txt（存在同名 YAML ./Blued/Blued_OCD_Domain.yaml）
[2025-09-13 06:34:54] 跳过 TXT：./Blued/Blued_OCD_IP.txt（存在同名 YAML ./Blued/Blued_OCD_IP.yaml）
[2025-09-13 06:34:54] 跳过 TXT：./Ku6/Ku6_OCD_Domain.txt（存在同名 YAML ./Ku6/Ku6_OCD_Domain.yaml）
[2025-09-13 06:34:54] 跳过 TXT：./Ku6/Ku6_OCD_IP.txt（存在同名 YAML ./Ku6/Ku6_OCD_IP.yaml）
[2025-09-13 06:34:54] 跳过 TXT：./Entrust/Entrust_OCD_Domain.txt（存在同名 YAML ./Entrust/Entrust_OCD_Domain.yaml）
[2025-09-13 06:34:54] 跳过 TXT：./Entrust/Entrust_OCD_IP.txt（存在同名 YAML ./Entrust/Entrust_OCD_IP.yaml）
[2025-09-13 06:34:54] 跳过 TXT：./Flurry/Flurry_OCD_IP.txt（存在同名 YAML ./Flurry/Flurry_OCD_IP.yaml）
[2025-09-13 06:34:54] 跳过 TXT：./Flurry/Flurry_OCD_Domain.txt（存在同名 YAML ./Flurry/Flurry_OCD_Domain.yaml）
[2025-09-13 06:34:54] 跳过 TXT：./Ubuntu/Ubuntu_OCD_IP.txt（存在同名 YAML ./Ubuntu/Ubuntu_OCD_IP.yaml）
[2025-09-13 06:34:54] 跳过 TXT：./Ubuntu/Ubuntu_OCD_Domain.txt（存在同名 YAML ./Ubuntu/Ubuntu_OCD_Domain.yaml）
[2025-09-13 06:34:54] 跳过 TXT：./Adidas/Adidas_OCD_Domain.txt（存在同名 YAML ./Adidas/Adidas_OCD_Domain.yaml）
[2025-09-13 06:34:54] 跳过 TXT：./Adidas/Adidas_OCD_IP.txt（存在同名 YAML ./Adidas/Adidas_OCD_IP.yaml）
[2025-09-13 06:34:54] 跳过 TXT：./Teams/Teams_OCD_Domain.txt（存在同名 YAML ./Teams/Teams_OCD_Domain.yaml）
[2025-09-13 06:34:54] 跳过 TXT：./Teams/Teams_OCD_IP.txt（存在同名 YAML ./Teams/Teams_OCD_IP.yaml）
[2025-09-13 06:34:54] 跳过 TXT：./AiQiCha/AiQiCha_OCD_Domain.txt（存在同名 YAML ./AiQiCha/AiQiCha_OCD_Domain.yaml）
[2025-09-13 06:34:54] 跳过 TXT：./AiQiCha/AiQiCha_OCD_IP.txt（存在同名 YAML ./AiQiCha/AiQiCha_OCD_IP.yaml）
[2025-09-13 06:34:54] 跳过 TXT：./eBay/eBay_OCD_IP.txt（存在同名 YAML ./eBay/eBay_OCD_IP.yaml）
[2025-09-13 06:34:54] 跳过 TXT：./eBay/eBay_OCD_Domain.txt（存在同名 YAML ./eBay/eBay_OCD_Domain.yaml）
[2025-09-13 06:34:54] 跳过 TXT：./TianYaForum/TianYaForum_OCD_Domain.txt（存在同名 YAML ./TianYaForum/TianYaForum_OCD_Domain.yaml）
[2025-09-13 06:34:54] 跳过 TXT：./TianYaForum/TianYaForum_OCD_IP.txt（存在同名 YAML ./TianYaForum/TianYaForum_OCD_IP.yaml）
[2025-09-13 06:34:54] 跳过 TXT：./ChinaMedia/ChinaMedia_OCD_IP.txt（存在同名 YAML ./ChinaMedia/ChinaMedia_OCD_IP.yaml）
[2025-09-13 06:34:54] 跳过 TXT：./ChinaMedia/ChinaMedia_OCD_Domain.txt（存在同名 YAML ./ChinaMedia/ChinaMedia_OCD_Domain.yaml）
[2025-09-13 06:34:54] 跳过 TXT：./BianFeng/BianFeng_OCD_IP.txt（存在同名 YAML ./BianFeng/BianFeng_OCD_IP.yaml）
[2025-09-13 06:34:54] 跳过 TXT：./BianFeng/BianFeng_OCD_Domain.txt（存在同名 YAML ./BianFeng/BianFeng_OCD_Domain.yaml）
[2025-09-13 06:34:54] 跳过 TXT：./Download/Download_OCD_Domain.txt（存在同名 YAML ./Download/Download_OCD_Domain.yaml）
[2025-09-13 06:34:54] 跳过 TXT：./Download/Download_OCD_IP.txt（存在同名 YAML ./Download/Download_OCD_IP.yaml）
[2025-09-13 06:34:54] 跳过 TXT：./Espn/Espn_OCD_Domain.txt（存在同名 YAML ./Espn/Espn_OCD_Domain.yaml）
[2025-09-13 06:34:54] 跳过 TXT：./Espn/Espn_OCD_IP.txt（存在同名 YAML ./Espn/Espn_OCD_IP.yaml）
[2025-09-13 06:34:54] 跳过 TXT：./CWSeed/CWSeed_OCD_IP.txt（存在同名 YAML ./CWSeed/CWSeed_OCD_IP.yaml）
[2025-09-13 06:34:54] 跳过 TXT：./CWSeed/CWSeed_OCD_Domain.txt（存在同名 YAML ./CWSeed/CWSeed_OCD_Domain.yaml）
[2025-09-13 06:34:54] 跳过 TXT：./ATTWatchTV/ATTWatchTV_OCD_IP.txt（存在同名 YAML ./ATTWatchTV/ATTWatchTV_OCD_IP.yaml）
[2025-09-13 06:34:54] 跳过 TXT：./ATTWatchTV/ATTWatchTV_OCD_Domain.txt（存在同名 YAML ./ATTWatchTV/ATTWatchTV_OCD_Domain.yaml）
[2025-09-13 06:34:54] 跳过 TXT：./NYPost/NYPost_OCD_Domain.txt（存在同名 YAML ./NYPost/NYPost_OCD_Domain.yaml）
[2025-09-13 06:34:54] 跳过 TXT：./NYPost/NYPost_OCD_IP.txt（存在同名 YAML ./NYPost/NYPost_OCD_IP.yaml）
[2025-09-13 06:34:54] 跳过 TXT：./CEB/CEB_OCD_Domain.txt（存在同名 YAML ./CEB/CEB_OCD_Domain.yaml）
[2025-09-13 06:34:54] 跳过 TXT：./CEB/CEB_OCD_IP.txt（存在同名 YAML ./CEB/CEB_OCD_IP.yaml）
[2025-09-13 06:34:54] 跳过 TXT：./Linux/Linux_OCD_IP.txt（存在同名 YAML ./Linux/Linux_OCD_IP.yaml）
[2025-09-13 06:34:54] 跳过 TXT：./Linux/Linux_OCD_Domain.txt（存在同名 YAML ./Linux/Linux_OCD_Domain.yaml）
[2025-09-13 06:34:54] 跳过 TXT：./Hpplay/Hpplay_OCD_Domain.txt（存在同名 YAML ./Hpplay/Hpplay_OCD_Domain.yaml）
[2025-09-13 06:34:54] 跳过 TXT：./Hpplay/Hpplay_OCD_IP.txt（存在同名 YAML ./Hpplay/Hpplay_OCD_IP.yaml）
[2025-09-13 06:34:54] 跳过 TXT：./TIDAL/TIDAL_OCD_IP.txt（存在同名 YAML ./TIDAL/TIDAL_OCD_IP.yaml）
[2025-09-13 06:34:54] 跳过 TXT：./TIDAL/TIDAL_OCD_Domain.txt（存在同名 YAML ./TIDAL/TIDAL_OCD_Domain.yaml）
[2025-09-13 06:34:54] 跳过 TXT：./Whatsapp/Whatsapp_OCD_IP.txt（存在同名 YAML ./Whatsapp/Whatsapp_OCD_IP.yaml）
[2025-09-13 06:34:54] 跳过 TXT：./Whatsapp/Whatsapp_OCD_Domain.txt（存在同名 YAML ./Whatsapp/Whatsapp_OCD_Domain.yaml）
[2025-09-13 06:34:54] 跳过 TXT：./Contentful/Contentful_OCD_Domain.txt（存在同名 YAML ./Contentful/Contentful_OCD_Domain.yaml）
[2025-09-13 06:34:54] 跳过 TXT：./Contentful/Contentful_OCD_IP.txt（存在同名 YAML ./Contentful/Contentful_OCD_IP.yaml）
[2025-09-13 06:34:54] 跳过 TXT：./SoundCloud/SoundCloud_OCD_Domain.txt（存在同名 YAML ./SoundCloud/SoundCloud_OCD_Domain.yaml）
[2025-09-13 06:34:54] 跳过 TXT：./SoundCloud/SoundCloud_OCD_IP.txt（存在同名 YAML ./SoundCloud/SoundCloud_OCD_IP.yaml）
[2025-09-13 06:34:54] 跳过 TXT：./9to5/9to5_OCD_Domain.txt（存在同名 YAML ./9to5/9to5_OCD_Domain.yaml）
[2025-09-13 06:34:54] 跳过 TXT：./9to5/9to5_OCD_IP.txt（存在同名 YAML ./9to5/9to5_OCD_IP.yaml）
[2025-09-13 06:34:54] 跳过 TXT：./NaverTV/NaverTV_OCD_IP.txt（存在同名 YAML ./NaverTV/NaverTV_OCD_IP.yaml）
[2025-09-13 06:34:54] 跳过 TXT：./NaverTV/NaverTV_OCD_Domain.txt（存在同名 YAML ./NaverTV/NaverTV_OCD_Domain.yaml）
[2025-09-13 06:34:54] 跳过 TXT：./ICBC/ICBC_OCD_Domain.txt（存在同名 YAML ./ICBC/ICBC_OCD_Domain.yaml）
[2025-09-13 06:34:54] 跳过 TXT：./ICBC/ICBC_OCD_IP.txt（存在同名 YAML ./ICBC/ICBC_OCD_IP.yaml）
[2025-09-13 06:34:54] 跳过 TXT：./Garena/Garena_OCD_IP.txt（存在同名 YAML ./Garena/Garena_OCD_IP.yaml）
[2025-09-13 06:34:54] 跳过 TXT：./Garena/Garena_OCD_Domain.txt（存在同名 YAML ./Garena/Garena_OCD_Domain.yaml）
[2025-09-13 06:34:54] 跳过 TXT：./AdvertisingLite/AdvertisingLite_OCD_IP.txt（存在同名 YAML ./AdvertisingLite/AdvertisingLite_OCD_IP.yaml）
[2025-09-13 06:34:54] 跳过 TXT：./AdvertisingLite/AdvertisingLite_OCD_Domain.txt（存在同名 YAML ./AdvertisingLite/AdvertisingLite_OCD_Domain.yaml）
[2025-09-13 06:34:54] 跳过 TXT：./Wikimedia/Wikimedia_OCD_IP.txt（存在同名 YAML ./Wikimedia/Wikimedia_OCD_IP.yaml）
[2025-09-13 06:34:54] 跳过 TXT：./Wikimedia/Wikimedia_OCD_Domain.txt（存在同名 YAML ./Wikimedia/Wikimedia_OCD_Domain.yaml）
[2025-09-13 06:34:54] 跳过 TXT：./CGB/CGB_OCD_Domain.txt（存在同名 YAML ./CGB/CGB_OCD_Domain.yaml）
[2025-09-13 06:34:54] 跳过 TXT：./CGB/CGB_OCD_IP.txt（存在同名 YAML ./CGB/CGB_OCD_IP.yaml）
[2025-09-13 06:34:54] 跳过 TXT：./XiaoYuanKeJi/XiaoYuanKeJi_OCD_IP.txt（存在同名 YAML ./XiaoYuanKeJi/XiaoYuanKeJi_OCD_IP.yaml）
[2025-09-13 06:34:54] 跳过 TXT：./XiaoYuanKeJi/XiaoYuanKeJi_OCD_Domain.txt（存在同名 YAML ./XiaoYuanKeJi/XiaoYuanKeJi_OCD_Domain.yaml）
[2025-09-13 06:34:54] 跳过 TXT：./Jsdelivr/Jsdelivr_OCD_IP.txt（存在同名 YAML ./Jsdelivr/Jsdelivr_OCD_IP.yaml）
[2025-09-13 06:34:54] 跳过 TXT：./Jsdelivr/Jsdelivr_OCD_Domain.txt（存在同名 YAML ./Jsdelivr/Jsdelivr_OCD_Domain.yaml）
[2025-09-13 06:34:54] 跳过 TXT：./Acplay/Acplay_OCD_Domain.txt（存在同名 YAML ./Acplay/Acplay_OCD_Domain.yaml）
[2025-09-13 06:34:54] 跳过 TXT：./Acplay/Acplay_OCD_IP.txt（存在同名 YAML ./Acplay/Acplay_OCD_IP.yaml）
[2025-09-13 06:34:54] 跳过 TXT：./DingXiangYuan/DingXiangYuan_OCD_IP.txt（存在同名 YAML ./DingXiangYuan/DingXiangYuan_OCD_IP.yaml）
[2025-09-13 06:34:54] 跳过 TXT：./DingXiangYuan/DingXiangYuan_OCD_Domain.txt（存在同名 YAML ./DingXiangYuan/DingXiangYuan_OCD_Domain.yaml）
[2025-09-13 06:34:54] 跳过 TXT：./Identrust/Identrust_OCD_Domain.txt（存在同名 YAML ./Identrust/Identrust_OCD_Domain.yaml）
[2025-09-13 06:34:54] 跳过 TXT：./Identrust/Identrust_OCD_IP.txt（存在同名 YAML ./Identrust/Identrust_OCD_IP.yaml）
[2025-09-13 06:34:54] 跳过 TXT：./ZhiYinManKe/ZhiYinManKe_OCD_Domain.txt（存在同名 YAML ./ZhiYinManKe/ZhiYinManKe_OCD_Domain.yaml）
[2025-09-13 06:34:54] 跳过 TXT：./ZhiYinManKe/ZhiYinManKe_OCD_IP.txt（存在同名 YAML ./ZhiYinManKe/ZhiYinManKe_OCD_IP.yaml）
[2025-09-13 06:34:54] 跳过 TXT：./Japonx/Japonx_OCD_Domain.txt（存在同名 YAML ./Japonx/Japonx_OCD_Domain.yaml）
[2025-09-13 06:34:54] 跳过 TXT：./Japonx/Japonx_OCD_IP.txt（存在同名 YAML ./Japonx/Japonx_OCD_IP.yaml）
[2025-09-13 06:34:54] 跳过 TXT：./WildRift/WildRift_OCD_IP.txt（存在同名 YAML ./WildRift/WildRift_OCD_IP.yaml）
[2025-09-13 06:34:54] 跳过 TXT：./WildRift/WildRift_OCD_Domain.txt（存在同名 YAML ./WildRift/WildRift_OCD_Domain.yaml）
[2025-09-13 06:34:54] 跳过 TXT：./Python/Python_OCD_Domain.txt（存在同名 YAML ./Python/Python_OCD_Domain.yaml）
[2025-09-13 06:34:54] 跳过 TXT：./Python/Python_OCD_IP.txt（存在同名 YAML ./Python/Python_OCD_IP.yaml）
[2025-09-13 06:34:54] 跳过 TXT：./QingCloud/QingCloud_OCD_IP.txt（存在同名 YAML ./QingCloud/QingCloud_OCD_IP.yaml）
[2025-09-13 06:34:54] 跳过 TXT：./QingCloud/QingCloud_OCD_Domain.txt（存在同名 YAML ./QingCloud/QingCloud_OCD_Domain.yaml）
[2025-09-13 06:34:54] 跳过 TXT：./Coolapk/Coolapk_OCD_Domain.txt（存在同名 YAML ./Coolapk/Coolapk_OCD_Domain.yaml）
[2025-09-13 06:34:54] 跳过 TXT：./Coolapk/Coolapk_OCD_IP.txt（存在同名 YAML ./Coolapk/Coolapk_OCD_IP.yaml）
[2025-09-13 06:34:54] 跳过 TXT：./BMW/BMW_OCD_Domain.txt（存在同名 YAML ./BMW/BMW_OCD_Domain.yaml）
[2025-09-13 06:34:54] 跳过 TXT：./BMW/BMW_OCD_IP.txt（存在同名 YAML ./BMW/BMW_OCD_IP.yaml）
[2025-09-13 06:34:54] 跳过 TXT：./LiTV/LiTV_OCD_IP.txt（存在同名 YAML ./LiTV/LiTV_OCD_IP.yaml）
[2025-09-13 06:34:54] 跳过 TXT：./LiTV/LiTV_OCD_Domain.txt（存在同名 YAML ./LiTV/LiTV_OCD_Domain.yaml）
[2025-09-13 06:34:54] 跳过 TXT：./Chromecast/Chromecast_OCD_IP.txt（存在同名 YAML ./Chromecast/Chromecast_OCD_IP.yaml）
[2025-09-13 06:34:54] 跳过 TXT：./Chromecast/Chromecast_OCD_Domain.txt（存在同名 YAML ./Chromecast/Chromecast_OCD_Domain.yaml）
[2025-09-13 06:34:54] 跳过 TXT：./DaMai/DaMai_OCD_IP.txt（存在同名 YAML ./DaMai/DaMai_OCD_IP.yaml）
[2025-09-13 06:34:54] 跳过 TXT：./DaMai/DaMai_OCD_Domain.txt（存在同名 YAML ./DaMai/DaMai_OCD_Domain.yaml）
[2025-09-13 06:34:54] 跳过 TXT：./ByteDance/ByteDance_OCD_Domain.txt（存在同名 YAML ./ByteDance/ByteDance_OCD_Domain.yaml）
[2025-09-13 06:34:54] 跳过 TXT：./ByteDance/ByteDance_OCD_IP.txt（存在同名 YAML ./ByteDance/ByteDance_OCD_IP.yaml）
[2025-09-13 06:34:54] 跳过 TXT：./PrimeVideo/PrimeVideo_OCD_Domain.txt（存在同名 YAML ./PrimeVideo/PrimeVideo_OCD_Domain.yaml）
[2025-09-13 06:34:54] 跳过 TXT：./PrimeVideo/PrimeVideo_OCD_IP.txt（存在同名 YAML ./PrimeVideo/PrimeVideo_OCD_IP.yaml）
[2025-09-13 06:34:54] 跳过 TXT：./AbemaTV/AbemaTV_OCD_IP.txt（存在同名 YAML ./AbemaTV/AbemaTV_OCD_IP.yaml）
[2025-09-13 06:34:54] 跳过 TXT：./AbemaTV/AbemaTV_OCD_Domain.txt（存在同名 YAML ./AbemaTV/AbemaTV_OCD_Domain.yaml）
[2025-09-13 06:34:54] 跳过 TXT：./Anjuke/Anjuke_OCD_IP.txt（存在同名 YAML ./Anjuke/Anjuke_OCD_IP.yaml）
[2025-09-13 06:34:54] 跳过 TXT：./Anjuke/Anjuke_OCD_Domain.txt（存在同名 YAML ./Anjuke/Anjuke_OCD_Domain.yaml）
[2025-09-13 06:34:54] 跳过 TXT：./RuanMei/RuanMei_OCD_IP.txt（存在同名 YAML ./RuanMei/RuanMei_OCD_IP.yaml）
[2025-09-13 06:34:54] 跳过 TXT：./RuanMei/RuanMei_OCD_Domain.txt（存在同名 YAML ./RuanMei/RuanMei_OCD_Domain.yaml）
[2025-09-13 06:34:54] 跳过 TXT：./OpenAI/OpenAI_OCD_IP.txt（存在同名 YAML ./OpenAI/OpenAI_OCD_IP.yaml）
[2025-09-13 06:34:54] 跳过 TXT：./OpenAI/OpenAI_OCD_Domain.txt（存在同名 YAML ./OpenAI/OpenAI_OCD_Domain.yaml）
[2025-09-13 06:34:54] 跳过 TXT：./Dood/Dood_OCD_IP.txt（存在同名 YAML ./Dood/Dood_OCD_IP.yaml）
[2025-09-13 06:34:54] 跳过 TXT：./Dood/Dood_OCD_Domain.txt（存在同名 YAML ./Dood/Dood_OCD_Domain.yaml）
[2025-09-13 06:34:54] 跳过 TXT：./Epic/Epic_OCD_IP.txt（存在同名 YAML ./Epic/Epic_OCD_IP.yaml）
[2025-09-13 06:34:54] 跳过 TXT：./Epic/Epic_OCD_Domain.txt（存在同名 YAML ./Epic/Epic_OCD_Domain.yaml）
[2025-09-13 06:34:54] 跳过 TXT：./ThomsonReuters/ThomsonReuters_OCD_Domain.txt（存在同名 YAML ./ThomsonReuters/ThomsonReuters_OCD_Domain.yaml）
[2025-09-13 06:34:54] 跳过 TXT：./ThomsonReuters/ThomsonReuters_OCD_IP.txt（存在同名 YAML ./ThomsonReuters/ThomsonReuters_OCD_IP.yaml）
[2025-09-13 06:34:54] 跳过 TXT：./BritboxUK/BritboxUK_OCD_Domain.txt（存在同名 YAML ./BritboxUK/BritboxUK_OCD_Domain.yaml）
[2025-09-13 06:34:54] 跳过 TXT：./BritboxUK/BritboxUK_OCD_IP.txt（存在同名 YAML ./BritboxUK/BritboxUK_OCD_IP.yaml）
[2025-09-13 06:34:54] 跳过 TXT：./Razer/Razer_OCD_Domain.txt（存在同名 YAML ./Razer/Razer_OCD_Domain.yaml）
[2025-09-13 06:34:55] 跳过 TXT：./Razer/Razer_OCD_IP.txt（存在同名 YAML ./Razer/Razer_OCD_IP.yaml）
[2025-09-13 06:34:55] 跳过 TXT：./AmazonPrimeVideo/AmazonPrimeVideo_OCD_Domain.txt（存在同名 YAML ./AmazonPrimeVideo/AmazonPrimeVideo_OCD_Domain.yaml）
[2025-09-13 06:34:55] 跳过 TXT：./AmazonPrimeVideo/AmazonPrimeVideo_OCD_IP.txt（存在同名 YAML ./AmazonPrimeVideo/AmazonPrimeVideo_OCD_IP.yaml）
[2025-09-13 06:34:55] 跳过 TXT：./HBO/HBO_OCD_Domain.txt（存在同名 YAML ./HBO/HBO_OCD_Domain.yaml）
[2025-09-13 06:34:55] 跳过 TXT：./HBO/HBO_OCD_IP.txt（存在同名 YAML ./HBO/HBO_OCD_IP.yaml）
[2025-09-13 06:34:55] 跳过 TXT：./Logitech/Logitech_OCD_Domain.txt（存在同名 YAML ./Logitech/Logitech_OCD_Domain.yaml）
[2025-09-13 06:34:55] 跳过 TXT：./Logitech/Logitech_OCD_IP.txt（存在同名 YAML ./Logitech/Logitech_OCD_IP.yaml）
[2025-09-13 06:34:55] 跳过 TXT：./OKX/OKX_OCD_IP.txt（存在同名 YAML ./OKX/OKX_OCD_IP.yaml）
[2025-09-13 06:34:55] 跳过 TXT：./OKX/OKX_OCD_Domain.txt（存在同名 YAML ./OKX/OKX_OCD_Domain.yaml）
[2025-09-13 06:34:55] 跳过 TXT：./GoogleEarth/GoogleEarth_OCD_IP.txt（存在同名 YAML ./GoogleEarth/GoogleEarth_OCD_IP.yaml）
[2025-09-13 06:34:55] 跳过 TXT：./GoogleEarth/GoogleEarth_OCD_Domain.txt（存在同名 YAML ./GoogleEarth/GoogleEarth_OCD_Domain.yaml）
[2025-09-13 06:34:55] 跳过 TXT：./Fiio/Fiio_OCD_Domain.txt（存在同名 YAML ./Fiio/Fiio_OCD_Domain.yaml）
[2025-09-13 06:34:55] 跳过 TXT：./Fiio/Fiio_OCD_IP.txt（存在同名 YAML ./Fiio/Fiio_OCD_IP.yaml）
[2025-09-13 06:34:55] 跳过 TXT：./Camera360/Camera360_OCD_Domain.txt（存在同名 YAML ./Camera360/Camera360_OCD_Domain.yaml）
[2025-09-13 06:34:55] 跳过 TXT：./Camera360/Camera360_OCD_IP.txt（存在同名 YAML ./Camera360/Camera360_OCD_IP.yaml）
[2025-09-13 06:34:55] 跳过 TXT：./SkyGO/SkyGO_OCD_Domain.txt（存在同名 YAML ./SkyGO/SkyGO_OCD_Domain.yaml）
[2025-09-13 06:34:55] 跳过 TXT：./SkyGO/SkyGO_OCD_IP.txt（存在同名 YAML ./SkyGO/SkyGO_OCD_IP.yaml）
[2025-09-13 06:34:55] 跳过 TXT：./VK/VK_OCD_Domain.txt（存在同名 YAML ./VK/VK_OCD_Domain.yaml）
[2025-09-13 06:34:55] 跳过 TXT：./VK/VK_OCD_IP.txt（存在同名 YAML ./VK/VK_OCD_IP.yaml）
[2025-09-13 06:34:55] 跳过 TXT：./SMZDM/SMZDM_OCD_Domain.txt（存在同名 YAML ./SMZDM/SMZDM_OCD_Domain.yaml）
[2025-09-13 06:34:55] 跳过 TXT：./SMZDM/SMZDM_OCD_IP.txt（存在同名 YAML ./SMZDM/SMZDM_OCD_IP.yaml）
[2025-09-13 06:34:55] 跳过 TXT：./PBS/PBS_OCD_IP.txt（存在同名 YAML ./PBS/PBS_OCD_IP.yaml）
[2025-09-13 06:34:55] 跳过 TXT：./PBS/PBS_OCD_Domain.txt（存在同名 YAML ./PBS/PBS_OCD_Domain.yaml）
[2025-09-13 06:34:55] 跳过 TXT：./LivePerson/LivePerson_OCD_IP.txt（存在同名 YAML ./LivePerson/LivePerson_OCD_IP.yaml）
[2025-09-13 06:34:55] 跳过 TXT：./LivePerson/LivePerson_OCD_Domain.txt（存在同名 YAML ./LivePerson/LivePerson_OCD_Domain.yaml）
[2025-09-13 06:34:55] 跳过 TXT：./Developer/Developer_OCD_IP.txt（存在同名 YAML ./Developer/Developer_OCD_IP.yaml）
[2025-09-13 06:34:55] 跳过 TXT：./Developer/Developer_OCD_Domain.txt（存在同名 YAML ./Developer/Developer_OCD_Domain.yaml）
[2025-09-13 06:34:55] 跳过 TXT：./JingDong/JingDong_OCD_Domain.txt（存在同名 YAML ./JingDong/JingDong_OCD_Domain.yaml）
[2025-09-13 06:34:55] 跳过 TXT：./JingDong/JingDong_OCD_IP.txt（存在同名 YAML ./JingDong/JingDong_OCD_IP.yaml）
[2025-09-13 06:34:55] 跳过 TXT：./UBI/UBI_OCD_Domain.txt（存在同名 YAML ./UBI/UBI_OCD_Domain.yaml）
[2025-09-13 06:34:55] 跳过 TXT：./UBI/UBI_OCD_IP.txt（存在同名 YAML ./UBI/UBI_OCD_IP.yaml）
[2025-09-13 06:34:55] 跳过 TXT：./NowE/NowE_OCD_Domain.txt（存在同名 YAML ./NowE/NowE_OCD_Domain.yaml）
[2025-09-13 06:34:55] 跳过 TXT：./NowE/NowE_OCD_IP.txt（存在同名 YAML ./NowE/NowE_OCD_IP.yaml）
[2025-09-13 06:34:55] 跳过 TXT：./EncoreTVB/EncoreTVB_OCD_IP.txt（存在同名 YAML ./EncoreTVB/EncoreTVB_OCD_IP.yaml）
[2025-09-13 06:34:55] 跳过 TXT：./EncoreTVB/EncoreTVB_OCD_Domain.txt（存在同名 YAML ./EncoreTVB/EncoreTVB_OCD_Domain.yaml）
[2025-09-13 06:34:55] 跳过 TXT：./ZDNS/ZDNS_OCD_IP.txt（存在同名 YAML ./ZDNS/ZDNS_OCD_IP.yaml）
[2025-09-13 06:34:55] 跳过 TXT：./ZDNS/ZDNS_OCD_Domain.txt（存在同名 YAML ./ZDNS/ZDNS_OCD_Domain.yaml）
[2025-09-13 06:34:55] 跳过 TXT：./LeJu/LeJu_OCD_Domain.txt（存在同名 YAML ./LeJu/LeJu_OCD_Domain.yaml）
[2025-09-13 06:34:55] 跳过 TXT：./LeJu/LeJu_OCD_IP.txt（存在同名 YAML ./LeJu/LeJu_OCD_IP.yaml）
[2025-09-13 06:34:55] 跳过 TXT：./Notion/Notion_OCD_IP.txt（存在同名 YAML ./Notion/Notion_OCD_IP.yaml）
[2025-09-13 06:34:55] 跳过 TXT：./Notion/Notion_OCD_Domain.txt（存在同名 YAML ./Notion/Notion_OCD_Domain.yaml）
[2025-09-13 06:34:55] 跳过 TXT：./PingAn/PingAn_OCD_IP.txt（存在同名 YAML ./PingAn/PingAn_OCD_IP.yaml）
[2025-09-13 06:34:55] 跳过 TXT：./PingAn/PingAn_OCD_Domain.txt（存在同名 YAML ./PingAn/PingAn_OCD_Domain.yaml）
[2025-09-13 06:34:55] 跳过 TXT：./MOMOShop/MOMOShop_OCD_IP.txt（存在同名 YAML ./MOMOShop/MOMOShop_OCD_IP.yaml）
[2025-09-13 06:34:55] 跳过 TXT：./MOMOShop/MOMOShop_OCD_Domain.txt（存在同名 YAML ./MOMOShop/MOMOShop_OCD_Domain.yaml）
[2025-09-13 06:34:55] 跳过 TXT：./SystemOTA/SystemOTA_OCD_Domain.txt（存在同名 YAML ./SystemOTA/SystemOTA_OCD_Domain.yaml）
[2025-09-13 06:34:55] 跳过 TXT：./SystemOTA/SystemOTA_OCD_IP.txt（存在同名 YAML ./SystemOTA/SystemOTA_OCD_IP.yaml）
[2025-09-13 06:34:55] 跳过 TXT：./AOL/AOL_OCD_IP.txt（存在同名 YAML ./AOL/AOL_OCD_IP.yaml）
[2025-09-13 06:34:55] 跳过 TXT：./AOL/AOL_OCD_Domain.txt（存在同名 YAML ./AOL/AOL_OCD_Domain.yaml）
[2025-09-13 06:34:55] 跳过 TXT：./ZhihuAds/ZhihuAds_OCD_Domain.txt（存在同名 YAML ./ZhihuAds/ZhihuAds_OCD_Domain.yaml）
[2025-09-13 06:34:55] 跳过 TXT：./ZhihuAds/ZhihuAds_OCD_IP.txt（存在同名 YAML ./ZhihuAds/ZhihuAds_OCD_IP.yaml）
[2025-09-13 06:34:55] 跳过 TXT：./Figma/Figma_OCD_IP.txt（存在同名 YAML ./Figma/Figma_OCD_IP.yaml）
[2025-09-13 06:34:55] 跳过 TXT：./Figma/Figma_OCD_Domain.txt（存在同名 YAML ./Figma/Figma_OCD_Domain.yaml）
[2025-09-13 06:34:55] 跳过 TXT：./HeMa/HeMa_OCD_IP.txt（存在同名 YAML ./HeMa/HeMa_OCD_IP.yaml）
[2025-09-13 06:34:55] 跳过 TXT：./HeMa/HeMa_OCD_Domain.txt（存在同名 YAML ./HeMa/HeMa_OCD_Domain.yaml）
[2025-09-13 06:34:55] 跳过 TXT：./Collabora/Collabora_OCD_Domain.txt（存在同名 YAML ./Collabora/Collabora_OCD_Domain.yaml）
[2025-09-13 06:34:55] 跳过 TXT：./Collabora/Collabora_OCD_IP.txt（存在同名 YAML ./Collabora/Collabora_OCD_IP.yaml）
[2025-09-13 06:34:55] 跳过 TXT：./XueErSi/XueErSi_OCD_Domain.txt（存在同名 YAML ./XueErSi/XueErSi_OCD_Domain.yaml）
[2025-09-13 06:34:55] 跳过 TXT：./XueErSi/XueErSi_OCD_IP.txt（存在同名 YAML ./XueErSi/XueErSi_OCD_IP.yaml）
[2025-09-13 06:34:55] 跳过 TXT：./ZhongGuoShiHua/ZhongGuoShiHua_OCD_IP.txt（存在同名 YAML ./ZhongGuoShiHua/ZhongGuoShiHua_OCD_IP.yaml）
[2025-09-13 06:34:55] 跳过 TXT：./ZhongGuoShiHua/ZhongGuoShiHua_OCD_Domain.txt（存在同名 YAML ./ZhongGuoShiHua/ZhongGuoShiHua_OCD_Domain.yaml）
[2025-09-13 06:34:55] 跳过 TXT：./4399/4399_OCD_Domain.txt（存在同名 YAML ./4399/4399_OCD_Domain.yaml）
[2025-09-13 06:34:55] 跳过 TXT：./4399/4399_OCD_IP.txt（存在同名 YAML ./4399/4399_OCD_IP.yaml）
[2025-09-13 06:34:55] 跳过 TXT：./Synology/Synology_OCD_IP.txt（存在同名 YAML ./Synology/Synology_OCD_IP.yaml）
[2025-09-13 06:34:55] 跳过 TXT：./Synology/Synology_OCD_Domain.txt（存在同名 YAML ./Synology/Synology_OCD_Domain.yaml）
[2025-09-13 06:34:55] 跳过 TXT：./iQIYI/iQIYI_OCD_Domain.txt（存在同名 YAML ./iQIYI/iQIYI_OCD_Domain.yaml）
[2025-09-13 06:34:55] 跳过 TXT：./iQIYI/iQIYI_OCD_IP.txt（存在同名 YAML ./iQIYI/iQIYI_OCD_IP.yaml）
[2025-09-13 06:34:55] 跳过 TXT：./Threads/Threads_OCD_IP.txt（存在同名 YAML ./Threads/Threads_OCD_IP.yaml）
[2025-09-13 06:34:55] 跳过 TXT：./Threads/Threads_OCD_Domain.txt（存在同名 YAML ./Threads/Threads_OCD_Domain.yaml）
[2025-09-13 06:34:55] 跳过 TXT：./Embl/Embl_OCD_Domain.txt（存在同名 YAML ./Embl/Embl_OCD_Domain.yaml）
[2025-09-13 06:34:55] 跳过 TXT：./Embl/Embl_OCD_IP.txt（存在同名 YAML ./Embl/Embl_OCD_IP.yaml）
[2025-09-13 06:34:55] 跳过 TXT：./Dell/Dell_OCD_Domain.txt（存在同名 YAML ./Dell/Dell_OCD_Domain.yaml）
[2025-09-13 06:34:55] 跳过 TXT：./Dell/Dell_OCD_IP.txt（存在同名 YAML ./Dell/Dell_OCD_IP.yaml）
[2025-09-13 06:34:55] 跳过 TXT：./Jwplayer/Jwplayer_OCD_IP.txt（存在同名 YAML ./Jwplayer/Jwplayer_OCD_IP.yaml）
[2025-09-13 06:34:55] 跳过 TXT：./Jwplayer/Jwplayer_OCD_Domain.txt（存在同名 YAML ./Jwplayer/Jwplayer_OCD_Domain.yaml）
[2025-09-13 06:34:55] 跳过 TXT：./Pandora/Pandora_OCD_IP.txt（存在同名 YAML ./Pandora/Pandora_OCD_IP.yaml）
[2025-09-13 06:34:55] 跳过 TXT：./Pandora/Pandora_OCD_Domain.txt（存在同名 YAML ./Pandora/Pandora_OCD_Domain.yaml）
[2025-09-13 06:34:55] 跳过 TXT：./AirChina/AirChina_OCD_Domain.txt（存在同名 YAML ./AirChina/AirChina_OCD_Domain.yaml）
[2025-09-13 06:34:55] 跳过 TXT：./AirChina/AirChina_OCD_IP.txt（存在同名 YAML ./AirChina/AirChina_OCD_IP.yaml）
[2025-09-13 06:34:55] 跳过 TXT：./Discord/Discord_OCD_IP.txt（存在同名 YAML ./Discord/Discord_OCD_IP.yaml）
[2025-09-13 06:34:55] 跳过 TXT：./Discord/Discord_OCD_Domain.txt（存在同名 YAML ./Discord/Discord_OCD_Domain.yaml）
[2025-09-13 06:34:55] 跳过 TXT：./DigitalOcean/DigitalOcean_OCD_Domain.txt（存在同名 YAML ./DigitalOcean/DigitalOcean_OCD_Domain.yaml）
[2025-09-13 06:34:55] 跳过 TXT：./DigitalOcean/DigitalOcean_OCD_IP.txt（存在同名 YAML ./DigitalOcean/DigitalOcean_OCD_IP.yaml）
[2025-09-13 06:34:55] 跳过 TXT：./AMP/AMP_OCD_IP.txt（存在同名 YAML ./AMP/AMP_OCD_IP.yaml）
[2025-09-13 06:34:55] 跳过 TXT：./AMP/AMP_OCD_Domain.txt（存在同名 YAML ./AMP/AMP_OCD_Domain.yaml）
[2025-09-13 06:34:55] 跳过 TXT：./JinJiangWenXue/JinJiangWenXue_OCD_Domain.txt（存在同名 YAML ./JinJiangWenXue/JinJiangWenXue_OCD_Domain.yaml）
[2025-09-13 06:34:55] 跳过 TXT：./JinJiangWenXue/JinJiangWenXue_OCD_IP.txt（存在同名 YAML ./JinJiangWenXue/JinJiangWenXue_OCD_IP.yaml）
[2025-09-13 06:34:55] 跳过 TXT：./Abema/Abema_OCD_IP.txt（存在同名 YAML ./Abema/Abema_OCD_IP.yaml）
[2025-09-13 06:34:55] 跳过 TXT：./Abema/Abema_OCD_Domain.txt（存在同名 YAML ./Abema/Abema_OCD_Domain.yaml）
[2025-09-13 06:34:55] 跳过 TXT：./Deepin/Deepin_OCD_Domain.txt（存在同名 YAML ./Deepin/Deepin_OCD_Domain.yaml）
[2025-09-13 06:34:55] 跳过 TXT：./Deepin/Deepin_OCD_IP.txt（存在同名 YAML ./Deepin/Deepin_OCD_IP.yaml）
[2025-09-13 06:34:55] 跳过 TXT：./Vivo/Vivo_OCD_IP.txt（存在同名 YAML ./Vivo/Vivo_OCD_IP.yaml）
[2025-09-13 06:34:55] 跳过 TXT：./Vivo/Vivo_OCD_Domain.txt（存在同名 YAML ./Vivo/Vivo_OCD_Domain.yaml）
[2025-09-13 06:34:55] 跳过 TXT：./BaiShanYunKeJi/BaiShanYunKeJi_OCD_IP.txt（存在同名 YAML ./BaiShanYunKeJi/BaiShanYunKeJi_OCD_IP.yaml）
[2025-09-13 06:34:55] 跳过 TXT：./BaiShanYunKeJi/BaiShanYunKeJi_OCD_Domain.txt（存在同名 YAML ./BaiShanYunKeJi/BaiShanYunKeJi_OCD_Domain.yaml）
[2025-09-13 06:34:55] 跳过 TXT：./ChinaMax/ChinaMax_OCD_Domain.txt（存在同名 YAML ./ChinaMax/ChinaMax_OCD_Domain.yaml）
[2025-09-13 06:34:55] 跳过 TXT：./ChinaMax/ChinaMax_OCD_IP.txt（存在同名 YAML ./ChinaMax/ChinaMax_OCD_IP.yaml）
[2025-09-13 06:34:55] 跳过 TXT：./Agora/Agora_OCD_IP.txt（存在同名 YAML ./Agora/Agora_OCD_IP.yaml）
[2025-09-13 06:34:55] 跳过 TXT：./Agora/Agora_OCD_Domain.txt（存在同名 YAML ./Agora/Agora_OCD_Domain.yaml）
[2025-09-13 06:34:55] 跳过 TXT：./SMG/SMG_OCD_Domain.txt（存在同名 YAML ./SMG/SMG_OCD_Domain.yaml）
[2025-09-13 06:34:55] 跳过 TXT：./SMG/SMG_OCD_IP.txt（存在同名 YAML ./SMG/SMG_OCD_IP.yaml）
[2025-09-13 06:34:55] 跳过 TXT：./Marketing/Marketing_OCD_Domain.txt（存在同名 YAML ./Marketing/Marketing_OCD_Domain.yaml）
[2025-09-13 06:34:55] 跳过 TXT：./Marketing/Marketing_OCD_IP.txt（存在同名 YAML ./Marketing/Marketing_OCD_IP.yaml）
[2025-09-13 06:34:55] 跳过 TXT：./DiSiFanShi/DiSiFanShi_OCD_IP.txt（存在同名 YAML ./DiSiFanShi/DiSiFanShi_OCD_IP.yaml）
[2025-09-13 06:34:55] 跳过 TXT：./DiSiFanShi/DiSiFanShi_OCD_Domain.txt（存在同名 YAML ./DiSiFanShi/DiSiFanShi_OCD_Domain.yaml）
[2025-09-13 06:34:55] 跳过 TXT：./Accuweather/Accuweather_OCD_Domain.txt（存在同名 YAML ./Accuweather/Accuweather_OCD_Domain.yaml）
[2025-09-13 06:34:55] 跳过 TXT：./Accuweather/Accuweather_OCD_IP.txt（存在同名 YAML ./Accuweather/Accuweather_OCD_IP.yaml）
[2025-09-13 06:34:55] 跳过 TXT：./PrivateTracker/PrivateTracker_OCD_Domain.txt（存在同名 YAML ./PrivateTracker/PrivateTracker_OCD_Domain.yaml）
[2025-09-13 06:34:55] 跳过 TXT：./PrivateTracker/PrivateTracker_OCD_IP.txt（存在同名 YAML ./PrivateTracker/PrivateTracker_OCD_IP.yaml）
[2025-09-13 06:34:55] 跳过 TXT：./Aerogard/Aerogard_OCD_Domain.txt（存在同名 YAML ./Aerogard/Aerogard_OCD_Domain.yaml）
[2025-09-13 06:34:55] 跳过 TXT：./Aerogard/Aerogard_OCD_IP.txt（存在同名 YAML ./Aerogard/Aerogard_OCD_IP.yaml）
[2025-09-13 06:34:55] 跳过 TXT：./IBM/IBM_OCD_Domain.txt（存在同名 YAML ./IBM/IBM_OCD_Domain.yaml）
[2025-09-13 06:34:55] 跳过 TXT：./IBM/IBM_OCD_IP.txt（存在同名 YAML ./IBM/IBM_OCD_IP.yaml）
[2025-09-13 06:34:55] 跳过 TXT：./Pixiv/Pixiv_OCD_IP.txt（存在同名 YAML ./Pixiv/Pixiv_OCD_IP.yaml）
[2025-09-13 06:34:55] 跳过 TXT：./Pixiv/Pixiv_OCD_Domain.txt（存在同名 YAML ./Pixiv/Pixiv_OCD_Domain.yaml）
[2025-09-13 06:34:55] 跳过 TXT：./Gigabyte/Gigabyte_OCD_Domain.txt（存在同名 YAML ./Gigabyte/Gigabyte_OCD_Domain.yaml）
[2025-09-13 06:34:55] 跳过 TXT：./Gigabyte/Gigabyte_OCD_IP.txt（存在同名 YAML ./Gigabyte/Gigabyte_OCD_IP.yaml）
[2025-09-13 06:34:55] 跳过 TXT：./Spotify/Spotify_OCD_Domain.txt（存在同名 YAML ./Spotify/Spotify_OCD_Domain.yaml）
[2025-09-13 06:34:55] 跳过 TXT：./Spotify/Spotify_OCD_IP.txt（存在同名 YAML ./Spotify/Spotify_OCD_IP.yaml）
[2025-09-13 06:34:55] 跳过 TXT：./WeType/WeType_OCD_Domain.txt（存在同名 YAML ./WeType/WeType_OCD_Domain.yaml）
[2025-09-13 06:34:55] 跳过 TXT：./WeType/WeType_OCD_IP.txt（存在同名 YAML ./WeType/WeType_OCD_IP.yaml）
[2025-09-13 06:34:55] 跳过 TXT：./Twitter/Twitter_OCD_IP.txt（存在同名 YAML ./Twitter/Twitter_OCD_IP.yaml）
[2025-09-13 06:34:55] 跳过 TXT：./Twitter/Twitter_OCD_Domain.txt（存在同名 YAML ./Twitter/Twitter_OCD_Domain.yaml）
[2025-09-13 06:34:55] 跳过 TXT：./Android/Android_OCD_IP.txt（存在同名 YAML ./Android/Android_OCD_IP.yaml）
[2025-09-13 06:34:55] 跳过 TXT：./Android/Android_OCD_Domain.txt（存在同名 YAML ./Android/Android_OCD_Domain.yaml）
[2025-09-13 06:34:55] 跳过 TXT：./JueJin/JueJin_OCD_Domain.txt（存在同名 YAML ./JueJin/JueJin_OCD_Domain.yaml）
[2025-09-13 06:34:55] 跳过 TXT：./JueJin/JueJin_OCD_IP.txt（存在同名 YAML ./JueJin/JueJin_OCD_IP.yaml）
[2025-09-13 06:34:55] 跳过 TXT：./DouYin/DouYin_OCD_IP.txt（存在同名 YAML ./DouYin/DouYin_OCD_IP.yaml）
[2025-09-13 06:34:55] 跳过 TXT：./DouYin/DouYin_OCD_Domain.txt（存在同名 YAML ./DouYin/DouYin_OCD_Domain.yaml）
[2025-09-13 06:34:55] 跳过 TXT：./NBC/NBC_OCD_Domain.txt（存在同名 YAML ./NBC/NBC_OCD_Domain.yaml）
[2025-09-13 06:34:55] 跳过 TXT：./NBC/NBC_OCD_IP.txt（存在同名 YAML ./NBC/NBC_OCD_IP.yaml）
[2025-09-13 06:34:55] 跳过 TXT：./FanFou/FanFou_OCD_IP.txt（存在同名 YAML ./FanFou/FanFou_OCD_IP.yaml）
[2025-09-13 06:34:55] 跳过 TXT：./FanFou/FanFou_OCD_Domain.txt（存在同名 YAML ./FanFou/FanFou_OCD_Domain.yaml）
[2025-09-13 06:34:55] 跳过 TXT：./PPTV/PPTV_OCD_IP.txt（存在同名 YAML ./PPTV/PPTV_OCD_IP.yaml）
[2025-09-13 06:34:55] 跳过 TXT：./PPTV/PPTV_OCD_Domain.txt（存在同名 YAML ./PPTV/PPTV_OCD_Domain.yaml）
[2025-09-13 06:34:55] 跳过 TXT：./Apifox/Apifox_OCD_IP.txt（存在同名 YAML ./Apifox/Apifox_OCD_IP.yaml）
[2025-09-13 06:34:55] 跳过 TXT：./Apifox/Apifox_OCD_Domain.txt（存在同名 YAML ./Apifox/Apifox_OCD_Domain.yaml）
[2025-09-13 06:34:55] 跳过 TXT：./GlobalScholar/GlobalScholar_OCD_IP.txt（存在同名 YAML ./GlobalScholar/GlobalScholar_OCD_IP.yaml）
[2025-09-13 06:34:55] 跳过 TXT：./GlobalScholar/GlobalScholar_OCD_Domain.txt（存在同名 YAML ./GlobalScholar/GlobalScholar_OCD_Domain.yaml）
[2025-09-13 06:34:55] 跳过 TXT：./KingSmith/KingSmith_OCD_Domain.txt（存在同名 YAML ./KingSmith/KingSmith_OCD_Domain.yaml）
[2025-09-13 06:34:55] 跳过 TXT：./KingSmith/KingSmith_OCD_IP.txt（存在同名 YAML ./KingSmith/KingSmith_OCD_IP.yaml）
[2025-09-13 06:34:55] 跳过 TXT：./UC/UC_OCD_IP.txt（存在同名 YAML ./UC/UC_OCD_IP.yaml）
[2025-09-13 06:34:55] 跳过 TXT：./UC/UC_OCD_Domain.txt（存在同名 YAML ./UC/UC_OCD_Domain.yaml）
[2025-09-13 06:34:55] 跳过 TXT：./36kr/36kr_OCD_Domain.txt（存在同名 YAML ./36kr/36kr_OCD_Domain.yaml）
[2025-09-13 06:34:55] 跳过 TXT：./36kr/36kr_OCD_IP.txt（存在同名 YAML ./36kr/36kr_OCD_IP.yaml）
[2025-09-13 06:34:55] 跳过 TXT：./AppleMedia/AppleMedia_OCD_Domain.txt（存在同名 YAML ./AppleMedia/AppleMedia_OCD_Domain.yaml）
[2025-09-13 06:34:55] 跳过 TXT：./AppleMedia/AppleMedia_OCD_IP.txt（存在同名 YAML ./AppleMedia/AppleMedia_OCD_IP.yaml）
[2025-09-13 06:34:55] 跳过 TXT：./DianCeWangKe/DianCeWangKe_OCD_Domain.txt（存在同名 YAML ./DianCeWangKe/DianCeWangKe_OCD_Domain.yaml）
[2025-09-13 06:34:55] 跳过 TXT：./DianCeWangKe/DianCeWangKe_OCD_IP.txt（存在同名 YAML ./DianCeWangKe/DianCeWangKe_OCD_IP.yaml）
[2025-09-13 06:34:55] 跳过 TXT：./HuluJP/HuluJP_OCD_Domain.txt（存在同名 YAML ./HuluJP/HuluJP_OCD_Domain.yaml）
[2025-09-13 06:34:55] 跳过 TXT：./HuluJP/HuluJP_OCD_IP.txt（存在同名 YAML ./HuluJP/HuluJP_OCD_IP.yaml）
[2025-09-13 06:34:55] 跳过 TXT：./YunFanJiaSu/YunFanJiaSu_OCD_IP.txt（存在同名 YAML ./YunFanJiaSu/YunFanJiaSu_OCD_IP.yaml）
[2025-09-13 06:34:55] 跳过 TXT：./YunFanJiaSu/YunFanJiaSu_OCD_Domain.txt（存在同名 YAML ./YunFanJiaSu/YunFanJiaSu_OCD_Domain.yaml）
[2025-09-13 06:34:55] 跳过 TXT：./3dm/3dm_OCD_IP.txt（存在同名 YAML ./3dm/3dm_OCD_IP.yaml）
[2025-09-13 06:34:55] 跳过 TXT：./3dm/3dm_OCD_Domain.txt（存在同名 YAML ./3dm/3dm_OCD_Domain.yaml）
[2025-09-13 06:34:55] 跳过 TXT：./Huffpost/Huffpost_OCD_Domain.txt（存在同名 YAML ./Huffpost/Huffpost_OCD_Domain.yaml）
[2025-09-13 06:34:55] 跳过 TXT：./Huffpost/Huffpost_OCD_IP.txt（存在同名 YAML ./Huffpost/Huffpost_OCD_IP.yaml）
[2025-09-13 06:34:55] 跳过 TXT：./ZhongXingTongXun/ZhongXingTongXun_OCD_Domain.txt（存在同名 YAML ./ZhongXingTongXun/ZhongXingTongXun_OCD_Domain.yaml）
[2025-09-13 06:34:55] 跳过 TXT：./ZhongXingTongXun/ZhongXingTongXun_OCD_IP.txt（存在同名 YAML ./ZhongXingTongXun/ZhongXingTongXun_OCD_IP.yaml）
[2025-09-13 06:34:55] 跳过 TXT：./51Job/51Job_OCD_Domain.txt（存在同名 YAML ./51Job/51Job_OCD_Domain.yaml）
[2025-09-13 06:34:55] 跳过 TXT：./51Job/51Job_OCD_IP.txt（存在同名 YAML ./51Job/51Job_OCD_IP.yaml）
[2025-09-13 06:34:55] 跳过 TXT：./LianMeng/LianMeng_OCD_Domain.txt（存在同名 YAML ./LianMeng/LianMeng_OCD_Domain.yaml）
[2025-09-13 06:34:55] 跳过 TXT：./LianMeng/LianMeng_OCD_IP.txt（存在同名 YAML ./LianMeng/LianMeng_OCD_IP.yaml）
[2025-09-13 06:34:55] 跳过 TXT：./NivodTV/NivodTV_OCD_Domain.txt（存在同名 YAML ./NivodTV/NivodTV_OCD_Domain.yaml）
[2025-09-13 06:34:55] 跳过 TXT：./NivodTV/NivodTV_OCD_IP.txt（存在同名 YAML ./NivodTV/NivodTV_OCD_IP.yaml）
[2025-09-13 06:34:55] 跳过 TXT：./Google/Google_OCD_Domain.txt（存在同名 YAML ./Google/Google_OCD_Domain.yaml）
[2025-09-13 06:34:55] 跳过 TXT：./Google/Google_OCD_IP.txt（存在同名 YAML ./Google/Google_OCD_IP.yaml）
[2025-09-13 06:34:55] 跳过 TXT：./Buypass/Buypass_OCD_IP.txt（存在同名 YAML ./Buypass/Buypass_OCD_IP.yaml）
[2025-09-13 06:34:55] 跳过 TXT：./Buypass/Buypass_OCD_Domain.txt（存在同名 YAML ./Buypass/Buypass_OCD_Domain.yaml）
[2025-09-13 06:34:55] 跳过 TXT：./DangDang/DangDang_OCD_IP.txt（存在同名 YAML ./DangDang/DangDang_OCD_IP.yaml）
[2025-09-13 06:34:55] 跳过 TXT：./DangDang/DangDang_OCD_Domain.txt（存在同名 YAML ./DangDang/DangDang_OCD_Domain.yaml）
[2025-09-13 06:34:55] 跳过 TXT：./Pubmatic/Pubmatic_OCD_IP.txt（存在同名 YAML ./Pubmatic/Pubmatic_OCD_IP.yaml）
[2025-09-13 06:34:55] 跳过 TXT：./Pubmatic/Pubmatic_OCD_Domain.txt（存在同名 YAML ./Pubmatic/Pubmatic_OCD_Domain.yaml）
[2025-09-13 06:34:55] 跳过 TXT：./Reddit/Reddit_OCD_IP.txt（存在同名 YAML ./Reddit/Reddit_OCD_IP.yaml）
[2025-09-13 06:34:55] 跳过 TXT：./Reddit/Reddit_OCD_Domain.txt（存在同名 YAML ./Reddit/Reddit_OCD_Domain.yaml）
[2025-09-13 06:34:55] 跳过 TXT：./Mozilla/Mozilla_OCD_Domain.txt（存在同名 YAML ./Mozilla/Mozilla_OCD_Domain.yaml）
[2025-09-13 06:34:55] 跳过 TXT：./Mozilla/Mozilla_OCD_IP.txt（存在同名 YAML ./Mozilla/Mozilla_OCD_IP.yaml）
[2025-09-13 06:34:55] 跳过 TXT：./Mojitianqi/Mojitianqi_OCD_Domain.txt（存在同名 YAML ./Mojitianqi/Mojitianqi_OCD_Domain.yaml）
[2025-09-13 06:34:55] 跳过 TXT：./Mojitianqi/Mojitianqi_OCD_IP.txt（存在同名 YAML ./Mojitianqi/Mojitianqi_OCD_IP.yaml）
[2025-09-13 06:34:55] 跳过 TXT：./Atlassian/Atlassian_OCD_Domain.txt（存在同名 YAML ./Atlassian/Atlassian_OCD_Domain.yaml）
[2025-09-13 06:34:55] 跳过 TXT：./Atlassian/Atlassian_OCD_IP.txt（存在同名 YAML ./Atlassian/Atlassian_OCD_IP.yaml）
[2025-09-13 06:34:55] 结束阶段：txt -> mrs（回退）
[2025-09-13 06:34:55] convert.sh 执行完毕，变更列表（/home/runner/work/Rule-for-OCD/Rule-for-OCD/changed_mrs_files.txt）：
./PotatoChat/PotatoChat_OCD_Domain.mrs 3b09ff0bd0293a12f4ddcfe99bd4d7b8 -> 017e43f277341d38bb8ae871a3770262
./Overwatch/Overwatch_OCD_Domain.mrs 3b09ff0bd0293a12f4ddcfe99bd4d7b8 -> 017e43f277341d38bb8ae871a3770262
./ChinaIPsBGP/ChinaIPsBGP_OCD_Domain.mrs 3b09ff0bd0293a12f4ddcfe99bd4d7b8 -> 017e43f277341d38bb8ae871a3770262
./WorldofWarcraft/WorldofWarcraft_OCD_Domain.mrs 3b09ff0bd0293a12f4ddcfe99bd4d7b8 -> 017e43f277341d38bb8ae871a3770262
./Stripe/Stripe_OCD_Domain.mrs 3b09ff0bd0293a12f4ddcfe99bd4d7b8 -> 017e43f277341d38bb8ae871a3770262
./Cloud/KingsoftCloud/KingsoftCloud_OCD_Domain.mrs 3b09ff0bd0293a12f4ddcfe99bd4d7b8 -> 017e43f277341d38bb8ae871a3770262
./Cloud/HuaweiCloud/HuaweiCloud_OCD_Domain.mrs 3b09ff0bd0293a12f4ddcfe99bd4d7b8 -> 017e43f277341d38bb8ae871a3770262
./Cloud/AkamaiCloud/AkamaiCloud_OCD_Domain.mrs 3b09ff0bd0293a12f4ddcfe99bd4d7b8 -> 017e43f277341d38bb8ae871a3770262
./Cloud/BaiduCloud/BaiduCloud_OCD_Domain.mrs 3b09ff0bd0293a12f4ddcfe99bd4d7b8 -> 017e43f277341d38bb8ae871a3770262
./Cloud/360Cloud/360Cloud_OCD_Domain.mrs 3b09ff0bd0293a12f4ddcfe99bd4d7b8 -> 017e43f277341d38bb8ae871a3770262
./Cloud/AmazonCloud/AmazonCloud_OCD_Domain.mrs 3b09ff0bd0293a12f4ddcfe99bd4d7b8 -> 017e43f277341d38bb8ae871a3770262
./Cloud/HiNet/HiNet_OCD_Domain.mrs 3b09ff0bd0293a12f4ddcfe99bd4d7b8 -> 017e43f277341d38bb8ae871a3770262
./Cloud/CloudCN/CloudCN_OCD_Domain.mrs 3b09ff0bd0293a12f4ddcfe99bd4d7b8 -> 017e43f277341d38bb8ae871a3770262
./Cloud/NeteaseCloud/NeteaseCloud_OCD_Domain.mrs 3b09ff0bd0293a12f4ddcfe99bd4d7b8 -> 017e43f277341d38bb8ae871a3770262
./Cloud/JingDongCloud/JingDongCloud_OCD_Domain.mrs 3b09ff0bd0293a12f4ddcfe99bd4d7b8 -> 017e43f277341d38bb8ae871a3770262
./Cloud/TencentCloud/TencentCloud_OCD_Domain.mrs 3b09ff0bd0293a12f4ddcfe99bd4d7b8 -> 017e43f277341d38bb8ae871a3770262
./AmazonIP/AmazonIP_OCD_Domain.mrs 3b09ff0bd0293a12f4ddcfe99bd4d7b8 -> 017e43f277341d38bb8ae871a3770262
./GoogleSearch/GoogleSearch_OCD_Domain.mrs 3b09ff0bd0293a12f4ddcfe99bd4d7b8 -> 017e43f277341d38bb8ae871a3770262
./RemoteDesktop/RemoteDesktop_OCD_Domain.mrs 3b09ff0bd0293a12f4ddcfe99bd4d7b8 -> 017e43f277341d38bb8ae871a3770262
./Assassin'sCreed/Assassin'sCreed-Origins/Assassin'sCreed-Origins_OCD_Domain.mrs 3b09ff0bd0293a12f4ddcfe99bd4d7b8 -> 017e43f277341d38bb8ae871a3770262
./Assassin'sCreed/Assassin'sCreed-Odyssey/Assassin'sCreed-Odyssey_OCD_Domain.mrs 3b09ff0bd0293a12f4ddcfe99bd4d7b8 -> 017e43f277341d38bb8ae871a3770262
./TelegramUS/TelegramUS_OCD_Domain.mrs 3b09ff0bd0293a12f4ddcfe99bd4d7b8 -> 017e43f277341d38bb8ae871a3770262
./Hearthstone/Hearthstone_OCD_Domain.mrs 3b09ff0bd0293a12f4ddcfe99bd4d7b8 -> 017e43f277341d38bb8ae871a3770262
./HeroesoftheStorm/HeroesoftheStorm_OCD_Domain.mrs 3b09ff0bd0293a12f4ddcfe99bd4d7b8 -> 017e43f277341d38bb8ae871a3770262
./Game/Assassin'sCreed-Origins/Assassin'sCreed-Origins_OCD_Domain.mrs 3b09ff0bd0293a12f4ddcfe99bd4d7b8 -> 017e43f277341d38bb8ae871a3770262
./Game/Assassin'sCreed-Odyssey/Assassin'sCreed-Odyssey_OCD_Domain.mrs 3b09ff0bd0293a12f4ddcfe99bd4d7b8 -> 017e43f277341d38bb8ae871a3770262
./StarCraftII/StarCraftII_OCD_Domain.mrs 3b09ff0bd0293a12f4ddcfe99bd4d7b8 -> 017e43f277341d38bb8ae871a3770262
./TelegramSG/TelegramSG_OCD_Domain.mrs 3b09ff0bd0293a12f4ddcfe99bd4d7b8 -> 017e43f277341d38bb8ae871a3770262
./DiabloIII/DiabloIII_OCD_Domain.mrs 3b09ff0bd0293a12f4ddcfe99bd4d7b8 -> 017e43f277341d38bb8ae871a3770262
./TelegramNL/TelegramNL_OCD_Domain.mrs 3b09ff0bd0293a12f4ddcfe99bd4d7b8 -> 017e43f277341d38bb8ae871a3770262
./ChinaIPs/ChinaIPsTest/ChinaIPsTest_OCD_Domain.mrs 3b09ff0bd0293a12f4ddcfe99bd4d7b8 -> 017e43f277341d38bb8ae871a3770262
./ChinaIPs/ChinaIPs_OCD_Domain.mrs 3b09ff0bd0293a12f4ddcfe99bd4d7b8 -> 017e43f277341d38bb8ae871a3770262
./Chromecast/Chromecast_OCD_Domain.mrs 3b09ff0bd0293a12f4ddcfe99bd4d7b8 -> 017e43f277341d38bb8ae871a3770262
[2025-09-13 06:34:55] 脚本结束。
